--
-- PostgreSQL database dump
--

\restrict eBTQcZ4wgDpbRnkjY5i3XJ3zojKEawefkblDVtKneM7DYIczwAOABShiz63m2IF

-- Dumped from database version 18.1 (Ubuntu 18.1-1.pgdg24.04+2)
-- Dumped by pg_dump version 18.1 (Ubuntu 18.1-1.pgdg24.04+2)

SET statement_timeout = 0;
SET lock_timeout = 0;
SET idle_in_transaction_session_timeout = 0;
SET transaction_timeout = 0;
SET client_encoding = 'UTF8';
SET standard_conforming_strings = on;
SELECT pg_catalog.set_config('search_path', '', false);
SET check_function_bodies = false;
SET xmloption = content;
SET client_min_messages = warning;
SET row_security = off;

--
-- Name: travel; Type: SCHEMA; Schema: -; Owner: postgres
--

CREATE SCHEMA travel;


ALTER SCHEMA travel OWNER TO postgres;

SET default_tablespace = '';

SET default_table_access_method = heap;

--
-- Name: aircraft; Type: TABLE; Schema: travel; Owner: postgres
--

CREATE TABLE travel.aircraft (
    aircraft_code character varying NOT NULL,
    manufacturer character varying,
    model character varying,
    seats_total integer
);


ALTER TABLE travel.aircraft OWNER TO postgres;

--
-- Name: airport; Type: TABLE; Schema: travel; Owner: postgres
--

CREATE TABLE travel.airport (
    airport_code character varying(3) NOT NULL,
    name character varying,
    city character varying,
    country character varying,
    tz character varying
);


ALTER TABLE travel.airport OWNER TO postgres;

--
-- Name: booking_items; Type: TABLE; Schema: travel; Owner: postgres
--

CREATE TABLE travel.booking_items (
    booking_item_id character varying NOT NULL,
    customer_id character varying,
    flight_id character varying,
    cabin_class character varying,
    fare_family_id character varying,
    price_id character varying
);


ALTER TABLE travel.booking_items OWNER TO postgres;

--
-- Name: bookings; Type: TABLE; Schema: travel; Owner: postgres
--

CREATE TABLE travel.bookings (
    booking_id character varying NOT NULL,
    customer_id character varying NOT NULL,
    hotel_id character varying NOT NULL,
    booking_type text NOT NULL,
    status text NOT NULL,
    confirmation_code text,
    currency character(3) NOT NULL,
    total_amount numeric(10,2) NOT NULL,
    created_at timestamp with time zone DEFAULT now() NOT NULL,
    length_of_stay integer,
    CONSTRAINT bookings_booking_type_check CHECK ((booking_type = ANY (ARRAY['AIR'::text, 'HOTEL'::text]))),
    CONSTRAINT bookings_status_check CHECK ((status = ANY (ARRAY['PENDING_PAYMENT'::text, 'CONFIRMED'::text, 'CANCELLED'::text, 'TICKETED'::text])))
);


ALTER TABLE travel.bookings OWNER TO postgres;

--
-- Name: customers; Type: TABLE; Schema: travel; Owner: postgres
--

CREATE TABLE travel.customers (
    customer_id character varying NOT NULL,
    name character varying,
    phone character varying,
    loyalty_id character varying
);


ALTER TABLE travel.customers OWNER TO postgres;

--
-- Name: events; Type: TABLE; Schema: travel; Owner: postgres
--

CREATE TABLE travel.events (
    event_id character varying NOT NULL,
    entity_id character varying NOT NULL,
    event_ts timestamp with time zone NOT NULL,
    event_name text NOT NULL,
    payload character varying,
    customer_id character varying,
    customer_id2 character varying,
    price_event integer,
    city character varying
);


ALTER TABLE travel.events OWNER TO postgres;

--
-- Name: fare_families; Type: TABLE; Schema: travel; Owner: postgres
--

CREATE TABLE travel.fare_families (
    fare_family_id character varying NOT NULL,
    name character varying,
    bags_included integer,
    change_penalty integer,
    refundability character varying
);


ALTER TABLE travel.fare_families OWNER TO postgres;

--
-- Name: flight_inventory; Type: TABLE; Schema: travel; Owner: postgres
--

CREATE TABLE travel.flight_inventory (
    inventory_id character varying NOT NULL,
    flight_id character varying,
    cabin_class character varying,
    fare_family_id character varying,
    seats_available integer,
    last_updated_ts timestamp with time zone
);


ALTER TABLE travel.flight_inventory OWNER TO postgres;

--
-- Name: COLUMN flight_inventory.cabin_class; Type: COMMENT; Schema: travel; Owner: postgres
--

COMMENT ON COLUMN travel.flight_inventory.cabin_class IS 'ECONOMY|BUSINESS|FIRST';


--
-- Name: flights; Type: TABLE; Schema: travel; Owner: postgres
--

CREATE TABLE travel.flights (
    flight_id character varying NOT NULL,
    carrier_code character varying,
    flight_number character varying,
    flight_date date,
    origin character varying(3),
    destination character varying(3),
    departure_ts timestamp with time zone,
    arrival_ts timestamp with time zone,
    aircraft_code character varying,
    status character varying
);


ALTER TABLE travel.flights OWNER TO postgres;

--
-- Name: COLUMN flights.status; Type: COMMENT; Schema: travel; Owner: postgres
--

COMMENT ON COLUMN travel.flights.status IS 'SCHEDULED | CANCELLED | DELAYED | OPERATED';


--
-- Name: hotel_prices; Type: TABLE; Schema: travel; Owner: postgres
--

CREATE TABLE travel.hotel_prices (
    rate_plan_id character varying NOT NULL,
    hotel_id character varying CONSTRAINT hotel_prices_rate_price_id_not_null NOT NULL,
    date date NOT NULL,
    currency character(3) NOT NULL,
    price_per_night numeric(10,2) NOT NULL,
    tax_included boolean DEFAULT true NOT NULL,
    booking_id character varying NOT NULL
);


ALTER TABLE travel.hotel_prices OWNER TO postgres;

--
-- Name: hotels; Type: TABLE; Schema: travel; Owner: postgres
--

CREATE TABLE travel.hotels (
    hotel_id character varying NOT NULL,
    name text NOT NULL,
    chain text,
    city text NOT NULL,
    country text NOT NULL,
    lat numeric(9,6),
    lon numeric(9,6),
    stars integer,
    CONSTRAINT hotels_stars_check CHECK (((stars >= 1) AND (stars <= 5)))
);


ALTER TABLE travel.hotels OWNER TO postgres;

--
-- Name: inventory; Type: TABLE; Schema: travel; Owner: postgres
--

CREATE TABLE travel.inventory (
    inventory_id character varying NOT NULL,
    hotel_id character varying NOT NULL,
    date date NOT NULL,
    allotment_total integer NOT NULL,
    allotment_sold integer DEFAULT 0 NOT NULL,
    release_period_days integer DEFAULT 0 NOT NULL
);


ALTER TABLE travel.inventory OWNER TO postgres;

--
-- Name: payments; Type: TABLE; Schema: travel; Owner: postgres
--

CREATE TABLE travel.payments (
    payment_id character varying NOT NULL,
    method text NOT NULL,
    amount numeric(10,2) NOT NULL,
    currency character(3) NOT NULL,
    status text NOT NULL,
    authorization_code text,
    created_at timestamp with time zone DEFAULT now() NOT NULL,
    customer_id character varying
);


ALTER TABLE travel.payments OWNER TO postgres;

--
-- Name: prices; Type: TABLE; Schema: travel; Owner: postgres
--

CREATE TABLE travel.prices (
    price_id character varying NOT NULL,
    inventory_id character varying,
    currency character varying,
    base_fare numeric(10,2),
    taxes numeric(10,2),
    total_fare numeric(10,2),
    valid_until_ts timestamp with time zone
);


ALTER TABLE travel.prices OWNER TO postgres;

--
-- Name: routes; Type: TABLE; Schema: travel; Owner: postgres
--

CREATE TABLE travel.routes (
    route_id character varying NOT NULL,
    origin character varying(3),
    destination character varying(3),
    distance_km integer
);


ALTER TABLE travel.routes OWNER TO postgres;

--
-- Name: tickets; Type: TABLE; Schema: travel; Owner: postgres
--

CREATE TABLE travel.tickets (
    ticket_id character varying NOT NULL,
    flight_id character varying,
    issued_ts timestamp with time zone,
    eticket_number character varying,
    status character varying,
    customer_id character varying
);


ALTER TABLE travel.tickets OWNER TO postgres;

--
-- Data for Name: aircraft; Type: TABLE DATA; Schema: travel; Owner: postgres
--

COPY travel.aircraft (aircraft_code, manufacturer, model, seats_total) FROM stdin;
0c9cd04f	Airbus	A320-200	180
1748ee67	Boeing	737-800	189
42e26891	Embraer	E190	114
1eb1efea	Airbus	A321LR	206
bbe59d93	Boeing	767-300ER	269
07be2e8d	Airbus	A320-200	180
280c983e	Boeing	737-800	189
cad7000e	Airbus	A321neo	240
90455e0e	Embraer	E190	114
db6227ea	Airbus	A320-200	180
6d7b5d67	Boeing	737-800	189
d0c75f8a	Embraer	E190	114
4e324d68	Airbus	A321LR	206
70b353b4	Boeing	767-300ER	269
948d60be	Airbus	A320-200	180
772af760	Boeing	737-800	189
ff6d7271	Embraer	E190	114
86c88b1a	Airbus	A321LR	206
a62004e7	Boeing	767-300ER	269
74d75ca4	Airbus	A330-300	300
d185d88d	Boeing	787-9 Dreamliner	296
a2146292	Airbus	A330-300	300
61ffca0b	Boeing	787-9 Dreamliner	296
c55c3b89	Airbus	A330-300	300
0fcc5174	Boeing	787-9 Dreamliner	296
29284b6d	Airbus	A350-900	325
592a8f39	Boeing	777-300ER	396
\.


--
-- Data for Name: airport; Type: TABLE DATA; Schema: travel; Owner: postgres
--

COPY travel.airport (airport_code, name, city, country, tz) FROM stdin;
MAD	Adolfo Suárez Madrid–Barajas	Madrid	Spain	Europe/Madrid
BCN	Barcelona–El Prat	Barcelona	Spain	Europe/Madrid
CDG	Charles de Gaulle	Paris	France	Europe/Paris
LHR	Heathrow	London	United Kingdom	Europe/London
JFK	John F. Kennedy International	New York	USA	America/New_York
PMI	Palma de Mallorca Airport	Palma	Spain	Europe/Madrid
DXB	Dubai International Airport	Dubai	UAE	Asia/Dubai
SCZ	Santa Cruz de la Sierra Airport	Santa Cruz	Bolivia	America/Santa Cruz
\.


--
-- Data for Name: booking_items; Type: TABLE DATA; Schema: travel; Owner: postgres
--

COPY travel.booking_items (booking_item_id, customer_id, flight_id, cabin_class, fare_family_id, price_id) FROM stdin;
748e41d5	8a4b2262	IB662-2026-01-24-MAD-CDG	ECONOMY	BUSFLEX	c9e3484d
68468e6e	9d70c17c	IB468-2026-01-25-MAD-DXB	BUSINESS	FIRST	bb324741
63227219	4d970a7f	IB189-2026-01-23-MAD-PMI	ECONOMY	ECPLUS	f54149e9
823be2ae	80a7a207	IB736-2026-01-26-MAD-PMI	ECONOMY	ECBASIC	84acdcc6
c6561a2a	4515e051	IB673-2026-01-27-MAD-DXB	BUSINESS	ECBASIC	a94f4015
6827af56	60da3a78	IB678-2026-01-26-MAD-SCZ	ECONOMY	BUSLIGHT	654dac1c
db737a99	e96e3c94	IB219-2026-01-22-BCN-LHR	ECONOMY	FIRST	c74697df
f866d5e5	adc191a6	IB822-2026-01-23-MAD-BCN	BUSINESS	BUSLIGHT	8ba73112
b8f40f25	db5421b9	IB548-2026-01-24-MAD-PMI	BUSINESS	BUSLIGHT	7840658b
09705773	3b972b7f	IB793-2026-01-22-MAD-CDG	ECONOMY	BUSLIGHT	d6c0493c
4eb569fe	ec533a6f	IB673-2026-01-27-MAD-DXB	BUSINESS	FIRST	42b239fd
a819a506	13567de0	IB330-2026-01-22-MAD-DXB	BUSINESS	ECPLUS	060bcef7
d5830eef	1e44fee8	IB180-2026-01-29-MAD-SCZ	ECONOMY	ECBASIC	58ad880d
72617b38	e9e45e35	IB964-2026-01-24-BCN-LHR	BUSINESS	ECBASIC	e713f30e
1cdaec56	077545c0	IB183-2026-01-28-MAD-BCN	BUSINESS	BUSFLEX	51e61eee
ea305e45	869aa9e5	IB328-2026-01-23-MAD-CDG	ECONOMY	BUSLIGHT	be7a1be0
f3b6c206	f1f66adf	IB328-2026-01-23-MAD-CDG	ECONOMY	ECFLEX	9903efe3
0078b0db	1269c89f	IB346-2026-01-26-MAD-DXB	BUSINESS	BUSLIGHT	3dcb16e9
fefcc4d0	30aa13f0	IB751-2026-01-23-BCN-LHR	ECONOMY	BUSLIGHT	8674f163
c360d9eb	56a02fdf	IB253-2026-01-27-MAD-PMI	ECONOMY	FIRST	8b8e8944
a537580d	56a02fdf	IB376-2026-01-29-MAD-PMI	ECONOMY	ECBASIC	6e7fdfcb
a94850b6	da44ffe6	IB793-2026-01-22-MAD-CDG	BUSINESS	BUSLIGHT	8c3933a4
f40fcaee	262106e5	IB330-2026-01-22-MAD-DXB	BUSINESS	ECFLEX	8cb3b3ff
fd39c612	3df5a8d0	IB427-2026-01-28-BCN-LHR	ECONOMY	ECPLUS	13668013
a87b458f	de8c2926	IB295-2026-01-24-MAD-SCZ	BUSINESS	FIRST	271789c8
e4f5128f	bd8d258c	IB673-2026-01-27-MAD-DXB	ECONOMY	FIRST	965d34d1
544f6d9d	9558385a	IB943-2026-01-25-MAD-JFK	BUSINESS	ECFLEX	b8780594
03d15c8a	a88786fe	IB662-2026-01-24-MAD-CDG	BUSINESS	BUSLIGHT	a818d705
bcd08d15	5ce4eb4c	IB924-2026-01-28-MAD-JFK	BUSINESS	BUSFLEX	daf9dc8c
302537d3	1bd5ed57	IB249-2026-01-25-MAD-SCZ	BUSINESS	ECBASIC	0ce670d0
06ceac0f	c009e64f	IB197-2026-01-22-MAD-BCN	BUSINESS	ECFLEX	f58ce23b
d4138275	ca019b08	IB793-2026-01-22-MAD-CDG	ECONOMY	FIRST	dbe68b19
e74c4e67	4515e051	IB289-2026-01-26-MAD-JFK	ECONOMY	BUSFLEX	8a4a109a
0c08e450	be170500	IB924-2026-01-28-MAD-JFK	ECONOMY	FIRST	51f159b0
06253b9a	d2dd249d	IB964-2026-01-24-BCN-LHR	ECONOMY	FIRST	2ace7600
01d8d6e8	e9e45e35	IB910-2026-01-23-MAD-DXB	ECONOMY	FIRST	cbf7a909
ec3a29e7	95239495	IB460-2026-01-22-MAD-PMI	ECONOMY	ECPLUS	6630e4aa
12a97e1c	19b3cc88	IB330-2026-01-22-MAD-DXB	ECONOMY	ECBASIC	c5123ffa
bb59a9d2	7aca74a5	IB871-2026-01-23-MAD-JFK	BUSINESS	FIRST	784611de
47e5e7ed	b3a28585	IB669-2026-01-26-MAD-CDG	ECONOMY	ECBASIC	d0500d8b
984de4de	54cd9417	IB725-2026-01-26-BCN-LHR	ECONOMY	ECBASIC	f0586e43
91cc2785	c4d00b37	IB195-2026-01-25-MAD-BCN	ECONOMY	BUSLIGHT	c67f7723
025e8940	167ca9bd	IB793-2026-01-22-MAD-CDG	ECONOMY	ECFLEX	cc17d006
66b25779	13567de0	IB180-2026-01-29-MAD-SCZ	ECONOMY	ECBASIC	0f64e9d8
5e195136	25c4b28f	IB547-2026-01-22-MAD-JFK	BUSINESS	BUSFLEX	c6efbe42
aa0d6995	f104edbc	IB964-2026-01-24-BCN-LHR	ECONOMY	ECFLEX	5d91dac1
0fded675	2f284839	IB678-2026-01-26-MAD-SCZ	ECONOMY	FIRST	07237e69
9ce539cd	cca84bac	IB669-2026-01-26-MAD-CDG	BUSINESS	BUSFLEX	892ae3f2
f28fbcef	4515e051	IB673-2026-01-27-MAD-DXB	ECONOMY	BUSFLEX	8cff8c62
fccd39ec	5c99ab61	IB896-2026-01-28-MAD-PMI	ECONOMY	ECBASIC	6b3e5613
0ba6a198	89e2635c	IB467-2026-01-24-MAD-JFK	BUSINESS	FIRST	816f044c
f6c39580	f1cf4895	IB822-2026-01-23-MAD-BCN	ECONOMY	ECFLEX	0c161288
51d2ca08	267866bf	IB253-2026-01-27-MAD-PMI	ECONOMY	FIRST	a7af1395
a69b8cae	c62981b9	IB328-2026-01-23-MAD-CDG	ECONOMY	BUSFLEX	d62cb4b1
c4886e02	29696027	IB547-2026-01-22-MAD-JFK	BUSINESS	FIRST	ce259cc7
4655b32e	484bf739	IB237-2026-01-26-MAD-BCN	BUSINESS	ECPLUS	518c5640
a50b63d3	02b5a103	IB896-2026-01-28-MAD-PMI	BUSINESS	ECBASIC	f90400fb
439f4508	d541002a	IB547-2026-01-22-MAD-JFK	ECONOMY	BUSLIGHT	bf61f77f
bad3a086	e10e2423	IB766-2026-01-24-MAD-BCN	ECONOMY	ECPLUS	2e03e3a4
9b1e8eff	8a4b2262	IB470-2026-01-24-MAD-DXB	ECONOMY	ECBASIC	e639eb90
5eec9bc1	97c55b40	IB626-2026-01-25-MAD-CDG	ECONOMY	ECFLEX	126d9bee
8b884880	7dec65b5	IB766-2026-01-24-MAD-BCN	ECONOMY	ECBASIC	ff320335
4c289a5c	cc6a14d7	IB142-2026-01-28-MAD-DXB	BUSINESS	BUSFLEX	a307f68f
4e83f08b	adc191a6	IB467-2026-01-24-MAD-JFK	ECONOMY	ECPLUS	31f16a1a
466b2a95	f1f66adf	IB427-2026-01-28-BCN-LHR	ECONOMY	ECBASIC	82108632
c6e961e8	767dbf58	IB249-2026-01-25-MAD-SCZ	BUSINESS	ECBASIC	eff199da
1225826b	b6eceef7	IB725-2026-01-26-BCN-LHR	ECONOMY	ECPLUS	9da2fb15
02cb0391	15345b41	IB249-2026-01-25-MAD-SCZ	ECONOMY	ECBASIC	5420ed5b
d94cff10	1af22276	IB736-2026-01-26-MAD-PMI	ECONOMY	BUSLIGHT	763c8e5e
4c1cd89e	7ae79fd3	IB467-2026-01-24-MAD-JFK	BUSINESS	ECPLUS	3a2349ce
87880664	dc161f95	IB470-2026-01-24-MAD-DXB	ECONOMY	ECFLEX	25e796ac
57502448	97c55b40	IB183-2026-01-28-MAD-BCN	ECONOMY	BUSLIGHT	708f6f4c
d3a0bb48	f1f66adf	IB651-2026-01-22-MAD-SCZ	ECONOMY	FIRST	cf9d9463
89a44d56	c03c69c5	IB357-2026-01-28-MAD-SCZ	BUSINESS	BUSLIGHT	29cde82f
ff4ab8ea	29696027	IB924-2026-01-28-MAD-JFK	ECONOMY	ECBASIC	4854866e
50a464ec	0f58766b	IB896-2026-01-28-MAD-PMI	ECONOMY	BUSFLEX	810c72e8
05719567	c52c461f	IB766-2026-01-24-MAD-BCN	ECONOMY	BUSFLEX	29a93717
b2e68cfc	6ce66803	IB103-2026-01-27-MAD-JFK	ECONOMY	ECBASIC	3f30edfb
42e49072	c75f27fb	IB896-2026-01-28-MAD-PMI	BUSINESS	ECFLEX	f137acec
6993aa74	167ca9bd	IB626-2026-01-25-MAD-CDG	BUSINESS	BUSLIGHT	2d780caa
4e14d956	844f140d	IB119-2026-01-27-MAD-CDG	ECONOMY	BUSFLEX	6679db0f
da6004e6	5c1272b3	IB793-2026-01-22-MAD-CDG	ECONOMY	FIRST	da99b9f3
f01ab7f9	1a8afe2d	IB460-2026-01-22-MAD-PMI	BUSINESS	BUSFLEX	83413c43
1e4b7589	aeaca7e5	IB896-2026-01-28-MAD-PMI	ECONOMY	ECBASIC	0beb1ef0
587da46d	d32e5b8c	IB910-2026-01-23-MAD-DXB	BUSINESS	ECBASIC	3c49732a
add57f7c	51229442	IB792-2026-01-25-MAD-PMI	BUSINESS	ECBASIC	8b67e63b
c0290bc0	02b5a103	IB964-2026-01-24-BCN-LHR	BUSINESS	FIRST	75b12734
b1af38a3	a8362c2e	IB376-2026-01-29-MAD-PMI	ECONOMY	ECFLEX	fc3ca1f3
a4c5947d	e96e3c94	IB622-2026-01-27-MAD-BCN	BUSINESS	ECFLEX	d66e361a
e8104b07	94cc4991	IB548-2026-01-24-MAD-PMI	ECONOMY	ECFLEX	ec416826
5acabf09	5c1272b3	IB792-2026-01-25-MAD-PMI	BUSINESS	ECFLEX	eac9fd77
ed1226be	2e673cd9	IB215-2026-01-23-MAD-SCZ	ECONOMY	ECFLEX	3ed012a7
9ef9de6c	9e88aaa4	IB673-2026-01-27-MAD-DXB	ECONOMY	ECBASIC	9af125d2
01442ce1	19b3cc88	IB725-2026-01-26-BCN-LHR	ECONOMY	BUSFLEX	6a29169b
09eced6c	caee2576	IB195-2026-01-25-MAD-BCN	BUSINESS	ECFLEX	4bedcf52
4ece0df3	2a8cf94b	IB697-2026-01-27-BCN-LHR	ECONOMY	ECPLUS	dd0d2f44
2dd258cb	7dec65b5	IB547-2026-01-22-MAD-JFK	ECONOMY	FIRST	8f3be761
05f3c483	02b5a103	IB460-2026-01-22-MAD-PMI	ECONOMY	BUSFLEX	f8a2ea1e
3544d646	b6eceef7	IB189-2026-01-23-MAD-PMI	BUSINESS	FIRST	f1b6a037
6ff9582e	e9e45e35	IB697-2026-01-27-BCN-LHR	ECONOMY	FIRST	07733126
54f558dc	344c0cc0	IB822-2026-01-23-MAD-BCN	ECONOMY	BUSLIGHT	d1d6dc6d
e20c6ac1	c17aa6c1	IB548-2026-01-24-MAD-PMI	ECONOMY	ECFLEX	e318dbe6
5ecb5484	0da5fb99	IB924-2026-01-28-MAD-JFK	BUSINESS	FIRST	89d850be
0ee0eecc	0acd98ff	IB197-2026-01-22-MAD-BCN	ECONOMY	BUSFLEX	1fa0db5e
72aeb5f6	d2dd249d	IB943-2026-01-25-MAD-JFK	ECONOMY	ECPLUS	3d5702de
c91e5924	26f1e58a	IB678-2026-01-26-MAD-SCZ	BUSINESS	ECFLEX	c82d4684
630e78f0	e3c87aa6	IB346-2026-01-26-MAD-DXB	ECONOMY	ECBASIC	c96fd17d
90044e2e	94cc4991	IB195-2026-01-25-MAD-BCN	ECONOMY	BUSFLEX	da8104f6
06cbb8ac	7db037a9	IB725-2026-01-26-BCN-LHR	BUSINESS	BUSFLEX	512a7f85
0f0626ac	e9bec207	IB662-2026-01-24-MAD-CDG	BUSINESS	ECFLEX	82a0a13e
95fe6d64	03f27563	IB237-2026-01-26-MAD-BCN	BUSINESS	ECBASIC	21be6ac8
3b8b6253	8c9cd4c2	IB626-2026-01-25-MAD-CDG	BUSINESS	ECPLUS	c81ba979
a7601199	20a706d1	IB548-2026-01-24-MAD-PMI	BUSINESS	BUSLIGHT	00069848
71e32a96	b81e911b	IB245-2026-01-28-MAD-CDG	BUSINESS	ECBASIC	28439791
18bf8ce4	88821e8b	IB183-2026-01-28-MAD-BCN	ECONOMY	BUSFLEX	c5f7104e
6c2f8bfd	147b4c93	IB673-2026-01-27-MAD-DXB	BUSINESS	FIRST	cc7dd0cd
b12bcc69	267866bf	IB183-2026-01-28-MAD-BCN	ECONOMY	ECBASIC	79e9a309
eb8cb826	8ca22a46	IB793-2026-01-22-MAD-CDG	BUSINESS	BUSLIGHT	66c8eafa
6ded287f	0c004ba0	IB468-2026-01-25-MAD-DXB	BUSINESS	ECBASIC	45335463
7dc8cb04	1269c89f	IB249-2026-01-25-MAD-SCZ	ECONOMY	BUSFLEX	ad46a2a6
9b0aa092	ff205bc9	IB391-2026-01-29-BCN-LHR	ECONOMY	BUSFLEX	aeab0941
67201629	43480a39	IB330-2026-01-22-MAD-DXB	ECONOMY	FIRST	069d3322
b4f7d407	b83d9ca7	IB871-2026-01-23-MAD-JFK	ECONOMY	ECFLEX	bb4c2427
bbf3bf1d	ff5c0ad3	IB249-2026-01-25-MAD-SCZ	BUSINESS	BUSFLEX	d4c52680
2a33541b	bd63282d	IB678-2026-01-26-MAD-SCZ	BUSINESS	ECFLEX	14536c8e
cf9f3a26	02b5a103	IB587-2026-01-27-MAD-SCZ	BUSINESS	ECPLUS	0372b5b8
84a45e4f	9d70c17c	IB669-2026-01-26-MAD-CDG	BUSINESS	ECFLEX	42575a28
c2671c20	6e8afdb9	IB346-2026-01-26-MAD-DXB	ECONOMY	ECPLUS	5d7347f9
bd009d2d	73ed2115	IB673-2026-01-27-MAD-DXB	BUSINESS	BUSLIGHT	1b67d10a
e60e8268	a8e00fa8	IB736-2026-01-26-MAD-PMI	BUSINESS	BUSLIGHT	8d0574ca
04a92a50	2141c76f	IB662-2026-01-24-MAD-CDG	ECONOMY	ECFLEX	f19db85b
803d4efa	1af22276	IB273-2026-01-29-MAD-BCN	ECONOMY	ECFLEX	cf971f46
b5738799	1e5c3e96	IB793-2026-01-22-MAD-CDG	BUSINESS	ECPLUS	ba6213fb
9c242053	29696027	IB142-2026-01-28-MAD-DXB	BUSINESS	ECFLEX	8fbe3155
4b943946	9a0ff9f0	IB183-2026-01-28-MAD-BCN	BUSINESS	ECBASIC	6d385f2b
d7af2fcd	de869752	IB253-2026-01-27-MAD-PMI	BUSINESS	BUSFLEX	81fa3017
77360cf1	4623e2e5	IB237-2026-01-26-MAD-BCN	ECONOMY	ECFLEX	f4b214c2
14ac5b6e	f215ee7a	IB267-2026-01-25-BCN-LHR	BUSINESS	BUSLIGHT	f3099645
2d58a3f5	02960cb6	IB669-2026-01-26-MAD-CDG	ECONOMY	BUSFLEX	e0b561ea
931aab07	a8362c2e	IB910-2026-01-23-MAD-DXB	ECONOMY	BUSLIGHT	d6936424
e94f9314	19b3cc88	IB697-2026-01-27-BCN-LHR	BUSINESS	ECBASIC	16eba1ad
85924227	a8362c2e	IB189-2026-01-23-MAD-PMI	ECONOMY	BUSLIGHT	e45b366e
34663cf8	b83d9ca7	IB924-2026-01-28-MAD-JFK	BUSINESS	BUSLIGHT	c540f1cb
b981b255	df3d971c	IB273-2026-01-29-MAD-BCN	ECONOMY	FIRST	065fd3ed
6f1dbdcb	77e848b5	IB215-2026-01-23-MAD-SCZ	BUSINESS	BUSFLEX	8846c01b
a0315c33	107484d5	IB669-2026-01-26-MAD-CDG	BUSINESS	ECFLEX	6e26cd5e
7cc3408d	3a18400c	IB548-2026-01-24-MAD-PMI	BUSINESS	BUSLIGHT	46981bc4
ecc2de3a	f104edbc	IB871-2026-01-23-MAD-JFK	ECONOMY	ECFLEX	c717b8f9
0453175d	371f8a70	IB391-2026-01-29-BCN-LHR	ECONOMY	BUSFLEX	0fcde4ea
fcc108d2	4fb1a934	IB267-2026-01-25-BCN-LHR	ECONOMY	FIRST	95f07287
11f84f3d	caee2576	IB391-2026-01-29-BCN-LHR	ECONOMY	ECPLUS	de7ccda9
52ce35f3	8f0fefb7	IB289-2026-01-26-MAD-JFK	ECONOMY	ECBASIC	d0fd0e8d
713d0a85	707f7374	IB729-2026-01-29-MAD-CDG	BUSINESS	BUSLIGHT	0c2d19cd
189f5425	767dbf58	IB330-2026-01-22-MAD-DXB	BUSINESS	BUSLIGHT	6df619b0
a9d85167	b83d9ca7	IB357-2026-01-28-MAD-SCZ	BUSINESS	BUSFLEX	c1922e19
ce3d3a9d	ed104453	IB673-2026-01-27-MAD-DXB	BUSINESS	ECPLUS	d331f83a
4daf1b85	b81e911b	IB289-2026-01-26-MAD-JFK	ECONOMY	ECPLUS	5311a689
071dcc19	ca019b08	IB725-2026-01-26-BCN-LHR	ECONOMY	BUSFLEX	c40a57b2
d15f8fbe	df01be6f	IB792-2026-01-25-MAD-PMI	BUSINESS	BUSLIGHT	8c24f4a6
2fe62438	f9b1da8c	IB587-2026-01-27-MAD-SCZ	ECONOMY	ECBASIC	7f652f62
c5fdf993	767dbf58	IB626-2026-01-25-MAD-CDG	ECONOMY	BUSFLEX	5abe3cd8
37a14a6a	ed104453	IB245-2026-01-28-MAD-CDG	ECONOMY	ECPLUS	e644988e
5c03fd58	9e881897	IB871-2026-01-23-MAD-JFK	ECONOMY	ECFLEX	cf20f53c
41d97934	d506cfea	IB725-2026-01-26-BCN-LHR	BUSINESS	BUSFLEX	2e301c8f
c76833fb	8c9cd4c2	IB792-2026-01-25-MAD-PMI	BUSINESS	ECFLEX	325b916e
d72c7e39	8f8a6047	IB910-2026-01-23-MAD-DXB	BUSINESS	ECFLEX	bb704daa
56df0402	8ca22a46	IB189-2026-01-23-MAD-PMI	ECONOMY	ECBASIC	c1d4524e
e7591ea8	cc6a14d7	IB678-2026-01-26-MAD-SCZ	BUSINESS	ECFLEX	b3d730a6
07f6f178	9a089867	IB289-2026-01-26-MAD-JFK	ECONOMY	BUSLIGHT	87c7c8a6
907b7736	6c707f62	IB736-2026-01-26-MAD-PMI	BUSINESS	ECBASIC	cfd8288c
a98ef4d5	4c9c0c62	IB725-2026-01-26-BCN-LHR	ECONOMY	FIRST	4a254fd5
48c939f7	8fd62e85	IB180-2026-01-29-MAD-SCZ	ECONOMY	FIRST	20457ce1
5093e1b8	f9b1da8c	IB792-2026-01-25-MAD-PMI	BUSINESS	ECBASIC	92835e22
24162c35	00c9b43b	IB468-2026-01-25-MAD-DXB	ECONOMY	FIRST	65f25577
11406998	0235d7e9	IB119-2026-01-27-MAD-CDG	ECONOMY	BUSLIGHT	84924343
bd7498f8	8582671b	IB871-2026-01-23-MAD-JFK	ECONOMY	ECBASIC	d454b227
5d31139a	7b81aa91	IB202-2026-01-29-MAD-DXB	ECONOMY	FIRST	004a784a
44642372	c4f7cdd5	IB391-2026-01-29-BCN-LHR	ECONOMY	ECFLEX	db34c2e1
0bf039df	56950a23	IB896-2026-01-28-MAD-PMI	BUSINESS	BUSFLEX	da0d8692
20b9730a	88821e8b	IB943-2026-01-25-MAD-JFK	ECONOMY	BUSFLEX	779df468
8dfe9fce	0da5fb99	IB669-2026-01-26-MAD-CDG	BUSINESS	FIRST	41405799
322ff323	dc161f95	IB547-2026-01-22-MAD-JFK	BUSINESS	BUSFLEX	9bd00314
5fdf6149	8fa493ce	IB678-2026-01-26-MAD-SCZ	BUSINESS	BUSLIGHT	e4987c5f
d9033227	9a089867	IB467-2026-01-24-MAD-JFK	BUSINESS	ECPLUS	dde41d92
85ca3c53	975a8d58	IB467-2026-01-24-MAD-JFK	ECONOMY	FIRST	93ef8277
a5ff6de1	4fb1a934	IB273-2026-01-29-MAD-BCN	BUSINESS	BUSLIGHT	72ea3534
2252f74a	59bbca9b	IB725-2026-01-26-BCN-LHR	ECONOMY	ECFLEX	f87b612e
bd404c78	95239495	IB964-2026-01-24-BCN-LHR	ECONOMY	ECBASIC	55fbae8e
b9bbb742	b6912e98	IB678-2026-01-26-MAD-SCZ	BUSINESS	ECBASIC	6296a62c
818daa43	8ca22a46	IB871-2026-01-23-MAD-JFK	ECONOMY	ECPLUS	3c4fc947
bb4089ac	4515e051	IB626-2026-01-25-MAD-CDG	BUSINESS	BUSLIGHT	a2375b32
817a6ecd	4515e051	IB289-2026-01-26-MAD-JFK	BUSINESS	FIRST	68d9313e
c1ae780c	9fb284cb	IB943-2026-01-25-MAD-JFK	ECONOMY	ECFLEX	c2d62d10
1b65a4ef	1f9779a5	IB215-2026-01-23-MAD-SCZ	BUSINESS	ECFLEX	87fc7ae3
038af578	1fa35020	IB267-2026-01-25-BCN-LHR	ECONOMY	ECFLEX	e25afc75
12f2acbe	0f58766b	IB460-2026-01-22-MAD-PMI	BUSINESS	BUSFLEX	bcb9c1be
e0657353	371f8a70	IB587-2026-01-27-MAD-SCZ	ECONOMY	ECPLUS	e1776c7a
ece09840	b83d9ca7	IB460-2026-01-22-MAD-PMI	BUSINESS	FIRST	63e71eab
09a4130c	bd63282d	IB267-2026-01-25-BCN-LHR	ECONOMY	ECBASIC	911e3505
5f09b3d0	aa0c0083	IB142-2026-01-28-MAD-DXB	ECONOMY	BUSFLEX	b50016a1
fd69c693	fc22dc2a	IB678-2026-01-26-MAD-SCZ	ECONOMY	ECFLEX	bd86b51b
7303cab4	406416dd	IB274-2026-01-29-MAD-JFK	BUSINESS	FIRST	a34c1cb5
5c7c117b	46898e5c	IB376-2026-01-29-MAD-PMI	BUSINESS	BUSFLEX	b9805717
40882b6c	b0595b9e	IB195-2026-01-25-MAD-BCN	ECONOMY	BUSFLEX	940b5213
426a41ae	b1947cb6	IB725-2026-01-26-BCN-LHR	ECONOMY	ECPLUS	0349a9bc
3fcbfd2f	c03c69c5	IB391-2026-01-29-BCN-LHR	ECONOMY	ECBASIC	7890528f
7defbd9f	15345b41	IB678-2026-01-26-MAD-SCZ	BUSINESS	ECFLEX	2bd9c5ba
dc376e5f	cadc8163	IB793-2026-01-22-MAD-CDG	ECONOMY	BUSFLEX	73b21b15
62d47128	e6746d85	IB910-2026-01-23-MAD-DXB	ECONOMY	FIRST	e2b7eb2c
71638fd6	7dec65b5	IB766-2026-01-24-MAD-BCN	BUSINESS	BUSLIGHT	724ed3db
09eedf38	7a846c2f	IB142-2026-01-28-MAD-DXB	ECONOMY	ECFLEX	e975ac58
52b9fdf6	107484d5	IB470-2026-01-24-MAD-DXB	BUSINESS	FIRST	d842face
37452bbd	47a5134a	IB330-2026-01-22-MAD-DXB	BUSINESS	BUSFLEX	a7eacfa6
d4c0f916	bd357688	IB330-2026-01-22-MAD-DXB	BUSINESS	FIRST	33113611
162fc5ca	8ef3a63a	IB943-2026-01-25-MAD-JFK	BUSINESS	BUSFLEX	6c36206f
b91bae92	35f566c6	IB910-2026-01-23-MAD-DXB	ECONOMY	ECFLEX	4acd1535
a31c0978	639ab155	IB103-2026-01-27-MAD-JFK	BUSINESS	FIRST	d5ee3eb7
d3ab8afe	0c004ba0	IB215-2026-01-23-MAD-SCZ	BUSINESS	ECFLEX	cc2a8660
40f325af	767dbf58	IB330-2026-01-22-MAD-DXB	ECONOMY	BUSLIGHT	ac284386
9c8f0ec0	9e881897	IB924-2026-01-28-MAD-JFK	ECONOMY	BUSFLEX	c7f064bf
0609f7c2	e9bec207	IB189-2026-01-23-MAD-PMI	BUSINESS	ECFLEX	17c369e3
ede7454d	5881435d	IB274-2026-01-29-MAD-JFK	ECONOMY	ECPLUS	65dca0a8
b195dbfe	be170500	IB295-2026-01-24-MAD-SCZ	BUSINESS	BUSFLEX	f17df707
7b30d234	6ce66803	IB273-2026-01-29-MAD-BCN	BUSINESS	FIRST	5ae96247
bc041269	e96e3c94	IB346-2026-01-26-MAD-DXB	BUSINESS	BUSFLEX	ff504d8b
b51d7c23	aeaca7e5	IB249-2026-01-25-MAD-SCZ	ECONOMY	ECBASIC	b0cad7cc
589b6fce	f5f465cf	IB274-2026-01-29-MAD-JFK	ECONOMY	FIRST	c09566d2
501debfd	8f0fefb7	IB391-2026-01-29-BCN-LHR	BUSINESS	ECFLEX	80b5220f
7e15dd69	9558385a	IB587-2026-01-27-MAD-SCZ	BUSINESS	BUSLIGHT	d5639ff0
2d9d744d	79489de3	IB547-2026-01-22-MAD-JFK	ECONOMY	ECPLUS	bc7e4458
ad70bf7d	79489de3	IB822-2026-01-23-MAD-BCN	ECONOMY	BUSFLEX	a7fc8503
45165322	4fb1a934	IB183-2026-01-28-MAD-BCN	ECONOMY	ECFLEX	dfa96c7a
47a226ed	29e8ff76	IB792-2026-01-25-MAD-PMI	ECONOMY	BUSFLEX	ceb95682
4bc71afe	7aca74a5	IB697-2026-01-27-BCN-LHR	ECONOMY	ECFLEX	82d7dedb
4841d607	b81e911b	IB142-2026-01-28-MAD-DXB	ECONOMY	ECBASIC	5147209f
08a7b70b	1269c89f	IB103-2026-01-27-MAD-JFK	BUSINESS	ECFLEX	832cdbd7
53b33e76	b6912e98	IB547-2026-01-22-MAD-JFK	ECONOMY	BUSLIGHT	b7f698be
6e3f2602	60da3a78	IB751-2026-01-23-BCN-LHR	ECONOMY	BUSLIGHT	0e2cb467
cf156c50	b0595b9e	IB622-2026-01-27-MAD-BCN	BUSINESS	ECBASIC	a67b8b76
20b9bd6b	56a02fdf	IB183-2026-01-28-MAD-BCN	BUSINESS	BUSLIGHT	d8bba1f3
39a2aabe	19b3cc88	IB662-2026-01-24-MAD-CDG	ECONOMY	ECPLUS	d896c4c7
2ebda548	35b3b902	IB237-2026-01-26-MAD-BCN	ECONOMY	ECPLUS	1745e251
d5d41bff	43480a39	IB924-2026-01-28-MAD-JFK	ECONOMY	FIRST	8935f494
2edb56e3	4f911c69	IB195-2026-01-25-MAD-BCN	BUSINESS	FIRST	d5da7a91
891651f8	b65a4092	IB793-2026-01-22-MAD-CDG	BUSINESS	ECPLUS	17774dbf
1b4f1dff	9ae426af	IB924-2026-01-28-MAD-JFK	BUSINESS	BUSLIGHT	65dd6216
3979dfd3	d506cfea	IB376-2026-01-29-MAD-PMI	BUSINESS	BUSFLEX	53a3c200
68d5e686	2fee01ed	IB964-2026-01-24-BCN-LHR	ECONOMY	ECBASIC	7ee1681c
c607dafe	76a74baf	IB673-2026-01-27-MAD-DXB	ECONOMY	BUSFLEX	9657c9e9
2c313587	ab8ee69a	IB467-2026-01-24-MAD-JFK	BUSINESS	ECFLEX	288d9884
cb97f119	35f566c6	IB678-2026-01-26-MAD-SCZ	ECONOMY	ECPLUS	4fbc12e8
3fd235e7	6b3097b6	IB295-2026-01-24-MAD-SCZ	ECONOMY	BUSFLEX	f0ae35f6
f04597f8	e96e3c94	IB622-2026-01-27-MAD-BCN	ECONOMY	FIRST	a61c1dd1
422b3c63	050c69d4	IB267-2026-01-25-BCN-LHR	BUSINESS	ECPLUS	30da468b
ac964f56	c8828009	IB142-2026-01-28-MAD-DXB	BUSINESS	ECBASIC	822b0f03
d3a36063	5c99ab61	IB180-2026-01-29-MAD-SCZ	ECONOMY	ECBASIC	b31bbfc7
97c4bd5f	95239495	IB391-2026-01-29-BCN-LHR	BUSINESS	ECBASIC	439ed12b
c839d53b	9558385a	IB330-2026-01-22-MAD-DXB	ECONOMY	FIRST	8bc60f5f
62af6002	6881d5df	IB391-2026-01-29-BCN-LHR	ECONOMY	ECPLUS	849d2d4b
c4ea374e	abda005a	IB651-2026-01-22-MAD-SCZ	ECONOMY	BUSFLEX	80022c16
12613a38	8c9cd4c2	IB725-2026-01-26-BCN-LHR	ECONOMY	FIRST	46773da1
843c2fc5	a88786fe	IB119-2026-01-27-MAD-CDG	ECONOMY	FIRST	d916b71d
79abca18	7ae79fd3	IB587-2026-01-27-MAD-SCZ	BUSINESS	FIRST	b9161ce1
dab05403	76ae8233	IB924-2026-01-28-MAD-JFK	ECONOMY	BUSLIGHT	79ff8969
9a578aa6	13567de0	IB910-2026-01-23-MAD-DXB	ECONOMY	ECBASIC	96438e1e
0ba09b91	c583fcb2	IB822-2026-01-23-MAD-BCN	BUSINESS	BUSLIGHT	b6eace5a
e509d0fe	30aa13f0	IB587-2026-01-27-MAD-SCZ	BUSINESS	FIRST	ffdec28e
9a419ae4	cc6a14d7	IB215-2026-01-23-MAD-SCZ	ECONOMY	FIRST	fc97ec00
5cecf752	d2dd249d	IB391-2026-01-29-BCN-LHR	BUSINESS	ECBASIC	73ac81d3
ac8c0d0b	19b3cc88	IB245-2026-01-28-MAD-CDG	BUSINESS	BUSFLEX	9174e6b3
6c8bd355	b48a4586	IB697-2026-01-27-BCN-LHR	BUSINESS	BUSLIGHT	4ed8e823
aa91dc66	8f0fefb7	IB253-2026-01-27-MAD-PMI	ECONOMY	BUSFLEX	542c4fdf
2d5eb7c6	83d402cd	IB460-2026-01-22-MAD-PMI	BUSINESS	ECPLUS	9df4e7ad
be9d9425	f104edbc	IB751-2026-01-23-BCN-LHR	ECONOMY	ECFLEX	e507d88c
3b81f27f	4f911c69	IB871-2026-01-23-MAD-JFK	ECONOMY	ECPLUS	a9e15e81
1a035b52	03f27563	IB467-2026-01-24-MAD-JFK	BUSINESS	ECBASIC	9ac66a1e
e6b4f7d6	01eed269	IB330-2026-01-22-MAD-DXB	ECONOMY	ECFLEX	4eec3972
4e1bae94	1c1f026d	IB729-2026-01-29-MAD-CDG	ECONOMY	BUSFLEX	0922e1f5
cb585e81	bd357688	IB180-2026-01-29-MAD-SCZ	ECONOMY	FIRST	72d34d98
a2e70d75	2f284839	IB183-2026-01-28-MAD-BCN	BUSINESS	ECPLUS	963f5f40
9853c6f9	f1cf4895	IB669-2026-01-26-MAD-CDG	ECONOMY	BUSFLEX	d83c8125
edd06710	a8362c2e	IB295-2026-01-24-MAD-SCZ	ECONOMY	ECPLUS	69e185c7
055c6016	639ab155	IB183-2026-01-28-MAD-BCN	ECONOMY	BUSFLEX	fd11a517
b3c04b80	74ecdd17	IB662-2026-01-24-MAD-CDG	ECONOMY	ECFLEX	6341e54f
33d0f506	c583fcb2	IB651-2026-01-22-MAD-SCZ	ECONOMY	ECBASIC	f52b4c90
c067a118	95239495	IB467-2026-01-24-MAD-JFK	BUSINESS	ECBASIC	b759520e
e9f4c568	9558385a	IB896-2026-01-28-MAD-PMI	ECONOMY	ECPLUS	fb9fae21
a8b32cc6	5c99ab61	IB822-2026-01-23-MAD-BCN	ECONOMY	BUSFLEX	df564b7f
56580b74	8a4b2262	IB219-2026-01-22-BCN-LHR	BUSINESS	BUSFLEX	1519f6f4
99abf667	3e4caae1	IB678-2026-01-26-MAD-SCZ	BUSINESS	FIRST	7861c543
a3dd4a84	02960cb6	IB274-2026-01-29-MAD-JFK	ECONOMY	BUSFLEX	bc75077d
8cff0778	d506cfea	IB103-2026-01-27-MAD-JFK	ECONOMY	ECBASIC	488af1bb
24d2dc42	e1118880	IB751-2026-01-23-BCN-LHR	BUSINESS	BUSLIGHT	02352547
08b4941b	050c69d4	IB697-2026-01-27-BCN-LHR	ECONOMY	ECPLUS	96c96797
6e844a31	95239495	IB245-2026-01-28-MAD-CDG	ECONOMY	BUSLIGHT	49e688d0
9da7c1be	1af22276	IB896-2026-01-28-MAD-PMI	ECONOMY	FIRST	dc909edf
6427fc2d	cca84bac	IB119-2026-01-27-MAD-CDG	ECONOMY	ECPLUS	2f31ffac
2ee24579	fc22dc2a	IB253-2026-01-27-MAD-PMI	ECONOMY	ECFLEX	a9f88d83
bac5ab6a	89e2635c	IB673-2026-01-27-MAD-DXB	ECONOMY	ECPLUS	d6a73d09
11f4d8e4	20a706d1	IB662-2026-01-24-MAD-CDG	ECONOMY	ECPLUS	97f14d18
24eb71c2	3a18400c	IB766-2026-01-24-MAD-BCN	BUSINESS	ECPLUS	e86bbe52
2fea86bd	b9a46334	IB189-2026-01-23-MAD-PMI	ECONOMY	FIRST	b0d842b6
7e46036c	13e2c732	IB330-2026-01-22-MAD-DXB	BUSINESS	ECFLEX	01c01459
5ba60484	de8c2926	IB215-2026-01-23-MAD-SCZ	BUSINESS	BUSLIGHT	a5e160c1
e5fa84fb	325086de	IB183-2026-01-28-MAD-BCN	BUSINESS	ECPLUS	6caaca59
772e1dae	43480a39	IB391-2026-01-29-BCN-LHR	ECONOMY	ECPLUS	228ce1f1
d68c7e58	e6720a59	IB195-2026-01-25-MAD-BCN	BUSINESS	ECPLUS	9c50a6e8
fa600528	0c004ba0	IB792-2026-01-25-MAD-PMI	BUSINESS	BUSFLEX	f08b72fc
93f692ac	f4caefa4	IB376-2026-01-29-MAD-PMI	ECONOMY	BUSFLEX	15c799c7
6579298b	e094871a	IB295-2026-01-24-MAD-SCZ	BUSINESS	ECBASIC	58f7fa5b
dc49f913	e3a6f945	IB548-2026-01-24-MAD-PMI	BUSINESS	BUSFLEX	f5a9818e
89ea25ef	0e903fb3	IB697-2026-01-27-BCN-LHR	BUSINESS	ECFLEX	10d0f83e
74a54c43	2ab6f6bc	IB357-2026-01-28-MAD-SCZ	ECONOMY	ECPLUS	f528e1ee
1aa01294	3df5a8d0	IB964-2026-01-24-BCN-LHR	BUSINESS	ECBASIC	3739f06d
81a46e6e	069e4821	IB669-2026-01-26-MAD-CDG	BUSINESS	BUSLIGHT	e44df348
dbeaa197	1af22276	IB253-2026-01-27-MAD-PMI	ECONOMY	ECFLEX	ea8595e1
2169d473	94ba147e	IB180-2026-01-29-MAD-SCZ	ECONOMY	ECFLEX	1076155c
da3bec23	f366ec03	IB197-2026-01-22-MAD-BCN	ECONOMY	BUSLIGHT	11b0ab9d
5acc9cb3	e6720a59	IB183-2026-01-28-MAD-BCN	ECONOMY	ECFLEX	d003520a
e3d08dfc	74ecdd17	IB924-2026-01-28-MAD-JFK	BUSINESS	ECPLUS	1c608c2c
ba9a3cfa	c75f27fb	IB289-2026-01-26-MAD-JFK	ECONOMY	ECFLEX	f6be2061
0da46e67	88821e8b	IB622-2026-01-27-MAD-BCN	ECONOMY	FIRST	46afca7b
3e931306	480d4540	IB273-2026-01-29-MAD-BCN	ECONOMY	ECPLUS	3057c93b
ede0e7bc	dc161f95	IB346-2026-01-26-MAD-DXB	ECONOMY	BUSFLEX	e8fce718
d456de25	344c0cc0	IB669-2026-01-26-MAD-CDG	BUSINESS	BUSFLEX	1f09835e
108cbda0	3d53babf	IB273-2026-01-29-MAD-BCN	BUSINESS	BUSFLEX	a494590d
925c0cc6	aa0c0083	IB678-2026-01-26-MAD-SCZ	ECONOMY	ECFLEX	beea8760
9d834fca	90eb48ab	IB376-2026-01-29-MAD-PMI	ECONOMY	ECPLUS	90f3340c
decca9f2	edfd3a41	IB729-2026-01-29-MAD-CDG	ECONOMY	BUSFLEX	c11edc4b
ad160af7	5620c9cc	IB793-2026-01-22-MAD-CDG	BUSINESS	ECFLEX	961e951f
55aef39e	5c99ab61	IB678-2026-01-26-MAD-SCZ	BUSINESS	FIRST	228eafb5
6e5ccb2e	76a74baf	IB245-2026-01-28-MAD-CDG	ECONOMY	BUSLIGHT	c0f635cb
4c7858cb	2dbfd6c5	IB427-2026-01-28-BCN-LHR	BUSINESS	ECBASIC	1522a6e5
b24267d6	e9e45e35	IB673-2026-01-27-MAD-DXB	ECONOMY	FIRST	637a8880
76ebb1b9	497fb030	IB202-2026-01-29-MAD-DXB	BUSINESS	ECFLEX	53e050f6
d038dcf6	1c1f026d	IB662-2026-01-24-MAD-CDG	ECONOMY	ECFLEX	e93c07c1
ffde8a9f	4623e2e5	IB267-2026-01-25-BCN-LHR	ECONOMY	FIRST	8ebb6e38
c2c7863d	59540e34	IB427-2026-01-28-BCN-LHR	ECONOMY	FIRST	7a037249
57e08bdb	2d5a6086	IB197-2026-01-22-MAD-BCN	ECONOMY	ECPLUS	49db1938
4b4b16af	aa914110	IB822-2026-01-23-MAD-BCN	BUSINESS	ECFLEX	50dcd2a7
343a3cdd	d32e5b8c	IB626-2026-01-25-MAD-CDG	ECONOMY	BUSFLEX	a01d3c1d
413ddc71	43480a39	IB274-2026-01-29-MAD-JFK	BUSINESS	BUSLIGHT	8df134cf
a90a0ea6	59540e34	IB924-2026-01-28-MAD-JFK	ECONOMY	ECBASIC	1526a952
6237216d	01a4334e	IB964-2026-01-24-BCN-LHR	ECONOMY	BUSFLEX	5917fc7f
00571ba2	94cc4991	IB678-2026-01-26-MAD-SCZ	ECONOMY	BUSLIGHT	f9e22085
72024d0c	cae6a133	IB924-2026-01-28-MAD-JFK	ECONOMY	FIRST	218358e6
9128083f	8f0fefb7	IB376-2026-01-29-MAD-PMI	BUSINESS	ECFLEX	c6076835
1ade2979	f4caefa4	IB673-2026-01-27-MAD-DXB	BUSINESS	BUSFLEX	51c35e74
37e4daed	874dd800	IB470-2026-01-24-MAD-DXB	BUSINESS	ECBASIC	eabca2b6
6fd8cb7c	cb2842f9	IB697-2026-01-27-BCN-LHR	ECONOMY	ECBASIC	ef08bd20
0a2c4d51	88821e8b	IB673-2026-01-27-MAD-DXB	ECONOMY	BUSFLEX	816a625b
75ef2034	bd63282d	IB792-2026-01-25-MAD-PMI	ECONOMY	FIRST	5eb8afb9
0a5cabb1	e0c7d58b	IB467-2026-01-24-MAD-JFK	BUSINESS	ECPLUS	3f3c4d6a
bd9fa51e	1e44fee8	IB195-2026-01-25-MAD-BCN	ECONOMY	BUSFLEX	9058688a
15c9eb4d	dfe87ee6	IB662-2026-01-24-MAD-CDG	BUSINESS	BUSLIGHT	9de7da99
cd570e7c	e6746d85	IB376-2026-01-29-MAD-PMI	BUSINESS	BUSLIGHT	c7152a3a
3aa08adb	e3a6f945	IB183-2026-01-28-MAD-BCN	BUSINESS	ECPLUS	7aaa64e2
a4349283	f8b1e349	IB697-2026-01-27-BCN-LHR	ECONOMY	BUSLIGHT	109efcc2
4126f935	79489de3	IB964-2026-01-24-BCN-LHR	BUSINESS	BUSFLEX	1748ac6f
2c002600	7aca74a5	IB330-2026-01-22-MAD-DXB	ECONOMY	ECPLUS	fb7caeca
921e9a3b	aadd4bf5	IB189-2026-01-23-MAD-PMI	ECONOMY	FIRST	67a3c785
d62494fd	7b81aa91	IB103-2026-01-27-MAD-JFK	BUSINESS	ECPLUS	5660599c
fc265817	7a7af763	IB792-2026-01-25-MAD-PMI	BUSINESS	FIRST	896e03fb
f9cc9f9a	3df5a8d0	IB587-2026-01-27-MAD-SCZ	BUSINESS	BUSLIGHT	d70b9a81
1d30b123	9360edf2	IB792-2026-01-25-MAD-PMI	BUSINESS	ECPLUS	166fd97a
b9f90b14	147b4c93	IB766-2026-01-24-MAD-BCN	BUSINESS	ECPLUS	d4228171
2e71426b	2141c76f	IB673-2026-01-27-MAD-DXB	ECONOMY	BUSLIGHT	64d6eda7
6741f99d	325086de	IB751-2026-01-23-BCN-LHR	BUSINESS	FIRST	3af184ff
1ca4b9dd	96dc0e89	IB237-2026-01-26-MAD-BCN	BUSINESS	FIRST	b1b0a2f5
5bd382c3	a8e00fa8	IB273-2026-01-29-MAD-BCN	BUSINESS	ECFLEX	c909fd79
fcbabc3c	adc191a6	IB289-2026-01-26-MAD-JFK	BUSINESS	ECBASIC	0c3ed6f3
433b3134	875d2dbe	IB237-2026-01-26-MAD-BCN	BUSINESS	FIRST	68775290
d9ddc49b	2141c76f	IB896-2026-01-28-MAD-PMI	ECONOMY	ECPLUS	f0f4b2e2
c65eb339	71119e2b	IB245-2026-01-28-MAD-CDG	ECONOMY	BUSLIGHT	9800c036
1cd9dd69	19b3cc88	IB792-2026-01-25-MAD-PMI	BUSINESS	ECPLUS	284d5974
abb9f945	422d896c	IB328-2026-01-23-MAD-CDG	BUSINESS	ECBASIC	b80a4eaf
2527e0b7	b8759768	IB792-2026-01-25-MAD-PMI	BUSINESS	ECPLUS	35feb95e
b93d77d2	d2423176	IB295-2026-01-24-MAD-SCZ	BUSINESS	ECPLUS	9a7b1168
25b8daf8	02960cb6	IB376-2026-01-29-MAD-PMI	ECONOMY	BUSFLEX	15977352
2e1182c5	069e4821	IB943-2026-01-25-MAD-JFK	ECONOMY	BUSLIGHT	7a77ae21
2a1b8372	5e1740c0	IB328-2026-01-23-MAD-CDG	ECONOMY	FIRST	abd4f89e
780559d0	869aa9e5	IB669-2026-01-26-MAD-CDG	BUSINESS	ECFLEX	464e9e90
385323cc	9ae426af	IB822-2026-01-23-MAD-BCN	ECONOMY	BUSFLEX	6a0a1aa2
e4422134	08096c1f	IB330-2026-01-22-MAD-DXB	ECONOMY	ECBASIC	b05b4f45
e25bc04a	d32e5b8c	IB622-2026-01-27-MAD-BCN	BUSINESS	ECFLEX	8bdb3f58
d1ad78bd	3b972b7f	IB119-2026-01-27-MAD-CDG	ECONOMY	ECPLUS	0915928d
309fe58a	975a8d58	IB357-2026-01-28-MAD-SCZ	ECONOMY	ECBASIC	ab677781
f8491495	d25a636b	IB547-2026-01-22-MAD-JFK	ECONOMY	BUSFLEX	c90567f2
6681dd4f	069e4821	IB183-2026-01-28-MAD-BCN	BUSINESS	BUSFLEX	62cf7042
ebf36ca8	4f911c69	IB119-2026-01-27-MAD-CDG	ECONOMY	BUSFLEX	237f2736
bb50436c	b9a46334	IB896-2026-01-28-MAD-PMI	ECONOMY	ECFLEX	0222e1a3
6dbb3909	8582671b	IB427-2026-01-28-BCN-LHR	BUSINESS	ECPLUS	90e7528e
e32ad1cf	e094871a	IB183-2026-01-28-MAD-BCN	ECONOMY	BUSLIGHT	01021964
c555d744	7ae79fd3	IB871-2026-01-23-MAD-JFK	ECONOMY	FIRST	31d0e8e8
85d0f963	b43fdba1	IB470-2026-01-24-MAD-DXB	ECONOMY	BUSLIGHT	b7f56a71
e7f0fe19	dc161f95	IB896-2026-01-28-MAD-PMI	ECONOMY	BUSFLEX	b00bb1e3
79efcc0e	6881d5df	IB295-2026-01-24-MAD-SCZ	BUSINESS	ECPLUS	b52e91a9
d1450188	59bbca9b	IB467-2026-01-24-MAD-JFK	ECONOMY	ECPLUS	613675fb
3f2901d3	9ae426af	IB460-2026-01-22-MAD-PMI	ECONOMY	ECBASIC	05175e90
1730057f	de8c2926	IB197-2026-01-22-MAD-BCN	BUSINESS	ECBASIC	df91139f
b6bfa997	063de543	IB467-2026-01-24-MAD-JFK	ECONOMY	ECBASIC	ab2f01e2
97eefb53	ca019b08	IB662-2026-01-24-MAD-CDG	ECONOMY	ECBASIC	09ecd679
bc438e81	aeaca7e5	IB346-2026-01-26-MAD-DXB	BUSINESS	ECBASIC	8f82e6fd
e63dd0c6	dca9914e	IB391-2026-01-29-BCN-LHR	ECONOMY	FIRST	944a680f
e72b290d	aa914110	IB587-2026-01-27-MAD-SCZ	BUSINESS	ECBASIC	46a5a407
42047b23	5620c9cc	IB267-2026-01-25-BCN-LHR	BUSINESS	BUSFLEX	e7713150
5c22a7b9	de8c2926	IB195-2026-01-25-MAD-BCN	BUSINESS	BUSFLEX	62927c36
edd940ce	97c55b40	IB822-2026-01-23-MAD-BCN	BUSINESS	ECBASIC	b28326f1
2460e87b	4515e051	IB678-2026-01-26-MAD-SCZ	BUSINESS	BUSFLEX	b386ef35
aa30c373	e6746d85	IB673-2026-01-27-MAD-DXB	BUSINESS	ECFLEX	adfc5594
94be3d07	f8b1e349	IB468-2026-01-25-MAD-DXB	ECONOMY	FIRST	d74b9c6a
94040484	01a4334e	IB189-2026-01-23-MAD-PMI	BUSINESS	FIRST	dfb9a0e3
f7c9080d	fc6fa769	IB202-2026-01-29-MAD-DXB	ECONOMY	ECFLEX	b0266020
ce408dba	c62981b9	IB357-2026-01-28-MAD-SCZ	ECONOMY	ECBASIC	4a445532
4f53754f	fc6fa769	IB622-2026-01-27-MAD-BCN	ECONOMY	FIRST	476fc57d
5ea62c70	e9bec207	IB328-2026-01-23-MAD-CDG	ECONOMY	ECBASIC	ebb60a8d
9b5d4384	02961c5a	IB427-2026-01-28-BCN-LHR	ECONOMY	ECFLEX	d1d3439c
e21b461f	1269c89f	IB467-2026-01-24-MAD-JFK	ECONOMY	BUSFLEX	3325e245
abd762b8	4f911c69	IB103-2026-01-27-MAD-JFK	ECONOMY	ECBASIC	83d2dca3
27b7b7f0	ff205bc9	IB587-2026-01-27-MAD-SCZ	ECONOMY	ECPLUS	5a563ad5
9af54f2e	24712329	IB330-2026-01-22-MAD-DXB	BUSINESS	ECPLUS	3d08e4b7
38c5a091	406416dd	IB195-2026-01-25-MAD-BCN	ECONOMY	FIRST	085c1263
ab1110eb	cca84bac	IB964-2026-01-24-BCN-LHR	ECONOMY	FIRST	fb434462
fe02ff77	ff205bc9	IB197-2026-01-22-MAD-BCN	BUSINESS	FIRST	89b4cb18
c42dcc24	59540e34	IB910-2026-01-23-MAD-DXB	BUSINESS	BUSFLEX	ce731c37
78cbdc6b	0da5fb99	IB736-2026-01-26-MAD-PMI	BUSINESS	ECFLEX	a9e39131
9cd69a59	077545c0	IB237-2026-01-26-MAD-BCN	ECONOMY	BUSFLEX	8b269b52
e5c9b4ac	95239495	IB427-2026-01-28-BCN-LHR	BUSINESS	ECPLUS	1ae0bf65
059db37b	001d93f0	IB215-2026-01-23-MAD-SCZ	BUSINESS	BUSFLEX	e91f4244
f802f034	be170500	IB751-2026-01-23-BCN-LHR	ECONOMY	ECPLUS	52f382a9
186e3991	636a90e5	IB427-2026-01-28-BCN-LHR	ECONOMY	BUSLIGHT	8413258f
5d20e4b0	24712329	IB460-2026-01-22-MAD-PMI	ECONOMY	FIRST	90191d04
220bbbcd	82adbcfd	IB678-2026-01-26-MAD-SCZ	ECONOMY	BUSLIGHT	5a1b211a
7ff7cdf3	6e8afdb9	IB119-2026-01-27-MAD-CDG	ECONOMY	FIRST	4b7b8021
70a525d3	518abb91	IB697-2026-01-27-BCN-LHR	BUSINESS	BUSFLEX	fd8898d1
ea41f861	e1118880	IB678-2026-01-26-MAD-SCZ	BUSINESS	ECBASIC	78c807f6
8eec054b	ad734ead	IB142-2026-01-28-MAD-DXB	BUSINESS	FIRST	67bb5643
fe434377	e10e2423	IB467-2026-01-24-MAD-JFK	BUSINESS	ECPLUS	c66387d5
ce764338	3c6e644e	IB330-2026-01-22-MAD-DXB	BUSINESS	BUSFLEX	a9548231
443fe01b	763b5033	IB673-2026-01-27-MAD-DXB	BUSINESS	ECBASIC	8cd37543
7671e231	63832a3d	IB587-2026-01-27-MAD-SCZ	BUSINESS	ECPLUS	3467c92f
7c7fd5fa	dcd0d3ee	IB202-2026-01-29-MAD-DXB	BUSINESS	ECBASIC	f08ab86e
36887c1d	6c707f62	IB357-2026-01-28-MAD-SCZ	BUSINESS	ECFLEX	25dfa398
3c7f67ca	8f0fefb7	IB964-2026-01-24-BCN-LHR	ECONOMY	FIRST	7d57c98b
e117c35a	c52c461f	IB427-2026-01-28-BCN-LHR	BUSINESS	BUSFLEX	f4f9258d
e715f6c3	069e4821	IB245-2026-01-28-MAD-CDG	BUSINESS	BUSLIGHT	678318f1
8d4bb165	3a18400c	IB725-2026-01-26-BCN-LHR	ECONOMY	ECFLEX	b4bbf77c
7fb4ea58	20a706d1	IB195-2026-01-25-MAD-BCN	BUSINESS	BUSFLEX	89758a9d
c81fc138	8fa493ce	IB792-2026-01-25-MAD-PMI	BUSINESS	FIRST	e5500f09
2f6f9ddc	874dd800	IB427-2026-01-28-BCN-LHR	ECONOMY	ECPLUS	43254cbf
95dd37be	6b3097b6	IB964-2026-01-24-BCN-LHR	ECONOMY	FIRST	5b662c57
30a573e1	e76d6b15	IB766-2026-01-24-MAD-BCN	ECONOMY	ECBASIC	531991fa
556e50b4	636a90e5	IB673-2026-01-27-MAD-DXB	ECONOMY	BUSLIGHT	315d1a46
9f7f4de6	875d2dbe	IB725-2026-01-26-BCN-LHR	BUSINESS	BUSLIGHT	7f4f96dc
1754b4ea	8665e7ee	IB253-2026-01-27-MAD-PMI	ECONOMY	ECFLEX	28a7cfe9
033071d4	7db037a9	IB202-2026-01-29-MAD-DXB	ECONOMY	ECBASIC	26d776ac
2f1a4240	0e4f72f2	IB673-2026-01-27-MAD-DXB	ECONOMY	ECPLUS	00a59b86
09c378a1	9d70c17c	IB548-2026-01-24-MAD-PMI	BUSINESS	ECFLEX	4c3283ea
761c6178	7ae79fd3	IB215-2026-01-23-MAD-SCZ	ECONOMY	ECPLUS	b1b5be27
e67fef41	97c55b40	IB871-2026-01-23-MAD-JFK	ECONOMY	ECPLUS	9b5fc5c5
8f47cc0b	4d970a7f	IB751-2026-01-23-BCN-LHR	ECONOMY	FIRST	9f51e2b9
0d922892	f1cf4895	IB547-2026-01-22-MAD-JFK	ECONOMY	ECFLEX	66d852f2
faa4c3a3	fd085fbe	IB197-2026-01-22-MAD-BCN	ECONOMY	ECBASIC	50e8e4b8
3ba8ea79	ff5c0ad3	IB548-2026-01-24-MAD-PMI	ECONOMY	FIRST	e5896480
3b5b2b18	d25a636b	IB792-2026-01-25-MAD-PMI	ECONOMY	BUSFLEX	7243bea1
3c680615	9e88aaa4	IB697-2026-01-27-BCN-LHR	BUSINESS	ECFLEX	99e36567
06f20d92	43480a39	IB183-2026-01-28-MAD-BCN	ECONOMY	ECPLUS	458f9beb
bd0e0c1f	6c707f62	IB871-2026-01-23-MAD-JFK	ECONOMY	FIRST	876e6dd8
a3ff2375	0e903fb3	IB219-2026-01-22-BCN-LHR	BUSINESS	BUSFLEX	ebe8699c
a44fa931	c03c69c5	IB678-2026-01-26-MAD-SCZ	ECONOMY	ECBASIC	4277068d
c6b29487	20a706d1	IB195-2026-01-25-MAD-BCN	ECONOMY	ECPLUS	22f5eb67
6a9137e7	9360edf2	IB792-2026-01-25-MAD-PMI	BUSINESS	FIRST	b137a1c7
7f7e0edf	cb047f4f	IB943-2026-01-25-MAD-JFK	ECONOMY	ECBASIC	e4954227
ab33a539	25c4b28f	IB697-2026-01-27-BCN-LHR	BUSINESS	ECFLEX	9eed7c7e
182a0973	01eed269	IB793-2026-01-22-MAD-CDG	ECONOMY	BUSLIGHT	8648809e
95f56c36	079f1c0e	IB792-2026-01-25-MAD-PMI	BUSINESS	BUSFLEX	52fab11a
326f4ce0	114db53d	IB548-2026-01-24-MAD-PMI	BUSINESS	BUSFLEX	e1200d48
7d299a72	c62981b9	IB736-2026-01-26-MAD-PMI	ECONOMY	BUSFLEX	7837c32b
0dd8ecbe	9fb284cb	IB289-2026-01-26-MAD-JFK	ECONOMY	BUSFLEX	1cd09668
ceb6092c	6f3df24c	IB622-2026-01-27-MAD-BCN	ECONOMY	ECPLUS	fe819484
555cf6f1	3a18400c	IB468-2026-01-25-MAD-DXB	BUSINESS	FIRST	302dfe11
ef8f764c	102a243d	IB274-2026-01-29-MAD-JFK	BUSINESS	ECPLUS	69b158f6
7fcdca20	5c99ab61	IB587-2026-01-27-MAD-SCZ	ECONOMY	BUSLIGHT	ea74c77c
641d9c48	f3c36c86	IB119-2026-01-27-MAD-CDG	BUSINESS	BUSFLEX	a108a27d
de30dcd9	ca019b08	IB587-2026-01-27-MAD-SCZ	ECONOMY	ECBASIC	3674d6b3
32f5081c	079f1c0e	IB197-2026-01-22-MAD-BCN	ECONOMY	ECBASIC	8559536a
87d6a7c5	fc22dc2a	IB871-2026-01-23-MAD-JFK	BUSINESS	ECFLEX	2da32dc0
4f71523e	99f2e8b7	IB669-2026-01-26-MAD-CDG	BUSINESS	BUSLIGHT	31e77cbb
6200b966	3d5bf0c3	IB267-2026-01-25-BCN-LHR	ECONOMY	BUSFLEX	085c9f01
6610e7cd	35f566c6	IB467-2026-01-24-MAD-JFK	ECONOMY	ECFLEX	3ec8a80b
51fabec5	89e2635c	IB651-2026-01-22-MAD-SCZ	ECONOMY	BUSLIGHT	475a1983
9f1839a9	de869752	IB729-2026-01-29-MAD-CDG	BUSINESS	FIRST	459d9900
ae355206	9558385a	IB119-2026-01-27-MAD-CDG	BUSINESS	ECFLEX	1a1e6899
e4a4ae20	2f284839	IB197-2026-01-22-MAD-BCN	ECONOMY	ECPLUS	59369ad0
ba04e5d1	5c285415	IB678-2026-01-26-MAD-SCZ	BUSINESS	ECBASIC	a9cf44ea
3d67e271	636a90e5	IB391-2026-01-29-BCN-LHR	ECONOMY	ECBASIC	d2f20d95
4c142982	60da3a78	IB697-2026-01-27-BCN-LHR	ECONOMY	BUSFLEX	64ddc290
692029ef	02b1e646	IB346-2026-01-26-MAD-DXB	BUSINESS	ECPLUS	569e63e5
8453458b	43480a39	IB197-2026-01-22-MAD-BCN	BUSINESS	BUSFLEX	ece98bdc
7eaafd61	8fd62e85	IB273-2026-01-29-MAD-BCN	BUSINESS	ECFLEX	4816a5d5
69f0f8e9	03f27563	IB267-2026-01-25-BCN-LHR	ECONOMY	ECFLEX	ef5686f1
b30480d2	d32e5b8c	IB180-2026-01-29-MAD-SCZ	BUSINESS	FIRST	cba600ae
b6084de1	b48a4586	IB793-2026-01-22-MAD-CDG	ECONOMY	FIRST	311a1a5e
e168b1a0	aeaca7e5	IB662-2026-01-24-MAD-CDG	BUSINESS	ECFLEX	91e24d1d
701d38b0	f76bd670	IB391-2026-01-29-BCN-LHR	ECONOMY	FIRST	8f604f67
43c0ecf9	975a8d58	IB871-2026-01-23-MAD-JFK	BUSINESS	BUSLIGHT	9d9770e1
48e77afa	f104edbc	IB249-2026-01-25-MAD-SCZ	BUSINESS	BUSFLEX	a40fa3d6
d9548758	0acd98ff	IB330-2026-01-22-MAD-DXB	BUSINESS	BUSFLEX	ea8a738d
cac82bde	1bd5ed57	IB197-2026-01-22-MAD-BCN	ECONOMY	BUSFLEX	cf77201a
5bf4e110	9e88aaa4	IB669-2026-01-26-MAD-CDG	ECONOMY	FIRST	f94a5f87
167e4394	767dbf58	IB964-2026-01-24-BCN-LHR	BUSINESS	ECPLUS	526780e5
154941c9	35f566c6	IB119-2026-01-27-MAD-CDG	ECONOMY	FIRST	77ef58c8
22f2f924	59540e34	IB766-2026-01-24-MAD-BCN	BUSINESS	BUSLIGHT	6d9f4794
9449ccfd	59bbca9b	IB249-2026-01-25-MAD-SCZ	BUSINESS	ECFLEX	7f3cc070
a0b15a8e	a187c1d1	IB943-2026-01-25-MAD-JFK	ECONOMY	BUSLIGHT	8644ab9a
8fc57938	94bd64e3	IB896-2026-01-28-MAD-PMI	ECONOMY	BUSLIGHT	ec75470d
1adcad04	b8759768	IB289-2026-01-26-MAD-JFK	BUSINESS	ECPLUS	6a03a9b2
6f24f76e	20a706d1	IB626-2026-01-25-MAD-CDG	ECONOMY	ECBASIC	4a5cd1b5
e97da847	2fee01ed	IB470-2026-01-24-MAD-DXB	BUSINESS	FIRST	14b9d4e8
9967fef8	abda005a	IB427-2026-01-28-BCN-LHR	ECONOMY	BUSLIGHT	6b3b25f0
737c903f	30aa13f0	IB195-2026-01-25-MAD-BCN	BUSINESS	ECFLEX	84f99c75
0f9f7a1d	f9b1da8c	IB328-2026-01-23-MAD-CDG	ECONOMY	ECPLUS	44313d8b
897cbd8c	54cd9417	IB910-2026-01-23-MAD-DXB	BUSINESS	ECFLEX	0afeb36a
806eba69	1269c89f	IB376-2026-01-29-MAD-PMI	ECONOMY	FIRST	a1c8b024
8e8db227	8f8a6047	IB587-2026-01-27-MAD-SCZ	BUSINESS	BUSFLEX	d791c8d5
1531493d	c75f27fb	IB626-2026-01-25-MAD-CDG	BUSINESS	ECBASIC	26916c5c
35ee0ca5	0e903fb3	IB910-2026-01-23-MAD-DXB	ECONOMY	BUSLIGHT	b08a8465
232bba59	147b4c93	IB924-2026-01-28-MAD-JFK	BUSINESS	FIRST	c6c3c0fd
43282424	c4f7cdd5	IB964-2026-01-24-BCN-LHR	ECONOMY	ECPLUS	f0e2339f
c5537820	c918a633	IB289-2026-01-26-MAD-JFK	BUSINESS	BUSFLEX	c50b7afe
e3cc625b	95239495	IB793-2026-01-22-MAD-CDG	BUSINESS	BUSLIGHT	6e602c86
1810f3ad	19b3cc88	IB470-2026-01-24-MAD-DXB	BUSINESS	BUSFLEX	e8c5dc38
9c7e0f6d	7ae79fd3	IB548-2026-01-24-MAD-PMI	BUSINESS	BUSLIGHT	0f83b04b
241751db	480d4540	IB736-2026-01-26-MAD-PMI	ECONOMY	ECPLUS	4c5ec08f
7b472b9c	1d18dcb6	IB622-2026-01-27-MAD-BCN	ECONOMY	ECPLUS	186ad595
bb3667f8	11339f9b	IB328-2026-01-23-MAD-CDG	BUSINESS	ECPLUS	ee09c2e0
7cdf055e	88fbb994	IB964-2026-01-24-BCN-LHR	BUSINESS	ECPLUS	598755a7
f3f85e44	7a7af763	IB766-2026-01-24-MAD-BCN	BUSINESS	ECPLUS	f3a66464
55674579	23b01d07	IB673-2026-01-27-MAD-DXB	BUSINESS	BUSFLEX	28d55f8c
021bc8e6	95239495	IB267-2026-01-25-BCN-LHR	BUSINESS	ECFLEX	39b45cb1
3eaedc79	24712329	IB346-2026-01-26-MAD-DXB	ECONOMY	FIRST	c872ac6b
ccdf2858	76a74baf	IB427-2026-01-28-BCN-LHR	ECONOMY	ECPLUS	ab00d7ee
59549a46	ad734ead	IB273-2026-01-29-MAD-BCN	BUSINESS	BUSFLEX	dcd301a7
534897fd	639ab155	IB751-2026-01-23-BCN-LHR	ECONOMY	FIRST	ab4c7da5
f47f80fb	e76d6b15	IB669-2026-01-26-MAD-CDG	BUSINESS	ECPLUS	cefffcd3
8445f630	4f911c69	IB964-2026-01-24-BCN-LHR	ECONOMY	ECFLEX	4518ba71
4e68d4f7	875d2dbe	IB376-2026-01-29-MAD-PMI	BUSINESS	ECFLEX	f69540d4
41947ffe	406416dd	IB249-2026-01-25-MAD-SCZ	ECONOMY	ECPLUS	56eb4725
08bdd0c7	077545c0	IB871-2026-01-23-MAD-JFK	ECONOMY	BUSLIGHT	1178c2ae
32d28840	b0595b9e	IB427-2026-01-28-BCN-LHR	ECONOMY	BUSLIGHT	49bf98f8
c1a082b0	c009e64f	IB330-2026-01-22-MAD-DXB	BUSINESS	ECPLUS	dec43224
efce6403	02961c5a	IB751-2026-01-23-BCN-LHR	ECONOMY	ECFLEX	543a106f
f90ded81	f1f66adf	IB245-2026-01-28-MAD-CDG	BUSINESS	ECFLEX	322e7881
20086a47	d2423176	IB328-2026-01-23-MAD-CDG	BUSINESS	FIRST	c461ca3e
db6c00c5	b83d9ca7	IB793-2026-01-22-MAD-CDG	BUSINESS	ECFLEX	e2e8c084
7f648ec9	57905a5c	IB245-2026-01-28-MAD-CDG	BUSINESS	ECPLUS	688af6eb
a511b7c0	1269c89f	IB357-2026-01-28-MAD-SCZ	ECONOMY	ECPLUS	aa72e6d7
775967c1	6e8afdb9	IB289-2026-01-26-MAD-JFK	ECONOMY	ECFLEX	137ec981
23864141	8582671b	IB964-2026-01-24-BCN-LHR	BUSINESS	BUSLIGHT	e248e0c5
89a4be3a	cc6a14d7	IB669-2026-01-26-MAD-CDG	BUSINESS	ECPLUS	39e5e456
45215273	b1947cb6	IB142-2026-01-28-MAD-DXB	ECONOMY	BUSLIGHT	6694c1d0
d625c36c	56950a23	IB964-2026-01-24-BCN-LHR	ECONOMY	BUSLIGHT	af33907b
075ab5c3	7a7af763	IB470-2026-01-24-MAD-DXB	BUSINESS	ECFLEX	145a0931
25477697	c4f7cdd5	IB896-2026-01-28-MAD-PMI	ECONOMY	ECBASIC	33e266b4
0d6ef3ff	c75f27fb	IB215-2026-01-23-MAD-SCZ	BUSINESS	FIRST	ad5482c5
5f782f90	402defd3	IB736-2026-01-26-MAD-PMI	ECONOMY	ECPLUS	6cbfb6fe
6c0a22f6	77e848b5	IB964-2026-01-24-BCN-LHR	ECONOMY	BUSLIGHT	cc7eb545
15b48637	ce10922d	IB295-2026-01-24-MAD-SCZ	BUSINESS	BUSFLEX	58995700
d0004074	6b67a717	IB103-2026-01-27-MAD-JFK	BUSINESS	FIRST	d1e178d5
4c0157b4	abda005a	IB427-2026-01-28-BCN-LHR	BUSINESS	BUSFLEX	6059a479
c0b3e0b2	cca84bac	IB662-2026-01-24-MAD-CDG	BUSINESS	ECPLUS	19e521e2
4e9ed66f	edfd3a41	IB896-2026-01-28-MAD-PMI	BUSINESS	ECFLEX	ffc1bfd5
781ed855	ad734ead	IB678-2026-01-26-MAD-SCZ	ECONOMY	ECBASIC	cf6b4194
6c144fb1	30aa13f0	IB189-2026-01-23-MAD-PMI	BUSINESS	BUSFLEX	4b8ef708
fb37d5b8	e76d6b15	IB651-2026-01-22-MAD-SCZ	BUSINESS	BUSLIGHT	5708e8b1
8a6b9e51	147b4c93	IB328-2026-01-23-MAD-CDG	BUSINESS	ECPLUS	c0f20d4b
\.


--
-- Data for Name: bookings; Type: TABLE DATA; Schema: travel; Owner: postgres
--

COPY travel.bookings (booking_id, customer_id, hotel_id, booking_type, status, confirmation_code, currency, total_amount, created_at, length_of_stay) FROM stdin;
c0e0201f	f366ec03	3aaf0cc6	AIR	PENDING_PAYMENT	PNRFE0630	EUR	217.00	2026-01-22 21:01:38.976906+01	4
b0c9afff	3d53babf	3aaf0cc6	HOTEL	TICKETED	PNRC7D5CA	EUR	131.00	2026-01-22 21:01:38.977216+01	5
a02fd441	3c6e644e	3aaf0cc6	HOTEL	PENDING_PAYMENT	PNRED52C0	EUR	145.00	2026-01-22 21:01:38.97734+01	4
be83e40c	30aa13f0	3aaf0cc6	HOTEL	TICKETED	PNRABD106	EUR	126.00	2026-01-22 21:01:38.977536+01	5
05fcf6c6	fc6fa769	3aaf0cc6	AIR	CANCELLED	PNR9A1347	EUR	154.00	2026-01-22 21:01:38.977628+01	7
709b2b59	13e2c732	3aaf0cc6	AIR	CONFIRMED	PNRF1B210	EUR	167.00	2026-01-22 21:01:38.977732+01	4
fb5bf66f	94cc4991	3aaf0cc6	HOTEL	TICKETED	PNRFCC77A	EUR	148.00	2026-01-22 21:01:38.977793+01	7
fba21b12	19b3cc88	3aaf0cc6	HOTEL	PENDING_PAYMENT	PNRCCF2E6	EUR	149.00	2026-01-22 21:01:38.977839+01	7
5e6e3f9f	dc161f95	3aaf0cc6	HOTEL	TICKETED	PNRC23228	EUR	191.00	2026-01-22 21:01:38.977883+01	4
fd15a3ec	0e4f72f2	3aaf0cc6	HOTEL	PENDING_PAYMENT	PNR80C13C	EUR	196.00	2026-01-22 21:01:38.977912+01	7
d9d2b2ae	dd7b7f1a	3aaf0cc6	HOTEL	TICKETED	PNR491086	EUR	227.00	2026-01-22 21:01:38.978002+01	7
c5faa51e	76ae8233	3aaf0cc6	AIR	TICKETED	PNR744F74	EUR	229.00	2026-01-22 21:01:38.978093+01	3
27d20e6f	c3fc1ab2	3aaf0cc6	HOTEL	PENDING_PAYMENT	PNR1CD015	EUR	245.00	2026-01-22 21:01:38.978241+01	4
5ff43af1	59bbca9b	3aaf0cc6	HOTEL	CANCELLED	PNR686172	EUR	181.00	2026-01-22 21:01:38.978427+01	6
3f3fa824	03f27563	3aaf0cc6	AIR	TICKETED	PNRE62669	EUR	153.00	2026-01-22 21:01:38.978487+01	3
6c81aa5f	de869752	4c9692b3	HOTEL	TICKETED	PNR2B11A0	EUR	157.00	2026-01-22 20:00:17.09701+01	3
fbd0b5ef	1c1f026d	4c9692b3	HOTEL	CANCELLED	PNR1CFF55	EUR	216.00	2026-01-22 20:00:17.097135+01	6
62ad7e3c	a8e00fa8	4c9692b3	HOTEL	TICKETED	PNR063115	EUR	155.00	2026-01-22 20:00:17.097269+01	3
edf50ac8	70fe874b	4c9692b3	AIR	CONFIRMED	PNRBEDDD5	EUR	279.00	2026-01-22 20:00:17.097312+01	3
42f85bfd	f1cf4895	4c9692b3	HOTEL	PENDING_PAYMENT	PNR792E87	EUR	180.00	2026-01-22 20:00:17.097336+01	4
0bd70aa7	aebe7fef	4c9692b3	HOTEL	CONFIRMED	PNRE647FF	EUR	260.00	2026-01-22 20:00:17.097517+01	4
a7c1b57f	94cc4991	4c9692b3	AIR	CONFIRMED	PNRD8EB6E	EUR	141.00	2026-01-22 20:00:17.098391+01	4
cdfb98af	63832a3d	4c9692b3	AIR	PENDING_PAYMENT	PNR55F921	EUR	268.00	2026-01-22 20:00:17.098545+01	7
5d144f76	639ab155	4c9692b3	HOTEL	TICKETED	PNR73371F	EUR	221.00	2026-01-22 20:00:17.09875+01	4
8bdd7643	0235d7e9	4c9692b3	HOTEL	CONFIRMED	PNRDF388D	EUR	235.00	2026-01-22 20:00:17.098903+01	4
79ebf0a7	114db53d	4c9692b3	HOTEL	PENDING_PAYMENT	PNR1A3382	EUR	143.00	2026-01-22 20:00:17.098981+01	5
c4c51bab	020addac	4c9692b3	HOTEL	TICKETED	PNRCF9F96	EUR	160.00	2026-01-22 20:00:17.099096+01	7
f2b57521	5b807a60	4c9692b3	HOTEL	PENDING_PAYMENT	PNR7DD3B7	EUR	276.00	2026-01-22 20:00:17.099176+01	7
da3abc50	f9b1da8c	4c9692b3	AIR	CANCELLED	PNR52618A	EUR	200.00	2026-01-22 20:00:17.099228+01	7
631feacc	1269c89f	4c9692b3	AIR	PENDING_PAYMENT	PNRA9C632	EUR	174.00	2026-01-22 20:00:17.100353+01	7
858fbb89	b8759768	4c9692b3	HOTEL	TICKETED	PNR41AE8D	EUR	246.00	2026-01-22 20:00:17.100439+01	3
72bf8630	29696027	4c9692b3	AIR	TICKETED	PNR015FC3	EUR	140.00	2026-01-22 20:00:17.100463+01	7
58c828b9	00a00b29	4c9692b3	AIR	TICKETED	PNRD9B77D	EUR	211.00	2026-01-22 20:00:17.100704+01	4
56ee2428	e9bec207	4c9692b3	HOTEL	CONFIRMED	PNR0322C7	EUR	205.00	2026-01-22 20:00:17.100729+01	7
0e59dfbc	6b67a717	4c9692b3	HOTEL	CANCELLED	PNRD5FEAC	EUR	224.00	2026-01-22 20:00:17.101134+01	6
dd650deb	cca84bac	4c9692b3	HOTEL	CONFIRMED	PNR1B8B4F	EUR	278.00	2026-01-22 20:00:17.101357+01	6
ad0ff0bd	107484d5	4c9692b3	AIR	TICKETED	PNR9F1C22	EUR	244.00	2026-01-22 21:01:38.975054+01	7
2d7c6bbc	3a18400c	4c9692b3	AIR	TICKETED	PNR8805F5	EUR	218.00	2026-01-22 21:01:38.975479+01	6
8b87bde7	35b3b902	4c9692b3	AIR	TICKETED	PNRF9589F	EUR	239.00	2026-01-22 21:01:38.975565+01	7
3ef82075	46898e5c	4c9692b3	AIR	CANCELLED	PNR6B1D26	EUR	229.00	2026-01-22 21:01:38.975586+01	7
648f945e	74ecdd17	4c9692b3	AIR	TICKETED	PNR669CB9	EUR	221.00	2026-01-22 21:01:38.975606+01	5
97ef90f2	cb047f4f	4c9692b3	AIR	CANCELLED	PNRFE7534	EUR	232.00	2026-01-22 21:01:38.975874+01	3
9f119ba0	ce10922d	4c9692b3	AIR	PENDING_PAYMENT	PNRBC662C	EUR	162.00	2026-01-22 21:01:38.975893+01	6
0a90b0b9	8b4b7180	4c9692b3	AIR	CONFIRMED	PNR903079	EUR	250.00	2026-01-22 21:01:38.975954+01	7
6e47bb10	9e881897	4c9692b3	HOTEL	PENDING_PAYMENT	PNRF4E0CC	EUR	151.00	2026-01-22 21:01:38.976313+01	6
7934e0b3	f215ee7a	4c9692b3	HOTEL	CANCELLED	PNRCD4B14	EUR	278.00	2026-01-22 21:01:38.976449+01	7
571fa927	e176c4a4	4c9692b3	AIR	CANCELLED	PNR718A1B	EUR	207.00	2026-01-22 21:01:38.976468+01	6
2e11af6c	874dd800	4c9692b3	HOTEL	TICKETED	PNRA1F8C9	EUR	225.00	2026-01-22 21:01:38.976888+01	6
2e3f8274	d541002a	4c9692b3	AIR	CANCELLED	PNR155369	EUR	189.00	2026-01-22 21:01:38.977156+01	3
46994892	767dbf58	4c9692b3	HOTEL	PENDING_PAYMENT	PNR623D15	EUR	144.00	2026-01-22 21:01:38.977295+01	6
31f094d4	f4caefa4	4c9692b3	AIR	TICKETED	PNR0A0846	EUR	161.00	2026-01-22 21:01:38.977355+01	5
81662d88	b8c53350	4c9692b3	AIR	CONFIRMED	PNR371104	EUR	252.00	2026-01-22 21:01:38.977702+01	4
e32fb3f8	c4f7cdd5	4c9692b3	AIR	CANCELLED	PNR906FF4	EUR	247.00	2026-01-22 21:01:38.977717+01	6
849c9dd3	7d2899a3	4c9692b3	AIR	CANCELLED	PNRB4E703	EUR	214.00	2026-01-22 21:01:38.977778+01	7
84874311	0acd98ff	4c9692b3	HOTEL	TICKETED	PNR769559	EUR	143.00	2026-01-22 21:01:38.978062+01	5
76a4e793	e0c7d58b	4c9692b3	AIR	TICKETED	PNRE0F145	EUR	243.00	2026-01-22 21:01:38.978273+01	7
c9301388	eaa0defc	4c9692b3	AIR	TICKETED	PNR3A7084	EUR	228.00	2026-01-22 21:01:38.978442+01	7
b5b90689	c009e64f	4c9692b3	AIR	PENDING_PAYMENT	PNRB25418	EUR	253.00	2026-01-22 21:01:38.978458+01	6
a25e782c	94cc4991	4c9692b3	HOTEL	TICKETED	PNR324C47	EUR	193.00	2026-01-22 21:01:38.978473+01	3
883d29b3	70a4f1ed	1ad4f8c1	HOTEL	TICKETED	PNREC66D1	EUR	1430.00	2026-01-22 20:00:17.096666+01	7
6b6dabf0	b48a4586	1ad4f8c1	AIR	CANCELLED	PNR19C4BA	EUR	851.00	2026-01-22 20:00:17.096827+01	5
926def89	1c1f026d	1ad4f8c1	AIR	CONFIRMED	PNR58378A	EUR	949.00	2026-01-22 20:00:17.096897+01	7
d44102c1	ca875942	1ad4f8c1	HOTEL	CANCELLED	PNR11B274	EUR	1425.00	2026-01-22 20:00:17.096965+01	4
bb57f3a7	9a0ff9f0	1ad4f8c1	AIR	PENDING_PAYMENT	PNR7D1869	EUR	823.00	2026-01-22 20:00:17.097247+01	5
e2e4dcfb	e4c1f1b9	1ad4f8c1	AIR	CANCELLED	PNR3FB0FB	EUR	1179.00	2026-01-22 20:00:17.097592+01	4
dc122004	ca875942	1ad4f8c1	AIR	CANCELLED	PNR7A3F01	EUR	1489.00	2026-01-22 20:00:17.098161+01	6
ba77a237	be170500	1ad4f8c1	HOTEL	CONFIRMED	PNRB671D4	EUR	752.00	2026-01-22 20:00:17.098289+01	7
f32379d6	02b5a103	1ad4f8c1	HOTEL	TICKETED	PNR8C12A0	EUR	892.00	2026-01-22 20:00:17.098468+01	6
8b133d5f	f215ee7a	1ad4f8c1	HOTEL	CONFIRMED	PNRAFC5E3	EUR	1327.00	2026-01-22 20:00:17.098725+01	4
afc6f849	54cd9417	1ad4f8c1	AIR	TICKETED	PNR3DC49E	EUR	1422.00	2026-01-22 20:00:17.098776+01	5
763cfcf7	b48a4586	1ad4f8c1	HOTEL	CONFIRMED	PNR4AB1C9	EUR	1027.00	2026-01-22 20:00:17.098929+01	4
89c343a0	4f911c69	1ad4f8c1	AIR	TICKETED	PNR9391BE	EUR	840.00	2026-01-22 20:00:17.09904+01	5
e98215c5	9a089867	1ad4f8c1	HOTEL	CONFIRMED	PNR3B86CF	EUR	888.00	2026-01-22 20:00:17.099439+01	7
60505adf	344c0cc0	1ad4f8c1	HOTEL	TICKETED	PNR90A8A6	EUR	878.00	2026-01-22 20:00:17.099466+01	7
1f7c1c37	2f284839	1ad4f8c1	AIR	CANCELLED	PNRCB346D	EUR	1414.00	2026-01-22 20:00:17.099529+01	7
315548df	57905a5c	1ad4f8c1	AIR	CONFIRMED	PNR4A1843	EUR	761.00	2026-01-22 20:00:17.099581+01	7
6a9cadec	566a1ae5	1ad4f8c1	AIR	PENDING_PAYMENT	PNR704FB6	EUR	695.00	2026-01-22 20:00:17.099737+01	6
7e496838	b6eceef7	1ad4f8c1	HOTEL	CANCELLED	PNREF5F14	EUR	1407.00	2026-01-22 20:00:17.099791+01	4
b9d0701a	566a1ae5	1ad4f8c1	AIR	CANCELLED	PNRFA35A6	EUR	1022.00	2026-01-22 20:00:17.099843+01	3
64204738	26f1e58a	1ad4f8c1	AIR	PENDING_PAYMENT	PNR726C6A	EUR	1176.00	2026-01-22 20:00:17.099976+01	7
cc5bb479	60da3a78	1ad4f8c1	AIR	CONFIRMED	PNRA799A2	EUR	1225.00	2026-01-22 20:00:17.100219+01	7
d0225c12	1e5c3e96	1ad4f8c1	HOTEL	CONFIRMED	PNR3D4DEF	EUR	1233.00	2026-01-22 20:00:17.10028+01	4
fcfac25c	54cd9417	1ad4f8c1	AIR	CANCELLED	PNR03517C	EUR	1118.00	2026-01-22 20:00:17.100511+01	5
e49a45b7	ecb4f6e8	1ad4f8c1	AIR	PENDING_PAYMENT	PNRAC6FF1	EUR	697.00	2026-01-22 20:00:17.100976+01	3
c2d8016e	d541002a	1ad4f8c1	AIR	PENDING_PAYMENT	PNRFCF7E2	EUR	1264.00	2026-01-22 20:00:17.101029+01	7
914e34f5	9fb284cb	1ad4f8c1	HOTEL	PENDING_PAYMENT	PNRDC8BE8	EUR	773.00	2026-01-22 20:00:17.10141+01	6
a385d9d1	0f58766b	1ad4f8c1	HOTEL	PENDING_PAYMENT	PNR713914	EUR	1373.00	2026-01-22 21:01:38.974815+01	4
4bfda8cb	f4caefa4	1ad4f8c1	HOTEL	TICKETED	PNR46100A	EUR	1369.00	2026-01-22 21:01:38.975501+01	4
1a0aa80b	518abb91	1ad4f8c1	AIR	CANCELLED	PNRB3C60D	EUR	1381.00	2026-01-22 21:01:38.975668+01	6
21479a2f	8582671b	1ad4f8c1	AIR	TICKETED	PNR2C5ED8	EUR	1399.00	2026-01-22 21:01:38.976015+01	5
43f71900	e10e2423	1ad4f8c1	HOTEL	CONFIRMED	PNR18B54D	EUR	946.00	2026-01-22 21:01:38.976055+01	4
e97dc489	1269c89f	1ad4f8c1	AIR	CANCELLED	PNRA8B058	EUR	973.00	2026-01-22 21:01:38.976079+01	3
b0caa74e	c5007c53	1ad4f8c1	AIR	TICKETED	PNR03BD9F	EUR	1099.00	2026-01-22 21:01:38.976117+01	6
d0df403e	ca875942	1ad4f8c1	HOTEL	TICKETED	PNRC4EA28	EUR	1437.00	2026-01-22 21:01:38.976176+01	7
e06cd02e	8c9cd4c2	1ad4f8c1	AIR	TICKETED	PNR246128	EUR	1152.00	2026-01-22 21:01:38.976332+01	4
bbdf916f	6f3df24c	1ad4f8c1	HOTEL	PENDING_PAYMENT	PNR6074E6	EUR	1424.00	2026-01-22 21:01:38.976409+01	3
f4c82ee1	73ed2115	1ad4f8c1	AIR	TICKETED	PNREBE073	EUR	665.00	2026-01-22 21:01:38.976486+01	3
ff514a80	077545c0	1ad4f8c1	AIR	CONFIRMED	PNRD4029A	EUR	1122.00	2026-01-22 21:01:38.976504+01	4
685bc758	8b4b7180	1ad4f8c1	HOTEL	PENDING_PAYMENT	PNRA611BE	EUR	1412.00	2026-01-22 21:01:38.976523+01	6
68c325b1	8f0fefb7	1ad4f8c1	AIR	PENDING_PAYMENT	PNRB886EF	EUR	1077.00	2026-01-22 21:01:38.976648+01	6
8bef9cd2	ca019b08	1ad4f8c1	AIR	PENDING_PAYMENT	PNR9C887D	EUR	952.00	2026-01-22 21:01:38.977015+01	7
d1aa890c	aebe7fef	1ad4f8c1	HOTEL	CANCELLED	PNRADECD0	EUR	884.00	2026-01-22 21:01:38.977106+01	7
2b072f42	fa5ea4c5	1ad4f8c1	AIR	PENDING_PAYMENT	PNR74851C	EUR	928.00	2026-01-22 21:01:38.977186+01	5
328dd804	24712329	1ad4f8c1	AIR	TICKETED	PNR1E6EB9	EUR	869.00	2026-01-22 21:01:38.977596+01	7
034e3f71	7b81aa91	1ad4f8c1	AIR	PENDING_PAYMENT	PNR2FB6C8	EUR	1431.00	2026-01-22 21:01:38.977643+01	3
207acfd3	f08f881b	1ad4f8c1	AIR	CANCELLED	PNRA6E074	EUR	1077.00	2026-01-22 21:01:38.977747+01	6
721ec169	fc6fa769	1ad4f8c1	HOTEL	CONFIRMED	PNR7E33B0	EUR	1155.00	2026-01-22 21:01:38.977808+01	3
79366c3d	8f8a6047	1ad4f8c1	AIR	CANCELLED	PNR5F3755	EUR	1156.00	2026-01-22 21:01:38.977897+01	7
8225921a	063de543	1ad4f8c1	HOTEL	PENDING_PAYMENT	PNRB39F67	EUR	1407.00	2026-01-22 21:01:38.977927+01	7
03fa38f2	f366ec03	1ad4f8c1	HOTEL	TICKETED	PNRF58589	EUR	792.00	2026-01-22 21:01:38.978078+01	4
43b9fcee	6b67a717	1ad4f8c1	AIR	CONFIRMED	PNR2EE8A7	EUR	651.00	2026-01-22 21:01:38.978122+01	4
5ba7229e	0c9ea52e	1ad4f8c1	HOTEL	CONFIRMED	PNR039F3A	EUR	1192.00	2026-01-22 21:01:38.978351+01	4
f2e3ac06	f8701f78	86a8b017	HOTEL	TICKETED	PNRF7D4C1	EUR	473.00	2026-01-22 20:00:17.096734+01	7
29ae08ad	422d896c	86a8b017	AIR	CANCELLED	PNR65CDC6	EUR	642.00	2026-01-22 20:00:17.096757+01	6
1b7c30f8	13e9a3ab	86a8b017	AIR	TICKETED	PNR1AE6D8	EUR	543.00	2026-01-22 20:00:17.09685+01	3
75882821	70fe874b	86a8b017	HOTEL	PENDING_PAYMENT	PNR0A36AD	EUR	427.00	2026-01-22 20:00:17.097113+01	5
9e524408	bd63282d	86a8b017	HOTEL	CONFIRMED	PNRB3EFAC	EUR	500.00	2026-01-22 20:00:17.097158+01	5
f37a2a1a	2141c76f	86a8b017	HOTEL	CANCELLED	PNR2E1CB5	EUR	846.00	2026-01-22 20:00:17.097568+01	7
a1067b23	7b81aa91	86a8b017	AIR	CANCELLED	PNR187F23	EUR	711.00	2026-01-22 20:00:17.098493+01	7
8c8e10c3	b6912e98	86a8b017	AIR	CONFIRMED	PNR279C52	EUR	766.00	2026-01-22 20:00:17.098622+01	3
510e2f55	ab4afad1	86a8b017	AIR	TICKETED	PNRAEB88D	EUR	693.00	2026-01-22 20:00:17.098801+01	3
5657103d	975a8d58	86a8b017	AIR	CONFIRMED	PNR8BA141	EUR	864.00	2026-01-22 20:00:17.099633+01	5
9eb0da49	e094871a	86a8b017	HOTEL	CANCELLED	PNR27EC69	EUR	768.00	2026-01-22 20:00:17.099684+01	5
d55b84a4	02b1e646	86a8b017	AIR	PENDING_PAYMENT	PNR375FC5	EUR	401.00	2026-01-22 20:00:17.100863+01	3
cb8ce9ed	b1947cb6	86a8b017	HOTEL	TICKETED	PNRF00E56	EUR	854.00	2026-01-22 20:00:17.100944+01	4
1e14bd4b	262106e5	86a8b017	HOTEL	CANCELLED	PNRD4B23A	EUR	508.00	2026-01-22 20:00:17.101212+01	7
c07818d9	74e941eb	86a8b017	HOTEL	PENDING_PAYMENT	PNR19EFEB	EUR	602.00	2026-01-22 20:00:17.101437+01	5
47d4401c	dc161f95	86a8b017	HOTEL	TICKETED	PNR741EAB	EUR	444.00	2026-01-22 21:01:38.97499+01	4
5c866106	c8828009	86a8b017	AIR	CONFIRMED	PNRDBD6B9	EUR	819.00	2026-01-22 21:01:38.975414+01	6
6e1863fc	636a90e5	86a8b017	AIR	CANCELLED	PNR41E5E7	EUR	569.00	2026-01-22 21:01:38.975775+01	7
eb81250e	fd085fbe	86a8b017	HOTEL	CANCELLED	PNRFDF363	EUR	804.00	2026-01-22 21:01:38.975913+01	6
1ab90899	767dbf58	86a8b017	AIR	TICKETED	PNR295A4E	EUR	792.00	2026-01-22 21:01:38.976196+01	4
86247fe3	6b67a717	86a8b017	HOTEL	TICKETED	PNR679249	EUR	534.00	2026-01-22 21:01:38.97639+01	7
a3fba8ad	de869752	86a8b017	HOTEL	CANCELLED	PNRAAE1A9	EUR	440.00	2026-01-22 21:01:38.976594+01	4
fd9020ba	fc188cfa	86a8b017	HOTEL	PENDING_PAYMENT	PNR135DD1	EUR	856.00	2026-01-22 21:01:38.97676+01	6
ee90d5ae	02960cb6	86a8b017	AIR	PENDING_PAYMENT	PNR519AC9	EUR	585.00	2026-01-22 21:01:38.976851+01	7
ee7ed850	dfe87ee6	86a8b017	AIR	CONFIRMED	PNRAEBA71	EUR	681.00	2026-01-22 21:01:38.97696+01	7
d0ae2246	5ce4eb4c	86a8b017	HOTEL	PENDING_PAYMENT	PNRB2CFC3	EUR	400.00	2026-01-22 21:01:38.977045+01	3
4922d92a	1f9c21bf	86a8b017	AIR	PENDING_PAYMENT	PNR474822	EUR	511.00	2026-01-22 21:01:38.977125+01	3
39683eb6	a963f399	86a8b017	AIR	CANCELLED	PNRFCEFD5	EUR	675.00	2026-01-22 21:01:38.977171+01	3
5175b92c	56dc7d44	86a8b017	AIR	PENDING_PAYMENT	PNRE1B5D8	EUR	833.00	2026-01-22 21:01:38.977232+01	6
a1ade84f	28f5bac6	86a8b017	AIR	CANCELLED	PNR5686F2	EUR	400.00	2026-01-22 21:01:38.977972+01	4
b80eac17	5b807a60	86a8b017	HOTEL	CONFIRMED	PNR3CAF4B	EUR	701.00	2026-01-22 21:01:38.978182+01	6
76c3aacf	88fbb994	86a8b017	HOTEL	TICKETED	PNR1B2A16	EUR	628.00	2026-01-22 21:01:38.97832+01	3
334bea7e	763b5033	a6065b00	AIR	CONFIRMED	PNREB3AF6	EUR	1852.00	2026-01-22 20:00:17.096689+01	4
43347ecd	020addac	a6065b00	AIR	TICKETED	PNR43A127	EUR	1895.00	2026-01-22 20:00:17.096711+01	6
af60bec9	2a8cf94b	a6065b00	AIR	TICKETED	PNR87A1C4	EUR	1527.00	2026-01-22 20:00:17.09678+01	5
55ef18fe	70a4f1ed	a6065b00	AIR	CONFIRMED	PNR4F7E10	EUR	1278.00	2026-01-22 20:00:17.09692+01	5
70ee5cad	6b67a717	a6065b00	AIR	CONFIRMED	PNRECD5C2	EUR	1041.00	2026-01-22 20:00:17.097091+01	6
69d215f0	b9a46334	a6065b00	AIR	PENDING_PAYMENT	PNR0FF345	EUR	806.00	2026-01-22 20:00:17.097179+01	6
97e18ef7	aa914110	a6065b00	AIR	PENDING_PAYMENT	PNRD9F62A	EUR	1400.00	2026-01-22 20:00:17.097225+01	4
e0ba7626	7b81aa91	a6065b00	HOTEL	TICKETED	PNR196151	EUR	1053.00	2026-01-22 20:00:17.097291+01	3
e73ffd21	480d4540	a6065b00	HOTEL	CONFIRMED	PNRAA8515	EUR	1886.00	2026-01-22 20:00:17.097382+01	6
c4b134e0	3dada837	a6065b00	AIR	PENDING_PAYMENT	PNR007B07	EUR	817.00	2026-01-22 20:00:17.097406+01	5
e9be01e7	325086de	a6065b00	AIR	CONFIRMED	PNRF5A7CF	EUR	1716.00	2026-01-22 20:00:17.097429+01	3
7403af0a	57905a5c	a6065b00	AIR	PENDING_PAYMENT	PNR276382	EUR	1871.00	2026-01-22 20:00:17.097474+01	6
aecb5881	3c6e644e	a6065b00	AIR	CONFIRMED	PNR5719FC	EUR	1324.00	2026-01-22 20:00:17.097725+01	5
b27b9d15	71119e2b	a6065b00	AIR	CANCELLED	PNR8B811A	EUR	962.00	2026-01-22 20:00:17.097807+01	6
781cb6bf	636a90e5	a6065b00	HOTEL	CONFIRMED	PNR351105	EUR	1470.00	2026-01-22 20:00:17.097988+01	7
c3ae2e78	b1fa0584	a6065b00	HOTEL	PENDING_PAYMENT	PNR332A0C	EUR	1771.00	2026-01-22 20:00:17.098827+01	3
9b264484	707f7374	a6065b00	AIR	CANCELLED	PNR9939A4	EUR	1720.00	2026-01-22 20:00:17.098852+01	5
6d90c874	8f0fefb7	a6065b00	AIR	CANCELLED	PNR78699E	EUR	1046.00	2026-01-22 20:00:17.098955+01	7
695309fc	636a90e5	a6065b00	HOTEL	CONFIRMED	PNRE8A900	EUR	1103.00	2026-01-22 20:00:17.099763+01	3
65432d14	8c9cd4c2	a6065b00	HOTEL	PENDING_PAYMENT	PNR92EB41	EUR	1296.00	2026-01-22 20:00:17.099896+01	6
1b6dca38	7aca74a5	a6065b00	HOTEL	CONFIRMED	PNRF5DBB4	EUR	1594.00	2026-01-22 20:00:17.099949+01	3
3350907c	ff5c0ad3	a6065b00	AIR	CONFIRMED	PNR53EE71	EUR	1357.00	2026-01-22 20:00:17.100032+01	6
9b2cdaa9	a8e00fa8	a6065b00	HOTEL	CONFIRMED	PNRB09ECF	EUR	1094.00	2026-01-22 20:00:17.100072+01	7
dfd157a3	51229442	a6065b00	HOTEL	CANCELLED	PNRD8245B	EUR	835.00	2026-01-22 20:00:17.10065+01	5
06597b89	f9b1da8c	a6065b00	HOTEL	CANCELLED	PNR852182	EUR	1996.00	2026-01-22 20:00:17.100679+01	7
52933648	ab8ee69a	a6065b00	AIR	CONFIRMED	PNR74C834	EUR	1197.00	2026-01-22 20:00:17.101082+01	7
19f458f9	13e2c732	a6065b00	AIR	TICKETED	PNR8928C7	EUR	1425.00	2026-01-22 21:01:38.974784+01	6
de04b2d3	0f58766b	a6065b00	AIR	CANCELLED	PNR247B29	EUR	1344.00	2026-01-22 21:01:38.974893+01	4
c8ab8234	ecb4f6e8	a6065b00	AIR	CANCELLED	PNRAB788F	EUR	1688.00	2026-01-22 21:01:38.975545+01	3
a8ffa7cd	5881435d	a6065b00	HOTEL	TICKETED	PNR34B418	EUR	1984.00	2026-01-22 21:01:38.975626+01	3
773508c9	8ca22a46	a6065b00	HOTEL	PENDING_PAYMENT	PNR56FBFA	EUR	1313.00	2026-01-22 21:01:38.975756+01	3
bea41fbf	1529c111	a6065b00	HOTEL	TICKETED	PNR89B76D	EUR	1463.00	2026-01-22 21:01:38.976235+01	6
a06a4317	077545c0	a6065b00	AIR	CANCELLED	PNR1466F6	EUR	1235.00	2026-01-22 21:01:38.976371+01	6
def5f47e	59540e34	a6065b00	AIR	TICKETED	PNRC58682	EUR	1234.00	2026-01-22 21:01:38.976541+01	4
be82658c	1a8afe2d	a6065b00	HOTEL	TICKETED	PNR7BA597	EUR	1221.00	2026-01-22 21:01:38.976703+01	3
c5e1a7aa	2fee01ed	a6065b00	HOTEL	CONFIRMED	PNR17AE0C	EUR	894.00	2026-01-22 21:01:38.976814+01	5
3633a28e	2ab6f6bc	a6065b00	AIR	CONFIRMED	PNR741132	EUR	1484.00	2026-01-22 21:01:38.976869+01	3
a7c693d2	97c55b40	a6065b00	AIR	CANCELLED	PNR6DE9AC	EUR	1101.00	2026-01-22 21:01:38.976924+01	7
046d056c	9a089867	a6065b00	AIR	TICKETED	PNRBD5EB7	EUR	1369.00	2026-01-22 21:01:38.977088+01	6
62f72563	001d93f0	a6065b00	AIR	CONFIRMED	PNR64C906	EUR	1510.00	2026-01-22 21:01:38.97746+01	4
194d3550	aa0c0083	a6065b00	AIR	PENDING_PAYMENT	PNR379D18	EUR	1838.00	2026-01-22 21:01:38.977611+01	6
6433ea08	869aa9e5	a6065b00	HOTEL	CONFIRMED	PNRA2DB42	EUR	842.00	2026-01-22 21:01:38.977672+01	3
b4210efa	baebc1a2	a6065b00	HOTEL	CONFIRMED	PNR2DA80E	EUR	1436.00	2026-01-22 21:01:38.977763+01	4
38b39d0e	a187c1d1	a6065b00	AIR	CONFIRMED	PNR43A656	EUR	1585.00	2026-01-22 21:01:38.977823+01	7
59bdb9d8	b83d9ca7	a6065b00	AIR	CONFIRMED	PNR8773BA	EUR	1677.00	2026-01-22 21:01:38.978031+01	4
044da5e3	56a02fdf	a6065b00	AIR	PENDING_PAYMENT	PNRFF526F	EUR	945.00	2026-01-22 21:01:38.978138+01	4
18a30ee7	e10e2423	a6065b00	HOTEL	PENDING_PAYMENT	PNR453571	EUR	1862.00	2026-01-22 21:01:38.978212+01	5
32c163f6	7aca74a5	a6065b00	HOTEL	TICKETED	PNR7D6E85	EUR	1765.00	2026-01-22 21:01:38.978335+01	5
93fd7f8c	497fb030	a6065b00	AIR	CANCELLED	PNR8963AF	EUR	1237.00	2026-01-22 21:01:38.978366+01	6
d530a4dc	2fee01ed	a6065b00	AIR	PENDING_PAYMENT	PNR9BE7A7	EUR	829.00	2026-01-22 21:01:38.978382+01	3
0ed9ce95	371f8a70	fc55b3c4	HOTEL	TICKETED	PNR257E24	EUR	2301.00	2026-01-22 20:00:17.09766+01	3
07fbce81	325086de	fc55b3c4	HOTEL	TICKETED	PNRC51F69	EUR	2898.00	2026-01-22 20:00:17.097682+01	4
bc22d4f0	7a846c2f	fc55b3c4	HOTEL	TICKETED	PNR7A29DD	EUR	1256.00	2026-01-22 20:00:17.097756+01	5
a62c6636	90eb48ab	fc55b3c4	AIR	TICKETED	PNR7AAE15	EUR	2814.00	2026-01-22 20:00:17.097833+01	4
e01592f9	20a706d1	fc55b3c4	HOTEL	CONFIRMED	PNR27A98F	EUR	1559.00	2026-01-22 20:00:17.097858+01	3
5b94dfcd	15ae9ac7	fc55b3c4	HOTEL	TICKETED	PNRBF2FDA	EUR	1892.00	2026-01-22 20:00:17.098056+01	4
34191ef5	3e4caae1	fc55b3c4	HOTEL	TICKETED	PNR3FCCFA	EUR	1345.00	2026-01-22 20:00:17.098083+01	7
4664925c	1c1f026d	fc55b3c4	HOTEL	CANCELLED	PNRCD6172	EUR	2217.00	2026-01-22 20:00:17.09811+01	4
731a8e1d	cca84bac	fc55b3c4	AIR	CANCELLED	PNR851B21	EUR	1375.00	2026-01-22 20:00:17.098136+01	6
0d007fe6	869aa9e5	fc55b3c4	AIR	TICKETED	PNRDBCD58	EUR	2071.00	2026-01-22 20:00:17.09834+01	5
3275ded6	497fb030	fc55b3c4	AIR	TICKETED	PNR7D9B70	EUR	2925.00	2026-01-22 20:00:17.098571+01	5
3ea51cac	7ae79fd3	fc55b3c4	HOTEL	PENDING_PAYMENT	PNRC0E377	EUR	1296.00	2026-01-22 20:00:17.098674+01	7
6962831b	7aca74a5	fc55b3c4	HOTEL	CONFIRMED	PNRB3D3C2	EUR	2580.00	2026-01-22 20:00:17.098878+01	3
ad9660c5	3d5bf0c3	fc55b3c4	AIR	PENDING_PAYMENT	PNRA7E5B3	EUR	2727.00	2026-01-22 20:00:17.099149+01	3
a329bc72	8fa493ce	fc55b3c4	AIR	TICKETED	PNRC6783A	EUR	1876.00	2026-01-22 20:00:17.099332+01	3
4ffa270d	1e5c3e96	fc55b3c4	AIR	PENDING_PAYMENT	PNRA40E3B	EUR	2887.00	2026-01-22 20:00:17.099658+01	6
94f2030b	f8b1e349	fc55b3c4	AIR	CANCELLED	PNR2A261C	EUR	1970.00	2026-01-22 20:00:17.100577+01	4
000042eb	8fa493ce	fc55b3c4	HOTEL	CANCELLED	PNR161B16	EUR	2568.00	2026-01-22 20:00:17.100602+01	6
dbf1f4e6	077545c0	fc55b3c4	AIR	TICKETED	PNRB32D9F	EUR	1771.00	2026-01-22 20:00:17.100626+01	5
c22bbd2c	1fa35020	fc55b3c4	HOTEL	TICKETED	PNRD3C399	EUR	2409.00	2026-01-22 20:00:17.101306+01	4
b31b83e4	c52c461f	fc55b3c4	HOTEL	CONFIRMED	PNR23B46E	EUR	2658.00	2026-01-22 21:01:38.975523+01	3
98c28f1e	8582671b	fc55b3c4	AIR	TICKETED	PNRCFAAC2	EUR	2291.00	2026-01-22 21:01:38.975647+01	4
4d4a4401	9360edf2	fc55b3c4	HOTEL	PENDING_PAYMENT	PNR2D57FE	EUR	1487.00	2026-01-22 21:01:38.975795+01	6
f08af97b	020addac	fc55b3c4	HOTEL	CONFIRMED	PNR664ABB	EUR	2738.00	2026-01-22 21:01:38.975833+01	3
3e4cab73	28f5bac6	fc55b3c4	AIR	CANCELLED	PNREC20C0	EUR	2610.00	2026-01-22 21:01:38.976157+01	3
cf7ccecf	fc6fa769	fc55b3c4	AIR	CANCELLED	PNR33CF79	EUR	1326.00	2026-01-22 21:01:38.976215+01	7
192c57b5	b48a4586	fc55b3c4	AIR	TICKETED	PNR82C649	EUR	2103.00	2026-01-22 21:01:38.97635+01	3
064992e3	869aa9e5	fc55b3c4	AIR	TICKETED	PNR652D16	EUR	1760.00	2026-01-22 21:01:38.976576+01	7
2309866e	3d53babf	fc55b3c4	HOTEL	TICKETED	PNR7A9615	EUR	1994.00	2026-01-22 21:01:38.977069+01	3
83dffeb2	639ab155	fc55b3c4	AIR	CANCELLED	PNR925B29	EUR	2686.00	2026-01-22 21:01:38.977263+01	5
f178b91a	ab4afad1	fc55b3c4	HOTEL	PENDING_PAYMENT	PNRDCDB03	EUR	1458.00	2026-01-22 21:01:38.977279+01	6
14b23cab	e4c1f1b9	fc55b3c4	AIR	CONFIRMED	PNR632C96	EUR	1859.00	2026-01-22 21:01:38.977309+01	3
2085d254	c6a5beaa	fc55b3c4	AIR	TICKETED	PNRA01E2E	EUR	2593.00	2026-01-22 21:01:38.977401+01	6
b595a8fb	02b1e646	fc55b3c4	HOTEL	TICKETED	PNRFC31A7	EUR	2675.00	2026-01-22 21:01:38.977416+01	6
c16791b2	874dd800	fc55b3c4	HOTEL	PENDING_PAYMENT	PNR5BA84F	EUR	1531.00	2026-01-22 21:01:38.977506+01	7
7f6cf3ef	dfe87ee6	fc55b3c4	AIR	CONFIRMED	PNR590B9F	EUR	1617.00	2026-01-22 21:01:38.977551+01	7
9b693dc4	b6912e98	fc55b3c4	HOTEL	CONFIRMED	PNR016840	EUR	1936.00	2026-01-22 21:01:38.977581+01	4
b74ba65c	dfe87ee6	fc55b3c4	HOTEL	PENDING_PAYMENT	PNRB2AE3F	EUR	2484.00	2026-01-22 21:01:38.978108+01	5
dfd1f917	cca84bac	fc55b3c4	AIR	CONFIRMED	PNR1B3338	EUR	2042.00	2026-01-22 21:01:38.978197+01	7
44441572	d506cfea	fc55b3c4	AIR	CANCELLED	PNRC1001C	EUR	2287.00	2026-01-22 21:01:38.978305+01	7
d82a8e64	75e79786	8d1f74d7	AIR	PENDING_PAYMENT	PNR1C820B	EUR	119.00	2026-01-22 20:00:17.096804+01	5
380fb2be	1811b73c	8d1f74d7	HOTEL	PENDING_PAYMENT	PNR0DD8B5	EUR	149.00	2026-01-22 20:00:17.096874+01	7
764b8573	4f911c69	8d1f74d7	AIR	CANCELLED	PNR4566A0	EUR	74.00	2026-01-22 20:00:17.097359+01	3
903a3ce3	875d2dbe	8d1f74d7	AIR	CONFIRMED	PNRD71850	EUR	96.00	2026-01-22 20:00:17.097703+01	6
24df61bf	cc6a14d7	8d1f74d7	AIR	TICKETED	PNRBB62A5	EUR	80.00	2026-01-22 20:00:17.098015+01	4
cd6d0d59	9a0ff9f0	8d1f74d7	HOTEL	PENDING_PAYMENT	PNR5352FD	EUR	114.00	2026-01-22 20:00:17.098238+01	4
ec37038f	b8c53350	8d1f74d7	AIR	TICKETED	PNREF9A7B	EUR	94.00	2026-01-22 20:00:17.098314+01	6
b0be37a4	9360edf2	8d1f74d7	AIR	CANCELLED	PNR56E1C6	EUR	103.00	2026-01-22 20:00:17.098443+01	3
0dfa7ae6	23b01d07	8d1f74d7	HOTEL	CANCELLED	PNRE971BA	EUR	76.00	2026-01-22 20:00:17.098699+01	6
d71b581d	f1f66adf	8d1f74d7	AIR	PENDING_PAYMENT	PNRCD1524	EUR	136.00	2026-01-22 20:00:17.099069+01	3
bbefc2f1	0acd98ff	8d1f74d7	AIR	PENDING_PAYMENT	PNR89BBE5	EUR	146.00	2026-01-22 20:00:17.099202+01	7
aebf0d7a	077545c0	8d1f74d7	AIR	PENDING_PAYMENT	PNR2E3976	EUR	124.00	2026-01-22 20:00:17.099869+01	4
c1adc351	6b67a717	8d1f74d7	AIR	PENDING_PAYMENT	PNR73D66F	EUR	143.00	2026-01-22 20:00:17.100002+01	6
09b1d6f2	f4caefa4	8d1f74d7	AIR	PENDING_PAYMENT	PNR57D9E2	EUR	92.00	2026-01-22 20:00:17.100153+01	3
069982ff	46898e5c	8d1f74d7	AIR	CANCELLED	PNR667FC7	EUR	135.00	2026-01-22 20:00:17.10018+01	4
fc4ed26d	dc161f95	8d1f74d7	HOTEL	CONFIRMED	PNR94815B	EUR	115.00	2026-01-22 20:00:17.100251+01	6
4cbf78d3	9fb284cb	8d1f74d7	HOTEL	CONFIRMED	PNR8C39C9	EUR	105.00	2026-01-22 20:00:17.100329+01	5
ff718747	03f27563	8d1f74d7	HOTEL	CANCELLED	PNR37DDEB	EUR	101.00	2026-01-22 20:00:17.100488+01	3
53c14d94	5ce4eb4c	8d1f74d7	AIR	CONFIRMED	PNR779825	EUR	114.00	2026-01-22 20:00:17.100555+01	6
cfb32b4a	102a243d	8d1f74d7	HOTEL	CONFIRMED	PNRB3A4A1	EUR	83.00	2026-01-22 20:00:17.100825+01	4
c3892aae	001d93f0	8d1f74d7	HOTEL	CONFIRMED	PNR068280	EUR	141.00	2026-01-22 20:00:17.101464+01	6
19fe9d17	e76d6b15	8d1f74d7	AIR	TICKETED	PNR33769D	EUR	126.00	2026-01-22 21:01:38.974252+01	7
2c2b9b01	0e903fb3	8d1f74d7	HOTEL	CONFIRMED	PNRF6ED8F	EUR	143.00	2026-01-22 21:01:38.974298+01	5
36f197fe	23b01d07	8d1f74d7	HOTEL	PENDING_PAYMENT	PNR89683B	EUR	149.00	2026-01-22 21:01:38.97474+01	4
1cbc1350	147b4c93	8d1f74d7	AIR	CONFIRMED	PNR993B48	EUR	133.00	2026-01-22 21:01:38.975711+01	6
65d8ebd1	0da5fb99	8d1f74d7	HOTEL	CONFIRMED	PNR4761CC	EUR	131.00	2026-01-22 21:01:38.975974+01	7
172db416	0f58766b	8d1f74d7	AIR	PENDING_PAYMENT	PNRB876BB	EUR	86.00	2026-01-22 21:01:38.976137+01	6
482abef0	2ab6f6bc	8d1f74d7	AIR	CONFIRMED	PNR4BA9C5	EUR	99.00	2026-01-22 21:01:38.976255+01	5
4282fd2a	8047f4c9	8d1f74d7	AIR	TICKETED	PNR564FF5	EUR	127.00	2026-01-22 21:01:38.976274+01	7
7c116921	f366ec03	8d1f74d7	AIR	CANCELLED	PNR511AC9	EUR	70.00	2026-01-22 21:01:38.976558+01	4
288b50a6	422d896c	8d1f74d7	HOTEL	CONFIRMED	PNREB482F	EUR	125.00	2026-01-22 21:01:38.976666+01	6
29954e04	02b5a103	8d1f74d7	HOTEL	CANCELLED	PNR6B0CC3	EUR	147.00	2026-01-22 21:01:38.976742+01	6
5a496cf3	f08f881b	8d1f74d7	AIR	CONFIRMED	PNR0478B1	EUR	83.00	2026-01-22 21:01:38.976942+01	3
9982bac4	1fa35020	8d1f74d7	HOTEL	TICKETED	PNRC95F33	EUR	124.00	2026-01-22 21:01:38.976979+01	3
243d311f	975a8d58	8d1f74d7	HOTEL	TICKETED	PNRA910AC	EUR	135.00	2026-01-22 21:01:38.976997+01	6
07cb86bc	60da3a78	8d1f74d7	AIR	CONFIRMED	PNRA77C6A	EUR	146.00	2026-01-22 21:01:38.977247+01	5
81de5ad8	d2423176	8d1f74d7	AIR	PENDING_PAYMENT	PNR930646	EUR	85.00	2026-01-22 21:01:38.977325+01	6
063dc44a	1b565357	8d1f74d7	AIR	CANCELLED	PNR0853F8	EUR	115.00	2026-01-22 21:01:38.977446+01	7
f3136cd3	11339f9b	8d1f74d7	AIR	CONFIRMED	PNR62A20E	EUR	143.00	2026-01-22 21:01:38.977521+01	6
1906fa88	7d2899a3	8d1f74d7	AIR	TICKETED	PNR719DA9	EUR	98.00	2026-01-22 21:01:38.977566+01	4
e6331175	cb2842f9	8d1f74d7	AIR	TICKETED	PNR2D46E3	EUR	113.00	2026-01-22 21:01:38.977658+01	6
f42ed638	844f140d	8d1f74d7	HOTEL	TICKETED	PNR2919B6	EUR	98.00	2026-01-22 21:01:38.977853+01	6
82aa1291	01a4334e	8d1f74d7	AIR	PENDING_PAYMENT	PNRB6D545	EUR	103.00	2026-01-22 21:01:38.977987+01	4
a77c54aa	2fee01ed	8d1f74d7	AIR	CONFIRMED	PNRC26D4E	EUR	71.00	2026-01-22 21:01:38.978153+01	3
2f6b0c34	1a8afe2d	8d1f74d7	AIR	CANCELLED	PNR21331F	EUR	102.00	2026-01-22 21:01:38.978226+01	6
e3f8bf47	47a5134a	8d1f74d7	HOTEL	PENDING_PAYMENT	PNR5D903D	EUR	110.00	2026-01-22 21:01:38.978289+01	4
9f27726f	d25a636b	8d1f74d7	AIR	CANCELLED	PNR5B19C4	EUR	112.00	2026-01-22 21:01:38.978397+01	5
864a3ba1	5e1740c0	e5d181db	AIR	CANCELLED	PNR313FFB	EUR	535.00	2026-01-22 20:00:17.096987+01	4
c7065dd5	2e673cd9	e5d181db	HOTEL	PENDING_PAYMENT	PNR0ACE9D	EUR	733.00	2026-01-22 20:00:17.097069+01	6
37f54667	1a8afe2d	e5d181db	AIR	CONFIRMED	PNR5ECAC1	EUR	1101.00	2026-01-22 20:00:17.097202+01	7
63927011	f5f465cf	e5d181db	HOTEL	PENDING_PAYMENT	PNRBC6683	EUR	1120.00	2026-01-22 20:00:17.097539+01	3
45b7ded6	5c99ab61	e5d181db	AIR	TICKETED	PNR00C060	EUR	766.00	2026-01-22 20:00:17.097883+01	5
1be0513d	1a8afe2d	e5d181db	HOTEL	CONFIRMED	PNR72AFD6	EUR	916.00	2026-01-22 20:00:17.097934+01	3
344c396e	da44ffe6	e5d181db	AIR	TICKETED	PNR065FFC	EUR	982.00	2026-01-22 20:00:17.097961+01	3
16f867be	952001fe	e5d181db	HOTEL	CONFIRMED	PNR820D3D	EUR	1021.00	2026-01-22 20:00:17.098519+01	4
ae03bf8f	56dc7d44	e5d181db	HOTEL	CANCELLED	PNR32FA2C	EUR	677.00	2026-01-22 20:00:17.098647+01	7
82c73cbb	8f0fefb7	e5d181db	AIR	PENDING_PAYMENT	PNRF2C8D0	EUR	1002.00	2026-01-22 20:00:17.099254+01	3
c4737028	bd8d258c	e5d181db	AIR	TICKETED	PNRAFE1BE	EUR	973.00	2026-01-22 20:00:17.099281+01	5
731e1633	8fd62e85	e5d181db	AIR	PENDING_PAYMENT	PNRAC6529	EUR	567.00	2026-01-22 20:00:17.099307+01	3
9583fb48	9a089867	e5d181db	AIR	CANCELLED	PNR0982FC	EUR	988.00	2026-01-22 20:00:17.099386+01	7
dbfe8143	89e2635c	e5d181db	AIR	CONFIRMED	PNR2D8AEE	EUR	585.00	2026-01-22 20:00:17.099502+01	5
b2fd1ebf	88fbb994	e5d181db	AIR	TICKETED	PNREBA5B5	EUR	696.00	2026-01-22 20:00:17.099607+01	5
f54b0b60	90eb48ab	e5d181db	AIR	PENDING_PAYMENT	PNR5E5132	EUR	486.00	2026-01-22 20:00:17.099922+01	5
03388f40	1f9779a5	e5d181db	AIR	CANCELLED	PNR36EDF2	EUR	1055.00	2026-01-22 20:00:17.100305+01	3
482b569b	19b3cc88	e5d181db	AIR	TICKETED	PNRAEA4D2	EUR	804.00	2026-01-22 20:00:17.100533+01	5
c36022e5	2fee01ed	e5d181db	HOTEL	CONFIRMED	PNREA163B	EUR	645.00	2026-01-22 20:00:17.101002+01	7
1e1cca1a	107484d5	e5d181db	HOTEL	CANCELLED	PNRE1D552	EUR	978.00	2026-01-22 20:00:17.10116+01	5
95bb92b5	767dbf58	e5d181db	HOTEL	CONFIRMED	PNRD7E65A	EUR	596.00	2026-01-22 20:00:17.101187+01	4
677bc19b	0e903fb3	e5d181db	HOTEL	CONFIRMED	PNRF96686	EUR	782.00	2026-01-22 20:00:17.10128+01	6
1811be68	03f27563	e5d181db	HOTEL	PENDING_PAYMENT	PNR3B32F8	EUR	848.00	2026-01-22 20:00:17.101332+01	3
64e0259d	3c6e644e	e5d181db	AIR	PENDING_PAYMENT	PNRC3BCCB	EUR	810.00	2026-01-22 20:00:17.101383+01	6
e208a96f	001d93f0	e5d181db	HOTEL	CANCELLED	PNRBAD22F	EUR	629.00	2026-01-22 21:01:38.974842+01	7
0736ef5e	e3a6f945	e5d181db	AIR	CONFIRMED	PNR5C5B59	EUR	836.00	2026-01-22 21:01:38.974868+01	3
9f282dd9	5c1272b3	e5d181db	AIR	PENDING_PAYMENT	PNR47432E	EUR	621.00	2026-01-22 21:01:38.974963+01	4
96509259	5e1740c0	e5d181db	AIR	PENDING_PAYMENT	PNR6DAB6D	EUR	1173.00	2026-01-22 21:01:38.975453+01	7
2b7cd014	371f8a70	e5d181db	AIR	CONFIRMED	PNR2D0431	EUR	1190.00	2026-01-22 21:01:38.975734+01	6
20a0f6a3	b1947cb6	e5d181db	HOTEL	TICKETED	PNRDBF477	EUR	838.00	2026-01-22 21:01:38.975814+01	7
11a22695	069e4821	e5d181db	HOTEL	PENDING_PAYMENT	PNR48F136	EUR	863.00	2026-01-22 21:01:38.975853+01	7
73842fe3	5e1740c0	e5d181db	AIR	CANCELLED	PNR22EBA3	EUR	1148.00	2026-01-22 21:01:38.975994+01	6
a9655537	c5007c53	e5d181db	HOTEL	CANCELLED	PNR94DB38	EUR	575.00	2026-01-22 21:01:38.976294+01	5
ad4dc150	03f27563	e5d181db	AIR	PENDING_PAYMENT	PNRF69A22	EUR	700.00	2026-01-22 21:01:38.97663+01	4
ffedb3ad	8c9cd4c2	e5d181db	AIR	TICKETED	PNR4DAABF	EUR	600.00	2026-01-22 21:01:38.976721+01	6
dc3ea7f6	1e6cf74d	e5d181db	AIR	PENDING_PAYMENT	PNRA391A7	EUR	524.00	2026-01-22 21:01:38.976778+01	6
9fafbf01	0c004ba0	e5d181db	HOTEL	TICKETED	PNR8D5DCE	EUR	759.00	2026-01-22 21:01:38.976796+01	7
6d388290	1f9c21bf	e5d181db	AIR	PENDING_PAYMENT	PNRA8E693	EUR	479.00	2026-01-22 21:01:38.976832+01	3
d47cc290	3b972b7f	e5d181db	AIR	CONFIRMED	PNRB20579	EUR	585.00	2026-01-22 21:01:38.977201+01	4
ea0ec4cf	24712329	e5d181db	HOTEL	TICKETED	PNR66BF56	EUR	707.00	2026-01-22 21:01:38.97737+01	7
46727746	0e903fb3	e5d181db	HOTEL	CONFIRMED	PNRC3C96E	EUR	681.00	2026-01-22 21:01:38.977386+01	7
0e58eda6	baebc1a2	e5d181db	AIR	CONFIRMED	PNR25F84B	EUR	751.00	2026-01-22 21:01:38.977431+01	7
20783300	76ae8233	e5d181db	AIR	TICKETED	PNRF15152	EUR	666.00	2026-01-22 21:01:38.977475+01	5
a728c129	cae6a133	e5d181db	AIR	CANCELLED	PNR6C7AA1	EUR	1156.00	2026-01-22 21:01:38.977491+01	3
f82f5567	1c1f026d	e5d181db	HOTEL	PENDING_PAYMENT	PNR9D291F	EUR	849.00	2026-01-22 21:01:38.977687+01	3
01c9fc24	8f0fefb7	e5d181db	AIR	PENDING_PAYMENT	PNR82DBA2	EUR	1172.00	2026-01-22 21:01:38.977868+01	4
59db718b	b43fdba1	e5d181db	AIR	TICKETED	PNRACFAF2	EUR	1045.00	2026-01-22 21:01:38.977942+01	4
b936613e	c75f27fb	e5d181db	HOTEL	TICKETED	PNR4A2A7E	EUR	1139.00	2026-01-22 21:01:38.977957+01	4
c2ea9126	ff5c0ad3	e5d181db	HOTEL	PENDING_PAYMENT	PNRF4BCCE	EUR	747.00	2026-01-22 21:01:38.978017+01	3
a8e24070	7db037a9	e5d181db	HOTEL	CANCELLED	PNRE3872C	EUR	855.00	2026-01-22 21:01:38.978167+01	6
3c31bd4c	76a74baf	e5d181db	AIR	TICKETED	PNR762945	EUR	660.00	2026-01-22 21:01:38.978257+01	6
775e6a04	6e8afdb9	e5d181db	HOTEL	CONFIRMED	PNR88FD3D	EUR	532.00	2026-01-22 21:01:38.978412+01	6
74bd5837	a357c1d4	3aaf0cc6	HOTEL	PENDING_PAYMENT	PNRF4AFE5	EUR	144.00	2026-01-22 20:00:17.095316+01	4
c579f1f1	bd63282d	3aaf0cc6	HOTEL	CANCELLED	PNRB828D7	EUR	189.00	2026-01-22 20:00:17.095615+01	4
1abf6445	1e44fee8	3aaf0cc6	AIR	CONFIRMED	PNR2D2D23	EUR	128.00	2026-01-22 20:00:17.095671+01	5
7cb3621c	c52c461f	3aaf0cc6	AIR	PENDING_PAYMENT	PNR9FA297	EUR	189.00	2026-01-22 20:00:17.096416+01	6
ebbdf166	e9bec207	3aaf0cc6	HOTEL	CONFIRMED	PNR4DD481	EUR	153.00	2026-01-22 20:00:17.09648+01	4
2eccc504	de8c2926	4c9692b3	HOTEL	CONFIRMED	PNR8277D4	EUR	235.00	2026-01-22 20:00:17.095562+01	5
d8b73e7d	cc6a14d7	4c9692b3	HOTEL	TICKETED	PNR77AA7A	EUR	204.00	2026-01-22 20:00:17.095723+01	5
a7c149d4	51229442	4c9692b3	AIR	CANCELLED	PNR45C2D0	EUR	188.00	2026-01-22 20:00:17.095748+01	7
df1084af	bd8d258c	4c9692b3	AIR	TICKETED	PNR4D8C0B	EUR	248.00	2026-01-22 20:00:17.096574+01	6
fb08bf12	0acd98ff	4c9692b3	AIR	TICKETED	PNR541A66	EUR	147.00	2026-01-22 20:00:17.09662+01	4
1f85f9a0	8fd62e85	1ad4f8c1	AIR	CONFIRMED	PNR8AE6CC	EUR	1105.00	2026-01-22 20:00:17.095411+01	7
65069290	c4f7cdd5	1ad4f8c1	HOTEL	CANCELLED	PNRC78712	EUR	853.00	2026-01-22 20:00:17.095697+01	5
13c0d3fa	147b4c93	1ad4f8c1	HOTEL	CONFIRMED	PNR9A95E7	EUR	1401.00	2026-01-22 20:00:17.095872+01	4
9b917f4b	e96e3c94	1ad4f8c1	AIR	PENDING_PAYMENT	PNR8D96B8	EUR	1330.00	2026-01-22 20:00:17.095997+01	5
973107bd	d506cfea	86a8b017	HOTEL	TICKETED	PNR48718A	EUR	548.00	2026-01-22 20:00:17.09487+01	7
6f453ae1	94cc4991	86a8b017	HOTEL	TICKETED	PNRE949CC	EUR	506.00	2026-01-22 20:00:17.09548+01	3
a14b7158	9360edf2	86a8b017	HOTEL	CONFIRMED	PNR69C2C4	EUR	721.00	2026-01-22 20:00:17.095772+01	5
3740dc0f	707f7374	86a8b017	HOTEL	CANCELLED	PNRF19697	EUR	722.00	2026-01-22 20:00:17.095797+01	3
a6fb26c2	639ab155	86a8b017	AIR	CONFIRMED	PNRAD26FA	EUR	701.00	2026-01-22 20:00:17.095847+01	4
ac7542ba	e9e45e35	86a8b017	AIR	CONFIRMED	PNR1C2749	EUR	475.00	2026-01-22 20:00:17.095898+01	3
4885616d	267866bf	86a8b017	AIR	TICKETED	PNR9AC8D4	EUR	837.00	2026-01-22 20:00:17.095923+01	7
cc081b68	99f2e8b7	86a8b017	HOTEL	PENDING_PAYMENT	PNR272BEA	EUR	757.00	2026-01-22 20:00:17.09595+01	4
73bae183	1e5c3e96	86a8b017	AIR	PENDING_PAYMENT	PNR757091	EUR	829.00	2026-01-22 20:00:17.095973+01	4
919002dc	0e903fb3	86a8b017	AIR	TICKETED	PNR688EBD	EUR	837.00	2026-01-22 20:00:17.096597+01	5
6e85c335	1a8afe2d	a6065b00	AIR	CANCELLED	PNRAFA1D2	EUR	1578.00	2026-01-22 20:00:17.095535+01	6
958b208f	fc6fa769	a6065b00	HOTEL	CANCELLED	PNREDC3D8	EUR	939.00	2026-01-22 20:00:17.095642+01	7
1006f947	7dec65b5	a6065b00	HOTEL	CANCELLED	PNRDC2BDC	EUR	832.00	2026-01-22 20:00:17.095823+01	3
7f2cf61a	dca9914e	a6065b00	HOTEL	TICKETED	PNRD0A333	EUR	1617.00	2026-01-22 20:00:17.096452+01	3
30703f70	922bca79	fc55b3c4	HOTEL	CONFIRMED	PNR841160	EUR	1694.00	2026-01-22 20:00:17.095451+01	7
33fa8dab	b1fa0584	fc55b3c4	HOTEL	PENDING_PAYMENT	PNR99D5FB	EUR	1780.00	2026-01-22 20:00:17.096022+01	3
196b7c3b	94ba147e	fc55b3c4	HOTEL	CONFIRMED	PNR969978	EUR	2299.00	2026-01-22 20:00:17.096504+01	4
e8b89887	0235d7e9	fc55b3c4	AIR	CANCELLED	PNRBD5B44	EUR	1857.00	2026-01-22 20:00:17.096643+01	3
1ff87055	1fa35020	8d1f74d7	HOTEL	CONFIRMED	PNR1B6D6E	EUR	101.00	2026-01-22 20:00:17.096551+01	6
47e3e589	fc22dc2a	e5d181db	AIR	TICKETED	PNRA8131D	EUR	1094.00	2026-01-22 20:00:17.095508+01	3
10725a5b	480d4540	e5d181db	HOTEL	CONFIRMED	PNR4BAA4C	EUR	793.00	2026-01-22 20:00:17.095589+01	3
aa3bcf40	00c9b43b	e5d181db	HOTEL	TICKETED	PNR390D07	EUR	513.00	2026-01-22 20:00:17.096527+01	5
5704c879	eaa0defc	3aaf0cc6	HOTEL	TICKETED	PNR0E3046	EUR	142.00	2026-01-22 20:00:17.096942+01	3
8d0f4cef	cae6a133	3aaf0cc6	AIR	CANCELLED	PNR43862F	EUR	238.00	2026-01-22 20:00:17.097043+01	7
cf601636	d40b3a36	3aaf0cc6	HOTEL	CANCELLED	PNRE7E9D5	EUR	189.00	2026-01-22 20:00:17.097451+01	3
f7d9385f	e1118880	3aaf0cc6	HOTEL	PENDING_PAYMENT	PNRB69637	EUR	222.00	2026-01-22 20:00:17.097496+01	4
4d28e7cb	6b67a717	3aaf0cc6	HOTEL	PENDING_PAYMENT	PNR024B06	EUR	188.00	2026-01-22 20:00:17.097617+01	4
7a555d40	08096c1f	3aaf0cc6	AIR	PENDING_PAYMENT	PNR4894B6	EUR	245.00	2026-01-22 20:00:17.097638+01	5
a752ed72	ab8ee69a	3aaf0cc6	HOTEL	CONFIRMED	PNRD070C8	EUR	240.00	2026-01-22 20:00:17.097782+01	7
563de81e	6b6b6da2	3aaf0cc6	AIR	CANCELLED	PNR8C10FA	EUR	124.00	2026-01-22 20:00:17.097909+01	3
9a9b82e0	fc22dc2a	3aaf0cc6	HOTEL	TICKETED	PNR0EC8F4	EUR	172.00	2026-01-22 20:00:17.098186+01	3
44cb3b68	4c9c0c62	3aaf0cc6	AIR	CONFIRMED	PNR179EFC	EUR	182.00	2026-01-22 20:00:17.098213+01	5
d6a7c900	ed104453	3aaf0cc6	HOTEL	CANCELLED	PNR051477	EUR	216.00	2026-01-22 20:00:17.098264+01	4
ca8f92a3	1bd5ed57	3aaf0cc6	AIR	TICKETED	PNRD39443	EUR	189.00	2026-01-22 20:00:17.098365+01	3
82fe6c77	5620c9cc	3aaf0cc6	AIR	TICKETED	PNR9DB6AC	EUR	131.00	2026-01-22 20:00:17.098417+01	7
1e6ff7be	1e6cf74d	3aaf0cc6	AIR	CANCELLED	PNRB77035	EUR	202.00	2026-01-22 20:00:17.098596+01	3
88b9c895	b0595b9e	3aaf0cc6	HOTEL	CANCELLED	PNR4AFC43	EUR	196.00	2026-01-22 20:00:17.099007+01	3
56f1894a	94bd64e3	3aaf0cc6	AIR	TICKETED	PNR062BE8	EUR	229.00	2026-01-22 20:00:17.099122+01	6
eb9d6ef1	b6eceef7	3aaf0cc6	HOTEL	CANCELLED	PNR573E69	EUR	189.00	2026-01-22 20:00:17.099358+01	6
15c88bc5	d32e5b8c	3aaf0cc6	HOTEL	TICKETED	PNR70EF0F	EUR	121.00	2026-01-22 20:00:17.099413+01	6
30ded019	89e2635c	3aaf0cc6	HOTEL	CONFIRMED	PNR154040	EUR	165.00	2026-01-22 20:00:17.099554+01	5
9f2b9339	c03c69c5	3aaf0cc6	HOTEL	TICKETED	PNR883B05	EUR	125.00	2026-01-22 20:00:17.09971+01	6
c46b5eab	56950a23	3aaf0cc6	HOTEL	CONFIRMED	PNRFF205D	EUR	193.00	2026-01-22 20:00:17.099817+01	4
dc4e5f46	6f589a62	3aaf0cc6	AIR	TICKETED	PNR1E990D	EUR	134.00	2026-01-22 20:00:17.100126+01	3
6d681c8c	99f2e8b7	3aaf0cc6	AIR	CANCELLED	PNRF0B417	EUR	122.00	2026-01-22 20:00:17.100388+01	3
c546a52e	74ecdd17	3aaf0cc6	AIR	CONFIRMED	PNR54D4C3	EUR	148.00	2026-01-22 20:00:17.100413+01	5
fb24754f	371f8a70	3aaf0cc6	HOTEL	PENDING_PAYMENT	PNR0C470E	EUR	173.00	2026-01-22 20:00:17.100756+01	6
ce6a8f93	3b972b7f	3aaf0cc6	AIR	TICKETED	PNRD43EBF	EUR	188.00	2026-01-22 20:00:17.100781+01	5
3817267e	c52c461f	3aaf0cc6	AIR	PENDING_PAYMENT	PNRD8DD62	EUR	126.00	2026-01-22 20:00:17.100903+01	4
67c5e8b7	707f7374	3aaf0cc6	AIR	CONFIRMED	PNR1BE4F4	EUR	239.00	2026-01-22 20:00:17.101109+01	4
3971cb3e	1269c89f	3aaf0cc6	HOTEL	CANCELLED	PNR814E1E	EUR	210.00	2026-01-22 20:00:17.10124+01	7
6b38e27b	bd357688	3aaf0cc6	AIR	TICKETED	PNRDF583B	EUR	238.00	2026-01-22 21:01:38.975015+01	7
d67fd5f0	402defd3	3aaf0cc6	AIR	CANCELLED	PNR29AD20	EUR	245.00	2026-01-22 21:01:38.975689+01	3
566abf78	8fa493ce	3aaf0cc6	HOTEL	TICKETED	PNR39C421	EUR	169.00	2026-01-22 21:01:38.975934+01	7
56926469	02961c5a	3aaf0cc6	HOTEL	CONFIRMED	PNR4CA182	EUR	178.00	2026-01-22 21:01:38.976098+01	3
f6d0172b	aadd4bf5	3aaf0cc6	AIR	CANCELLED	PNR5D09E9	EUR	246.00	2026-01-22 21:01:38.976427+01	3
6a821bac	13e9a3ab	3aaf0cc6	AIR	CONFIRMED	PNR99DBC0	EUR	202.00	2026-01-22 21:01:38.976612+01	5
5ce46ee4	ed104453	3aaf0cc6	HOTEL	TICKETED	PNR23E055	EUR	222.00	2026-01-22 21:01:38.976685+01	6
e6340fe4	d2423176	e5d181db	AIR	TICKETED	PNREF59A4	EUR	915.00	2026-01-22 20:00:17.100099+01	6
a383b06b	c8828009	3aaf0cc6	AIR	TICKETED	PNRE4A0D9	EUR	199.00	2026-01-22 21:01:38.978502+01	7
370225e3	167ca9bd	3aaf0cc6	AIR	CANCELLED	PNR60BC5F	EUR	175.00	2026-01-22 21:01:38.978806+01	6
2926f640	1d3d2bda	3aaf0cc6	AIR	PENDING_PAYMENT	PNRB15EAC	EUR	183.00	2026-01-22 21:01:38.978822+01	6
101b1f48	02960cb6	4c9692b3	HOTEL	CONFIRMED	PNRE21B67	EUR	171.00	2026-01-22 21:01:38.978517+01	3
206cbcd9	b0595b9e	4c9692b3	HOTEL	CONFIRMED	PNR85BE37	EUR	217.00	2026-01-22 21:01:38.978531+01	7
60ccb8b3	975a8d58	4c9692b3	AIR	CANCELLED	PNR466F7A	EUR	265.00	2026-01-22 21:01:38.978546+01	3
7d7234a6	cca84bac	4c9692b3	HOTEL	TICKETED	PNRAA0B71	EUR	231.00	2026-01-22 21:01:38.978744+01	7
99e432b2	cca84bac	4c9692b3	AIR	TICKETED	PNR74D127	EUR	198.00	2026-01-22 21:01:38.978776+01	7
892c30fe	020addac	4c9692b3	AIR	TICKETED	PNRB4A963	EUR	152.00	2026-01-22 21:01:38.978897+01	5
29320011	d40b3a36	1ad4f8c1	AIR	PENDING_PAYMENT	PNRE26856	EUR	1104.00	2026-01-22 21:01:38.978561+01	7
fa0cf690	9fb284cb	1ad4f8c1	AIR	CONFIRMED	PNR326D28	EUR	1387.00	2026-01-22 21:01:38.97876+01	5
953b1144	ad734ead	1ad4f8c1	HOTEL	PENDING_PAYMENT	PNRCCE392	EUR	1293.00	2026-01-22 21:01:38.978867+01	4
53227cb1	02961c5a	1ad4f8c1	AIR	CONFIRMED	PNRC50EA4	EUR	1288.00	2026-01-22 21:01:38.978987+01	7
fe7a4673	02b5a103	86a8b017	HOTEL	CONFIRMED	PNR5CF78D	EUR	813.00	2026-01-22 21:01:38.978729+01	3
72d371e7	707f7374	86a8b017	AIR	PENDING_PAYMENT	PNR04623B	EUR	789.00	2026-01-22 21:01:38.978911+01	4
cc2caabb	df01be6f	86a8b017	AIR	CONFIRMED	PNR7F15AC	EUR	845.00	2026-01-22 21:01:38.978941+01	4
8be6cbe6	2fee01ed	86a8b017	HOTEL	CANCELLED	PNR4806BC	EUR	852.00	2026-01-22 21:01:38.978956+01	5
4c1fa0fa	abda005a	a6065b00	AIR	CONFIRMED	PNR51FDDD	EUR	1705.00	2026-01-22 21:01:38.978591+01	3
9f4bd68a	7d2899a3	a6065b00	AIR	CONFIRMED	PNRA4A36F	EUR	1844.00	2026-01-22 21:01:38.978697+01	3
47556b4b	d2dd249d	a6065b00	AIR	TICKETED	PNR63BD0D	EUR	1770.00	2026-01-22 21:01:38.978713+01	6
a51fb912	e6720a59	a6065b00	AIR	CANCELLED	PNR1533F9	EUR	996.00	2026-01-22 21:01:38.978836+01	5
32a90b7e	ec533a6f	a6065b00	AIR	TICKETED	PNR7F35D0	EUR	1857.00	2026-01-22 21:01:38.978926+01	3
0f91a485	35f566c6	fc55b3c4	AIR	TICKETED	PNRE90377	EUR	2427.00	2026-01-22 21:01:38.978576+01	4
0ea7ca38	5c99ab61	fc55b3c4	HOTEL	PENDING_PAYMENT	PNRF6BC73	EUR	1518.00	2026-01-22 21:01:38.978651+01	3
69c6e16b	8f0fefb7	fc55b3c4	HOTEL	TICKETED	PNR81161A	EUR	2120.00	2026-01-22 21:01:38.978666+01	4
ab5308e1	dca9914e	fc55b3c4	HOTEL	PENDING_PAYMENT	PNRD9A10E	EUR	1505.00	2026-01-22 21:01:38.978852+01	4
781e8aac	cca84bac	fc55b3c4	AIR	CANCELLED	PNR8002F9	EUR	1764.00	2026-01-22 21:01:38.978882+01	3
e5822630	b48a4586	fc55b3c4	HOTEL	PENDING_PAYMENT	PNRA6A62F	EUR	2036.00	2026-01-22 21:01:38.979001+01	6
ad621527	aa0c0083	8d1f74d7	AIR	CANCELLED	PNR8E54B6	EUR	129.00	2026-01-22 21:01:38.978606+01	6
470ac98e	406416dd	8d1f74d7	AIR	TICKETED	PNRF7AA97	EUR	124.00	2026-01-22 21:01:38.978636+01	7
4007e8f8	e9bec207	8d1f74d7	HOTEL	CONFIRMED	PNRBD8A7C	EUR	147.00	2026-01-22 21:01:38.978971+01	5
dff99531	da44ffe6	e5d181db	HOTEL	CANCELLED	PNR5E0DD5	EUR	1198.00	2026-01-22 21:01:38.978621+01	7
f2db6cc5	01eed269	e5d181db	AIR	CANCELLED	PNRC39FF5	EUR	769.00	2026-01-22 21:01:38.978682+01	7
f4563a28	46898e5c	e5d181db	HOTEL	PENDING_PAYMENT	PNR41A335	EUR	480.00	2026-01-22 21:01:38.978791+01	6
\.


--
-- Data for Name: customers; Type: TABLE DATA; Schema: travel; Owner: postgres
--

COPY travel.customers (customer_id, name, phone, loyalty_id) FROM stdin;
b0595b9e	Daniel Vedia	+34 632 465 845	LOY358595
47a5134a	Elsa Nunes	+34 738 678 765	LOY971376
b6eceef7	Maria Bueno	+34 710 953 864	LOY592087
96dc0e89	Sergio Guillem	+34 637 229 474	LOY526202
371f8a70	Carlos Novoa	+34 628 165 898	LOY543601
19b3cc88	Daniel Vedia	+34 755 284 787	LOY375302
869aa9e5	Elsa Nunes	+34 665 353 736	\N
344c0cc0	Maria Bueno	+34 787 161 358	LOY700015
e6720a59	Sergio Guillem	+34 786 548 150	LOY419163
639ab155	Carlos Novoa	+34 635 996 633	LOY145922
9a089867	Daniel Vedia	+34 679 359 433	LOY363321
b43fdba1	Elsa Nunes	+34 712 926 505	\N
88821e8b	Maria Bueno	+34 742 494 983	LOY700628
f104edbc	Sergio Guillem	+34 675 589 693	LOY601464
922bca79	Carlos Novoa	+34 636 962 272	LOY438548
c009e64f	Daniel Vedia	+34 689 478 212	\N
b81e911b	Elsa Nunes	+34 737 329 311	\N
4623e2e5	Maria Bueno	+34 621 861 246	\N
1529c111	Sergio Guillem	+34 782 399 789	LOY288227
20a706d1	Carlos Novoa	+34 653 394 861	LOY962715
f3c36c86	Daniel Vedia	+34 736 236 273	LOY570107
2a8cf94b	Elsa Nunes	+34 723 525 238	LOY952635
5ce4eb4c	Maria Bueno	+34 725 787 353	LOY345429
8f0fefb7	Sergio Guillem	+34 757 361 248	LOY329338
8582671b	Carlos Novoa	+34 710 706 911	LOY925426
406416dd	Daniel Vedia	+34 676 405 302	LOY745776
02b5a103	Elsa Nunes	+34 775 852 989	LOY350486
2f284839	Maria Bueno	+34 785 438 405	LOY349275
b3a28585	Sergio Guillem	+34 641 671 930	\N
35f566c6	Carlos Novoa	+34 699 202 793	\N
b6912e98	Daniel Vedia	+34 732 315 726	LOY929318
77e848b5	Elsa Nunes	+34 757 682 235	LOY567718
ce10922d	Maria Bueno	+34 644 306 200	\N
b1fa0584	Sergio Guillem	+34 783 528 484	\N
1f9779a5	Carlos Novoa	+34 676 706 417	LOY480202
02960cb6	Daniel Vedia	+34 684 311 426	LOY269901
c4d00b37	Elsa Nunes	+34 629 262 197	LOY330148
020addac	Maria Bueno	+34 740 788 228	LOY375113
0c004ba0	Sergio Guillem	+34 781 592 552	LOY486224
74e941eb	Carlos Novoa	+34 750 380 198	\N
9d70c17c	Daniel Vedia	+34 694 793 922	LOY544750
73ed2115	Elsa Nunes	+34 622 941 117	LOY961859
3d5bf0c3	Maria Bueno	+34 727 176 155	LOY769244
edfd3a41	Sergio Guillem	+34 741 820 722	LOY377090
1d18dcb6	Carlos Novoa	+34 682 318 677	\N
f76bd670	Daniel Vedia	+34 751 671 442	LOY645519
de869752	Elsa Nunes	+34 671 109 457	LOY270567
0acd98ff	Maria Bueno	+34 671 313 828	LOY653942
1c1f026d	Sergio Guillem	+34 654 227 251	\N
2ab6f6bc	Carlos Novoa	+34 711 170 117	LOY846248
e10e2423	Isabel Bolero	+34 613 961 567	\N
0c9ea52e	Isabel Bolero	+34 664 824 660	LOY276149
fc6fa769	Isabel Bolero	+34 715 620 694	\N
dca9914e	Isabel Bolero	+34 799 914 995	LOY461036
dfe87ee6	Isabel Bolero	+34 693 561 570	LOY901793
c8828009	Isabel Bolero	+34 691 997 120	LOY240040
be170500	Isabel Bolero	+34 628 752 466	\N
ff205bc9	Isabel Bolero	+34 685 611 958	LOY511697
422d896c	Isabel Bolero	+34 782 764 117	LOY989625
bd8d258c	Gills Stone	+34 760 613 151	LOY522638
de8c2926	Gills Stone	+34 724 468 481	\N
079f1c0e	Gills Stone	+34 686 350 917	LOY163964
2dbfd6c5	Gills Stone	+34 793 948 111	LOY806322
a74190bc	Gills Stone	+34 756 821 720	LOY581040
9fb284cb	Gills Stone	+34 722 192 257	\N
d25a636b	Gills Stone	+34 796 342 938	LOY810531
f366ec03	Gills Stone	+34 741 352 293	\N
0da5fb99	Gills Stone	+34 766 251 644	\N
1e5c3e96	Daniel Vedia	+34 660 201 652	LOY321681
cb047f4f	Elsa Nunes	+34 653 323 522	LOY139555
d506cfea	Maria Bueno	+34 657 252 734	LOY526948
97c55b40	Sergio Guillem	+34 782 605 297	LOY699451
ecb4f6e8	Carlos Novoa	+34 754 956 710	\N
1811b73c	Daniel Vedia	+34 779 161 218	LOY428983
76ae8233	Elsa Nunes	+34 628 684 385	LOY941177
c17aa6c1	Maria Bueno	+34 794 822 799	\N
fd085fbe	Sergio Guillem	+34 664 132 440	LOY407420
f215ee7a	Carlos Novoa	+34 743 970 615	LOY352617
4fb1a934	Daniel Vedia	+34 645 292 663	\N
3a18400c	Elsa Nunes	+34 784 542 102	LOY233644
00c9b43b	Maria Bueno	+34 731 456 853	LOY583072
8fd62e85	Sergio Guillem	+34 790 121 390	LOY107800
25c4b28f	Carlos Novoa	+34 778 672 656	\N
8665e7ee	Daniel Vedia	+34 761 636 222	LOY341911
c62981b9	Elsa Nunes	+34 655 222 304	LOY272864
bd63282d	Maria Bueno	+34 639 230 568	LOY870712
71119e2b	Sergio Guillem	+34 726 817 513	LOY172810
ed104453	Carlos Novoa	+34 694 245 295	LOY680264
3dada837	Daniel Vedia	+34 625 537 840	LOY100932
0e00aa5f	Elsa Nunes	+34 666 432 803	LOY761385
114db53d	Maria Bueno	+34 748 482 306	LOY200374
94bd64e3	Sergio Guillem	+34 753 570 923	\N
5b807a60	Carlos Novoa	+34 620 688 809	LOY332223
063de543	Daniel Vedia	+34 683 936 738	LOY995799
90eb48ab	Elsa Nunes	+34 650 896 384	\N
24712329	Maria Bueno	+34 664 832 919	LOY667452
001d93f0	Sergio Guillem	+34 629 291 108	LOY446777
260a44b4	Carlos Novoa	+34 679 682 623	LOY679142
e3c87aa6	Daniel Vedia	+34 677 848 905	\N
94cc4991	Elsa Nunes	+34 722 413 916	LOY464042
43480a39	Maria Bueno	+34 617 953 479	\N
1f9c21bf	Sergio Guillem	+34 647 812 928	LOY231954
df3d971c	Carlos Novoa	+34 795 302 262	LOY367720
8ca22a46	Daniel Vedia	+34 650 885 808	LOY924260
874dd800	Elsa Nunes	+34 698 151 776	LOY380205
fc22dc2a	Maria Bueno	+34 658 510 182	LOY801970
02961c5a	Sergio Guillem	+34 694 197 795	LOY910398
8ef3a63a	Carlos Novoa	+34 685 796 621	LOY799812
d2423176	Daniel Vedia	+34 655 109 381	LOY948190
94ba147e	Elsa Nunes	+34 656 767 104	\N
60da3a78	Maria Bueno	+34 745 740 401	LOY995948
11339f9b	Sergio Guillem	+34 613 690 621	LOY822343
28f5bac6	Carlos Novoa	+34 698 299 958	LOY477894
e96e3c94	Daniel Vedia	+34 615 872 908	\N
56950a23	Elsa Nunes	+34 753 807 412	\N
ad734ead	Maria Bueno	+34 761 777 661	LOY634836
c75f27fb	Sergio Guillem	+34 762 139 144	LOY355115
c918a633	Carlos Novoa	+34 631 928 676	LOY476654
c5007c53	Isabel Bolero	+34 682 725 205	LOY291006
9a0ff9f0	Isabel Bolero	+34 650 405 637	\N
6881d5df	Isabel Bolero	+34 621 511 487	LOY987246
5881435d	Isabel Bolero	+34 764 343 958	LOY431562
83d402cd	Isabel Bolero	+34 768 437 390	\N
5c99ab61	Isabel Bolero	+34 672 716 421	LOY641685
a88786fe	Isabel Bolero	+34 625 575 445	LOY672323
e0c7d58b	Isabel Bolero	+34 674 511 455	LOY738605
0e4f72f2	Isabel Bolero	+34 630 827 746	LOY620562
325086de	Gills Stone	+34 740 924 548	LOY999077
a963f399	Gills Stone	+34 639 639 865	\N
8b4b7180	Gills Stone	+34 623 323 841	\N
ab4afad1	Gills Stone	+34 655 725 944	LOY805672
e1118880	Gills Stone	+34 676 763 502	\N
aa0c0083	Gills Stone	+34 663 194 208	LOY770768
6c707f62	Gills Stone	+34 686 705 596	\N
59540e34	Gills Stone	+34 717 790 811	LOY588912
56dc7d44	Gills Stone	+34 689 105 551	LOY328501
8f8a6047	Daniel Vedia	+34 680 131 291	LOY404296
9e881897	Elsa Nunes	+34 640 120 733	LOY642787
0e903fb3	Maria Bueno	+34 694 480 334	\N
80a7a207	Sergio Guillem	+34 786 278 213	\N
8a4b2262	Carlos Novoa	+34 785 160 181	LOY645357
147b4c93	Daniel Vedia	+34 639 957 309	LOY563490
baebc1a2	Elsa Nunes	+34 618 226 877	LOY145269
5e1740c0	Maria Bueno	+34 619 911 429	\N
875d2dbe	Sergio Guillem	+34 791 501 603	LOY457518
2fee01ed	Carlos Novoa	+34 666 811 622	LOY782556
aa914110	Daniel Vedia	+34 773 302 841	\N
f1f66adf	Elsa Nunes	+34 693 345 698	\N
1a8afe2d	Maria Bueno	+34 616 514 641	LOY905521
763b5033	Sergio Guillem	+34 648 372 415	LOY308033
6e8afdb9	Carlos Novoa	+34 689 594 108	LOY458619
a357c1d4	Daniel Vedia	+34 614 850 615	LOY338163
db5421b9	Elsa Nunes	+34 739 571 875	\N
6b6b6da2	Maria Bueno	+34 718 438 705	LOY743113
767dbf58	Sergio Guillem	+34 735 565 284	LOY365448
eaa0defc	Carlos Novoa	+34 650 266 262	LOY523220
167ca9bd	Daniel Vedia	+34 642 279 694	LOY309133
f5f465cf	Elsa Nunes	+34 777 785 372	LOY755535
3b972b7f	Maria Bueno	+34 660 582 353	\N
e4c1f1b9	Sergio Guillem	+34 772 623 994	\N
dcd0d3ee	Carlos Novoa	+34 616 876 142	\N
4515e051	Daniel Vedia	+34 644 503 180	LOY295621
ec533a6f	Elsa Nunes	+34 777 814 899	\N
01a4334e	Maria Bueno	+34 754 770 435	LOY747997
077545c0	Sergio Guillem	+34 639 157 977	\N
1bd5ed57	Carlos Novoa	+34 694 981 144	\N
cc6a14d7	Daniel Vedia	+34 678 118 971	LOY709564
46898e5c	Elsa Nunes	+34 743 855 365	\N
844f140d	Maria Bueno	+34 752 862 272	LOY467240
5c285415	Sergio Guillem	+34 748 216 438	LOY473563
ff5c0ad3	Carlos Novoa	+34 649 848 788	\N
480d4540	Daniel Vedia	+34 627 126 889	\N
15345b41	Elsa Nunes	+34 756 638 292	LOY877429
7db037a9	Maria Bueno	+34 721 787 196	LOY453003
2141c76f	Sergio Guillem	+34 720 926 261	LOY458108
c4f7cdd5	Carlos Novoa	+34 792 755 627	LOY654689
cadc8163	Daniel Vedia	+34 688 286 427	\N
99f2e8b7	Elsa Nunes	+34 617 989 845	LOY137765
15ae9ac7	Maria Bueno	+34 653 948 946	LOY629967
f9b1da8c	Sergio Guillem	+34 647 774 361	LOY203588
262106e5	Carlos Novoa	+34 651 622 689	\N
d32e5b8c	Daniel Vedia	+34 688 645 140	LOY910922
267866bf	Elsa Nunes	+34 718 456 919	\N
069e4821	Maria Bueno	+34 631 175 469	\N
9558385a	Sergio Guillem	+34 642 936 764	LOY286135
0235d7e9	Carlos Novoa	+34 674 206 155	LOY834530
166e13bf	Isabel Bolero	+34 757 276 499	LOY344602
9e88aaa4	Isabel Bolero	+34 737 401 242	\N
35b3b902	Isabel Bolero	+34 687 641 459	LOY166282
74ecdd17	Isabel Bolero	+34 733 102 677	LOY906630
a8e00fa8	Isabel Bolero	+34 763 375 116	LOY120870
8fa493ce	Isabel Bolero	+34 738 751 398	LOY845368
b83d9ca7	Isabel Bolero	+34 730 996 713	LOY227613
cca84bac	Isabel Bolero	+34 744 364 103	\N
107484d5	Gills Stone	+34 685 725 840	LOY332913
975a8d58	Gills Stone	+34 633 863 868	\N
79489de3	Gills Stone	+34 680 519 369	LOY447102
e094871a	Gills Stone	+34 610 466 779	LOY886335
88fbb994	Gills Stone	+34 619 759 271	\N
b48a4586	Gills Stone	+34 611 438 505	\N
2e673cd9	Gills Stone	+34 685 616 986	\N
70fe874b	Gills Stone	+34 742 796 627	LOY561628
00a00b29	Gills Stone	+34 648 555 885	LOY141302
f1cf4895	Gills Stone	+34 659 130 876	LOY277849
f08f881b	Daniel Vedia	+34 615 888 937	LOY370508
56a02fdf	Elsa Nunes	+34 684 281 971	LOY619603
e6746d85	Maria Bueno	+34 677 793 897	\N
23b01d07	Sergio Guillem	+34 719 327 703	\N
c52c461f	Carlos Novoa	+34 630 960 655	LOY671715
ca019b08	Daniel Vedia	+34 738 117 426	LOY132871
60911f71	Elsa Nunes	+34 640 957 887	LOY591406
3df5a8d0	Maria Bueno	+34 740 180 536	LOY551347
df01be6f	Sergio Guillem	+34 642 659 354	LOY585152
b8c53350	Carlos Novoa	+34 786 308 580	LOY619383
7d2899a3	Daniel Vedia	+34 767 897 197	LOY904286
6ce66803	Elsa Nunes	+34 638 368 993	LOY126338
e9e45e35	Maria Bueno	+34 691 391 281	LOY378558
c6a5beaa	Sergio Guillem	+34 663 377 746	LOY739980
5c1272b3	Carlos Novoa	+34 636 287 835	\N
d541002a	Daniel Vedia	+34 639 299 638	\N
26f1e58a	Elsa Nunes	+34 638 319 330	LOY422405
f8b1e349	Maria Bueno	+34 665 135 389	\N
7a7af763	Sergio Guillem	+34 767 523 748	\N
c03c69c5	Carlos Novoa	+34 626 728 796	\N
ab8ee69a	Daniel Vedia	+34 754 239 770	LOY142967
e176c4a4	Elsa Nunes	+34 737 964 753	LOY997839
ca875942	Maria Bueno	+34 679 748 953	\N
59bbca9b	Sergio Guillem	+34 697 286 100	\N
29696027	Carlos Novoa	+34 661 272 207	LOY105564
1e44fee8	Daniel Vedia	+34 681 188 802	LOY833655
7ae79fd3	Elsa Nunes	+34 660 739 119	LOY903103
75e79786	Maria Bueno	+34 792 357 439	LOY669562
e76d6b15	Sergio Guillem	+34 656 624 865	LOY468445
3c6e644e	Carlos Novoa	+34 776 461 396	LOY530768
aebe7fef	Daniel Vedia	+34 629 491 393	LOY696681
70a4f1ed	Elsa Nunes	+34 758 160 297	\N
13e9a3ab	Maria Bueno	+34 758 972 538	\N
1fa35020	Sergio Guillem	+34 646 952 317	LOY247758
8c9cd4c2	Carlos Novoa	+34 692 616 881	LOY739576
4f911c69	Daniel Vedia	+34 728 725 824	LOY651402
fa5ea4c5	Elsa Nunes	+34 666 954 722	\N
1d3d2bda	Maria Bueno	+34 744 465 854	LOY669151
13567de0	Sergio Guillem	+34 724 758 729	LOY986584
7dec65b5	Carlos Novoa	+34 716 199 421	\N
1269c89f	Daniel Vedia	+34 755 341 769	\N
3d53babf	Elsa Nunes	+34 799 964 908	\N
9360edf2	Maria Bueno	+34 657 472 163	LOY628502
2029a7b2	Sergio Guillem	+34 697 378 899	LOY817093
7aca74a5	Carlos Novoa	+34 789 572 854	\N
d2dd249d	Daniel Vedia	+34 762 819 974	LOY686946
6b3097b6	Elsa Nunes	+34 652 101 338	LOY507677
8047f4c9	Maria Bueno	+34 628 484 173	LOY884104
1e6cf74d	Sergio Guillem	+34 757 307 227	\N
da44ffe6	Isabel Bolero	+34 777 541 821	\N
102a243d	Isabel Bolero	+34 638 442 279	LOY502917
82adbcfd	Isabel Bolero	+34 668 940 247	LOY835000
fc188cfa	Isabel Bolero	+34 715 344 682	LOY994234
b65a4092	Isabel Bolero	+34 655 419 809	LOY235547
e9bec207	Isabel Bolero	+34 611 113 611	LOY185260
c583fcb2	Isabel Bolero	+34 676 696 415	LOY198415
f4caefa4	Isabel Bolero	+34 730 437 661	LOY542058
2d5a6086	Isabel Bolero	+34 655 439 145	LOY217642
29e8ff76	Gills Stone	+34 622 630 869	LOY409408
4c9c0c62	Gills Stone	+34 696 968 758	LOY596675
8f0bad12	Gills Stone	+34 735 859 205	LOY713138
566a1ae5	Gills Stone	+34 751 611 101	LOY100177
82a92316	Gills Stone	+34 626 813 984	\N
b9a46334	Gills Stone	+34 799 934 760	LOY774150
402defd3	Gills Stone	+34 718 388 189	LOY144466
0f58766b	Gills Stone	+34 613 805 561	\N
e3a6f945	Gills Stone	+34 624 477 933	LOY584630
dc161f95	Carlos Novoa	+34 665 920 967	\N
aadd4bf5	Marta Rodriíguez	+34 769 632 508	LOY940401
cb2842f9	Marta Rodriíguez	+34 763 889 901	LOY895230
a187c1d1	Marta Rodriíguez	+34 727 905 519	LOY481611
89e2635c	Marta Rodriíguez	+34 650 716 481	LOY884594
3e4caae1	Marta Rodriíguez	+34 651 847 795	LOY601474
adc191a6	Marta Rodriíguez	+34 665 869 839	\N
6f589a62	Marta Rodriíguez	+34 775 233 288	\N
dd7b7f1a	Marta Rodriíguez	+34 693 291 718	\N
707f7374	Marta Rodriíguez	+34 758 747 485	LOY239774
a8362c2e	Marta Rodriíguez	+34 715 735 652	LOY623460
050c69d4	Marta Rodriíguez	+34 750 301 517	\N
63832a3d	Marta Rodriíguez	+34 713 212 816	\N
1b565357	Marta Rodriíguez	+34 610 210 365	LOY494369
5620c9cc	Marta Rodriíguez	+34 772 345 811	LOY525191
952001fe	Marta Rodriíguez	+34 639 571 277	LOY941646
30aa13f0	Marta Rodriíguez	+34 759 592 454	LOY274190
4d970a7f	Marta Rodriíguez	+34 794 944 120	\N
1af22276	Marta Rodriíguez	+34 632 959 507	LOY698166
cae6a133	Marta Rodriíguez	+34 691 548 827	LOY209927
9ae426af	Marta Rodriíguez	+34 653 615 352	LOY873687
6b67a717	Marta Rodriíguez	+34 691 330 101	\N
518abb91	Marta Rodriíguez	+34 672 543 144	LOY186954
b1947cb6	Marta Rodriíguez	+34 679 297 119	LOY118174
484bf739	Marta Rodriíguez	+34 660 769 318	LOY452401
76a74baf	Marta Rodriíguez	+34 774 653 896	LOY485477
01eed269	Marta Rodriíguez	+34 798 745 750	\N
51229442	Marta Rodriíguez	+34 675 340 156	LOY562615
636a90e5	Marta Rodriíguez	+34 651 315 114	LOY154415
57905a5c	Marta Rodriíguez	+34 787 788 910	LOY131318
7b81aa91	Marta Rodriíguez	+34 794 363 739	LOY316617
bd357688	Marta Rodriíguez	+34 778 939 333	\N
54cd9417	Marta Rodriíguez	+34 628 416 199	LOY565148
03f27563	Marta Rodriíguez	+34 782 678 794	\N
6f3df24c	Marta Rodriíguez	+34 660 409 788	LOY863425
abda005a	Marta Rodriíguez	+34 635 331 670	LOY400414
b19cb829	Marta Rodriíguez	+34 755 305 467	\N
b8759768	Marta Rodriíguez	+34 628 198 291	\N
08096c1f	Marta Rodriíguez	+34 631 377 617	\N
caee2576	Marta Rodriíguez	+34 676 535 714	LOY698058
02b1e646	Marta Rodriíguez	+34 666 696 309	LOY886577
aeaca7e5	Isabel Bolero	+34 659 855 212	\N
c3fc1ab2	Isabel Bolero	+34 636 182 654	LOY620135
7a846c2f	Isabel Bolero	+34 652 363 260	LOY137269
13e2c732	Isabel Bolero	+34 774 599 805	LOY374012
497fb030	Isabel Bolero	+34 760 419 971	LOY516534
95239495	Gills Stone	+34 653 742 481	LOY554557
d40b3a36	Gills Stone	+34 795 139 846	LOY720631
f8701f78	Gills Stone	+34 744 922 157	LOY953879
\.


--
-- Data for Name: events; Type: TABLE DATA; Schema: travel; Owner: postgres
--

COPY travel.events (event_id, entity_id, event_ts, event_name, payload, customer_id, customer_id2, price_event, city) FROM stdin;
e4375b32	EVT001	2026-08-28 00:00:00+02	Mad Cool	60-90 EUR	76ae8233	94ba147e	60	Madrid, Spain
32e3a9fe	EVT001	2026-08-28 00:00:00+02	Mad Cool	60-90 EUR	ab4afad1	a8e00fa8	60	Madrid, Spain
11cde1df	EVT001	2026-08-28 00:00:00+02	Mad Cool	60-90 EUR	adc191a6	80a7a207	60	Madrid, Spain
1ddde0b4	EVT001	2026-08-28 00:00:00+02	Mad Cool	60-90 EUR	0e4f72f2	114db53d	60	Madrid, Spain
9f9b52e6	EVT001	2026-08-28 00:00:00+02	Mad Cool	60-90 EUR	15ae9ac7	79489de3	60	Madrid, Spain
7fd6c40f	EVT001	2026-08-28 00:00:00+02	Mad Cool	60-90 EUR	c009e64f	24712329	60	Madrid, Spain
373062b5	EVT001	2026-08-28 00:00:00+02	Mad Cool	60-90 EUR	2a8cf94b	8a4b2262	60	Madrid, Spain
d9d58567	EVT001	2026-08-28 00:00:00+02	Mad Cool	60-90 EUR	9558385a	70a4f1ed	60	Madrid, Spain
72806aa7	EVT001	2026-08-28 00:00:00+02	Mad Cool	60-90 EUR	3d5bf0c3	c009e64f	60	Madrid, Spain
7958901a	EVT001	2026-08-28 00:00:00+02	Mad Cool	60-90 EUR	4c9c0c62	952001fe	60	Madrid, Spain
2361c983	EVT001	2026-08-28 00:00:00+02	Mad Cool	60-90 EUR	e0c7d58b	95239495	60	Madrid, Spain
9ba4dcde	EVT001	2026-08-28 00:00:00+02	Mad Cool	60-90 EUR	dfe87ee6	5c99ab61	60	Madrid, Spain
47266c79	EVT001	2026-08-28 00:00:00+02	Mad Cool	60-90 EUR	e76d6b15	60911f71	60	Madrid, Spain
96cfe61f	EVT001	2026-08-28 00:00:00+02	Mad Cool	60-90 EUR	cae6a133	aebe7fef	60	Madrid, Spain
e1c5dbab	EVT001	2026-08-28 00:00:00+02	Mad Cool	60-90 EUR	874dd800	cb047f4f	60	Madrid, Spain
57b57bd0	EVT001	2026-08-28 00:00:00+02	Mad Cool	60-90 EUR	73ed2115	76a74baf	60	Madrid, Spain
217923b8	EVT001	2026-08-28 00:00:00+02	Mad Cool	60-90 EUR	4623e2e5	2ab6f6bc	60	Madrid, Spain
f0830f93	EVT001	2026-08-28 00:00:00+02	Mad Cool	60-90 EUR	5c1272b3	1a8afe2d	60	Madrid, Spain
688a2e82	EVT001	2026-08-28 00:00:00+02	Mad Cool	60-90 EUR	7a7af763	baebc1a2	60	Madrid, Spain
c6869bda	EVT001	2026-08-28 00:00:00+02	Mad Cool	60-90 EUR	77e848b5	aebe7fef	60	Madrid, Spain
5b28a58e	EVT001	2026-08-28 00:00:00+02	Mad Cool	60-90 EUR	ec533a6f	88821e8b	60	Madrid, Spain
be564e0a	EVT001	2026-08-28 00:00:00+02	Mad Cool	60-90 EUR	b19cb829	28f5bac6	60	Madrid, Spain
d8d3da22	EVT001	2026-08-28 00:00:00+02	Mad Cool	60-90 EUR	6b67a717	74e941eb	60	Madrid, Spain
87a5dd81	EVT001	2026-08-28 00:00:00+02	Mad Cool	60-90 EUR	9360edf2	f9b1da8c	60	Madrid, Spain
815ff04a	EVT001	2026-08-28 00:00:00+02	Mad Cool	60-90 EUR	6e8afdb9	063de543	60	Madrid, Spain
a60be7e5	EVT001	2026-08-28 00:00:00+02	Mad Cool	60-90 EUR	cc6a14d7	c6a5beaa	60	Madrid, Spain
e8b62334	EVT001	2026-08-28 00:00:00+02	Mad Cool	60-90 EUR	063de543	1d18dcb6	60	Madrid, Spain
c2097639	EVT001	2026-08-28 00:00:00+02	Mad Cool	60-90 EUR	88fbb994	01eed269	60	Madrid, Spain
bfc1a022	EVT001	2026-08-28 00:00:00+02	Mad Cool	60-90 EUR	cb2842f9	76ae8233	60	Madrid, Spain
42ab7eaf	EVT001	2026-08-28 00:00:00+02	Mad Cool	60-90 EUR	267866bf	83d402cd	60	Madrid, Spain
17d179bb	EVT001	2026-08-28 00:00:00+02	Mad Cool	60-90 EUR	c17aa6c1	050c69d4	60	Madrid, Spain
7a28984d	EVT001	2026-08-28 00:00:00+02	Mad Cool	60-90 EUR	dc161f95	99f2e8b7	60	Madrid, Spain
14e321c6	EVT001	2026-08-28 00:00:00+02	Mad Cool	60-90 EUR	167ca9bd	b6eceef7	60	Madrid, Spain
03eebb81	EVT001	2026-08-28 00:00:00+02	Mad Cool	60-90 EUR	ed104453	a357c1d4	60	Madrid, Spain
698f5a15	EVT001	2026-08-28 00:00:00+02	Mad Cool	60-90 EUR	8582671b	8b4b7180	60	Madrid, Spain
96a645bf	EVT001	2026-08-28 00:00:00+02	Mad Cool	60-90 EUR	57905a5c	3c6e644e	60	Madrid, Spain
ad84c1bd	EVT001	2026-08-28 00:00:00+02	Mad Cool	60-90 EUR	26f1e58a	8f0fefb7	60	Madrid, Spain
3c44c4d2	EVT001	2026-08-28 00:00:00+02	Mad Cool	60-90 EUR	95239495	7a846c2f	60	Madrid, Spain
9122a2e1	EVT001	2026-08-28 00:00:00+02	Mad Cool	60-90 EUR	0e4f72f2	08096c1f	60	Madrid, Spain
7e914068	EVT001	2026-08-28 00:00:00+02	Mad Cool	60-90 EUR	001d93f0	f104edbc	60	Madrid, Spain
feb0a724	EVT001	2026-08-28 00:00:00+02	Mad Cool	60-90 EUR	0e903fb3	8fd62e85	60	Madrid, Spain
ba76d9ad	EVT001	2026-08-28 00:00:00+02	Mad Cool	60-90 EUR	df01be6f	e6720a59	60	Madrid, Spain
22ab7780	EVT001	2026-08-28 00:00:00+02	Mad Cool	60-90 EUR	00c9b43b	aa0c0083	60	Madrid, Spain
e4f4a9b2	EVT001	2026-08-28 00:00:00+02	Mad Cool	60-90 EUR	9e88aaa4	df01be6f	60	Madrid, Spain
be52e720	EVT001	2026-08-28 00:00:00+02	Mad Cool	60-90 EUR	d32e5b8c	df01be6f	60	Madrid, Spain
7c8505b4	EVT001	2026-08-28 00:00:00+02	Mad Cool	60-90 EUR	56a02fdf	7d2899a3	60	Madrid, Spain
87be11ef	EVT001	2026-08-28 00:00:00+02	Mad Cool	60-90 EUR	6881d5df	480d4540	60	Madrid, Spain
63043156	EVT001	2026-08-28 00:00:00+02	Mad Cool	60-90 EUR	c75f27fb	7dec65b5	60	Madrid, Spain
52d1a12b	EVT001	2026-08-28 00:00:00+02	Mad Cool	60-90 EUR	c583fcb2	94ba147e	60	Madrid, Spain
5774dd72	EVT001	2026-08-28 00:00:00+02	Mad Cool	60-90 EUR	7ae79fd3	dd7b7f1a	60	Madrid, Spain
bd81ec44	EVT001	2026-08-28 00:00:00+02	Mad Cool	60-90 EUR	344c0cc0	73ed2115	60	Madrid, Spain
8a8b03ee	EVT001	2026-08-28 00:00:00+02	Mad Cool	60-90 EUR	566a1ae5	01a4334e	60	Madrid, Spain
81b43d03	EVT001	2026-08-28 00:00:00+02	Mad Cool	60-90 EUR	cadc8163	9558385a	60	Madrid, Spain
39694e9a	EVT002	2026-09-23 00:00:00+02	Paris Fashion Week	180-1500 EUR	763b5033	f366ec03	180	Paris, France
8cdb17c3	EVT002	2026-09-23 00:00:00+02	Paris Fashion Week	180-1500 EUR	e0c7d58b	cb2842f9	180	Paris, France
4e556feb	EVT002	2026-09-23 00:00:00+02	Paris Fashion Week	180-1500 EUR	4623e2e5	fc22dc2a	180	Paris, France
15656725	EVT002	2026-09-23 00:00:00+02	Paris Fashion Week	180-1500 EUR	402defd3	b81e911b	180	Paris, France
5ce25397	EVT002	2026-09-23 00:00:00+02	Paris Fashion Week	180-1500 EUR	a8362c2e	43480a39	180	Paris, France
5326ce4f	EVT002	2026-09-23 00:00:00+02	Paris Fashion Week	180-1500 EUR	adc191a6	cca84bac	180	Paris, France
e428685e	EVT002	2026-09-23 00:00:00+02	Paris Fashion Week	180-1500 EUR	102a243d	ad734ead	180	Paris, France
ebb64556	EVT002	2026-09-23 00:00:00+02	Paris Fashion Week	180-1500 EUR	cb2842f9	01eed269	180	Paris, France
a0e91d97	EVT002	2026-09-23 00:00:00+02	Paris Fashion Week	180-1500 EUR	020addac	8fd62e85	180	Paris, France
b6e66898	EVT002	2026-09-23 00:00:00+02	Paris Fashion Week	180-1500 EUR	f4caefa4	079f1c0e	180	Paris, France
4aff4728	EVT002	2026-09-23 00:00:00+02	Paris Fashion Week	180-1500 EUR	484bf739	63832a3d	180	Paris, France
fc5dda10	EVT002	2026-09-23 00:00:00+02	Paris Fashion Week	180-1500 EUR	dc161f95	82adbcfd	180	Paris, France
b3182d69	EVT002	2026-09-23 00:00:00+02	Paris Fashion Week	180-1500 EUR	ca019b08	b1fa0584	180	Paris, France
eb538799	EVT002	2026-09-23 00:00:00+02	Paris Fashion Week	180-1500 EUR	f215ee7a	8f0fefb7	180	Paris, France
a8baa814	EVT002	2026-09-23 00:00:00+02	Paris Fashion Week	180-1500 EUR	2fee01ed	76a74baf	180	Paris, France
2be1998b	EVT002	2026-09-23 00:00:00+02	Paris Fashion Week	180-1500 EUR	ca875942	eaa0defc	180	Paris, France
84590a79	EVT002	2026-09-23 00:00:00+02	Paris Fashion Week	180-1500 EUR	b0595b9e	e094871a	180	Paris, France
27a570f4	EVT002	2026-09-23 00:00:00+02	Paris Fashion Week	180-1500 EUR	c583fcb2	1bd5ed57	180	Paris, France
4216d6c4	EVT002	2026-09-23 00:00:00+02	Paris Fashion Week	180-1500 EUR	167ca9bd	0e903fb3	180	Paris, France
1f4db174	EVT002	2026-09-23 00:00:00+02	Paris Fashion Week	180-1500 EUR	7ae79fd3	2029a7b2	180	Paris, France
6291f864	EVT002	2026-09-23 00:00:00+02	Paris Fashion Week	180-1500 EUR	bd357688	063de543	180	Paris, France
5188b0cf	EVT002	2026-09-23 00:00:00+02	Paris Fashion Week	180-1500 EUR	aadd4bf5	ab8ee69a	180	Paris, France
470b1fdd	EVT002	2026-09-23 00:00:00+02	Paris Fashion Week	180-1500 EUR	3dada837	f8701f78	180	Paris, France
253a0e90	EVT002	2026-09-23 00:00:00+02	Paris Fashion Week	180-1500 EUR	4f911c69	59540e34	180	Paris, France
2b504fb8	EVT002	2026-09-23 00:00:00+02	Paris Fashion Week	180-1500 EUR	d25a636b	96dc0e89	180	Paris, France
15258069	EVT002	2026-09-23 00:00:00+02	Paris Fashion Week	180-1500 EUR	ed104453	3c6e644e	180	Paris, France
f80758af	EVT002	2026-09-23 00:00:00+02	Paris Fashion Week	180-1500 EUR	b8759768	e4c1f1b9	180	Paris, France
0aafd58a	EVT002	2026-09-23 00:00:00+02	Paris Fashion Week	180-1500 EUR	00a00b29	371f8a70	180	Paris, France
6839db53	EVT002	2026-09-23 00:00:00+02	Paris Fashion Week	180-1500 EUR	1d18dcb6	2dbfd6c5	180	Paris, France
651f2e16	EVT002	2026-09-23 00:00:00+02	Paris Fashion Week	180-1500 EUR	e10e2423	2141c76f	180	Paris, France
68d93aef	EVT002	2026-09-23 00:00:00+02	Paris Fashion Week	180-1500 EUR	ed104453	050c69d4	180	Paris, France
a2e28c24	EVT002	2026-09-23 00:00:00+02	Paris Fashion Week	180-1500 EUR	fc22dc2a	f8b1e349	180	Paris, France
86bf00d1	EVT002	2026-09-23 00:00:00+02	Paris Fashion Week	180-1500 EUR	cb2842f9	23b01d07	180	Paris, France
9859f43e	EVT002	2026-09-23 00:00:00+02	Paris Fashion Week	180-1500 EUR	aebe7fef	edfd3a41	180	Paris, France
88381d29	EVT002	2026-09-23 00:00:00+02	Paris Fashion Week	180-1500 EUR	f366ec03	fd085fbe	180	Paris, France
808aa272	EVT002	2026-09-23 00:00:00+02	Paris Fashion Week	180-1500 EUR	76ae8233	73ed2115	180	Paris, France
62451550	EVT002	2026-09-23 00:00:00+02	Paris Fashion Week	180-1500 EUR	de869752	7dec65b5	180	Paris, France
ff562176	EVT002	2026-09-23 00:00:00+02	Paris Fashion Week	180-1500 EUR	25c4b28f	069e4821	180	Paris, France
ad8d39d0	EVT002	2026-09-23 00:00:00+02	Paris Fashion Week	180-1500 EUR	3d53babf	975a8d58	180	Paris, France
1f22a436	EVT002	2026-09-23 00:00:00+02	Paris Fashion Week	180-1500 EUR	f5f465cf	56a02fdf	180	Paris, France
464d174a	EVT002	2026-09-23 00:00:00+02	Paris Fashion Week	180-1500 EUR	02b1e646	480d4540	180	Paris, France
0bcd8a4f	EVT002	2026-09-23 00:00:00+02	Paris Fashion Week	180-1500 EUR	20a706d1	7a7af763	180	Paris, France
d1ef1cfa	EVT002	2026-09-23 00:00:00+02	Paris Fashion Week	180-1500 EUR	8c9cd4c2	b65a4092	180	Paris, France
8e892c47	EVT002	2026-09-23 00:00:00+02	Paris Fashion Week	180-1500 EUR	cb2842f9	8fd62e85	180	Paris, France
1b6b376d	EVT002	2026-09-23 00:00:00+02	Paris Fashion Week	180-1500 EUR	88fbb994	30aa13f0	180	Paris, France
4c77f5c1	EVT002	2026-09-23 00:00:00+02	Paris Fashion Week	180-1500 EUR	c17aa6c1	30aa13f0	180	Paris, France
28d3b3d5	EVT002	2026-09-23 00:00:00+02	Paris Fashion Week	180-1500 EUR	5881435d	e1118880	180	Paris, France
2bfec68c	EVT002	2026-09-23 00:00:00+02	Paris Fashion Week	180-1500 EUR	fc188cfa	de8c2926	180	Paris, France
d430e750	EVT002	2026-09-23 00:00:00+02	Paris Fashion Week	180-1500 EUR	76ae8233	566a1ae5	180	Paris, France
cb987987	EVT002	2026-09-23 00:00:00+02	Paris Fashion Week	180-1500 EUR	e176c4a4	29e8ff76	180	Paris, France
4db9193a	EVT002	2026-09-23 00:00:00+02	Paris Fashion Week	180-1500 EUR	b1fa0584	1f9c21bf	180	Paris, France
855dd08e	EVT002	2026-09-23 00:00:00+02	Paris Fashion Week	180-1500 EUR	069e4821	73ed2115	180	Paris, France
95e43003	EVT002	2026-09-23 00:00:00+02	Paris Fashion Week	180-1500 EUR	1af22276	02961c5a	180	Paris, France
020e2eb8	EVT002	2026-09-23 00:00:00+02	Paris Fashion Week	180-1500 EUR	f8b1e349	2a8cf94b	180	Paris, France
52b709eb	EVT002	2026-09-23 00:00:00+02	Paris Fashion Week	180-1500 EUR	869aa9e5	26f1e58a	180	Paris, France
056c9188	EVT002	2026-09-23 00:00:00+02	Paris Fashion Week	180-1500 EUR	fc188cfa	2fee01ed	180	Paris, France
c167fecc	EVT002	2026-09-23 00:00:00+02	Paris Fashion Week	180-1500 EUR	aa914110	2141c76f	180	Paris, France
2589a1d1	EVT002	2026-09-23 00:00:00+02	Paris Fashion Week	180-1500 EUR	069e4821	59540e34	180	Paris, France
ecc29204	EVT002	2026-09-23 00:00:00+02	Paris Fashion Week	180-1500 EUR	7d2899a3	d541002a	180	Paris, France
5bff46ef	EVT002	2026-09-23 00:00:00+02	Paris Fashion Week	180-1500 EUR	15345b41	3d53babf	180	Paris, France
78717efc	EVT002	2026-09-23 00:00:00+02	Paris Fashion Week	180-1500 EUR	ed104453	99f2e8b7	180	Paris, France
9afab228	EVT002	2026-09-23 00:00:00+02	Paris Fashion Week	180-1500 EUR	0235d7e9	dcd0d3ee	180	Paris, France
83486aa4	EVT002	2026-09-23 00:00:00+02	Paris Fashion Week	180-1500 EUR	e0c7d58b	f9b1da8c	180	Paris, France
f3be5017	EVT002	2026-09-23 00:00:00+02	Paris Fashion Week	180-1500 EUR	dd7b7f1a	875d2dbe	180	Paris, France
309083d9	EVT002	2026-09-23 00:00:00+02	Paris Fashion Week	180-1500 EUR	c009e64f	8582671b	180	Paris, France
c6af35c4	EVT002	2026-09-23 00:00:00+02	Paris Fashion Week	180-1500 EUR	406416dd	ec533a6f	180	Paris, France
81a9cdb8	EVT002	2026-09-23 00:00:00+02	Paris Fashion Week	180-1500 EUR	2e673cd9	cb047f4f	180	Paris, France
f9a04eda	EVT002	2026-09-23 00:00:00+02	Paris Fashion Week	180-1500 EUR	7d2899a3	6b6b6da2	180	Paris, France
7d10c49a	EVT002	2026-09-23 00:00:00+02	Paris Fashion Week	180-1500 EUR	d25a636b	da44ffe6	180	Paris, France
c7cf2dfe	EVT002	2026-09-23 00:00:00+02	Paris Fashion Week	180-1500 EUR	29696027	dcd0d3ee	180	Paris, France
390c5b95	EVT003	2026-09-21 00:00:00+02	Oktoberfest Palma	100-200 EUR	a88786fe	7aca74a5	100	Palma, Spain
2ee731c0	EVT003	2026-09-21 00:00:00+02	Oktoberfest Palma	100-200 EUR	35b3b902	6b67a717	100	Palma, Spain
cb3b3b5c	EVT003	2026-09-21 00:00:00+02	Oktoberfest Palma	100-200 EUR	b1947cb6	636a90e5	100	Palma, Spain
d576340d	EVT003	2026-09-21 00:00:00+02	Oktoberfest Palma	100-200 EUR	480d4540	a187c1d1	100	Palma, Spain
d6430bef	EVT003	2026-09-21 00:00:00+02	Oktoberfest Palma	100-200 EUR	167ca9bd	344c0cc0	100	Palma, Spain
784ebd33	EVT003	2026-09-21 00:00:00+02	Oktoberfest Palma	100-200 EUR	0acd98ff	a963f399	100	Palma, Spain
760d5fb4	EVT003	2026-09-21 00:00:00+02	Oktoberfest Palma	100-200 EUR	952001fe	2141c76f	100	Palma, Spain
35a16741	EVT003	2026-09-21 00:00:00+02	Oktoberfest Palma	100-200 EUR	ad734ead	b19cb829	100	Palma, Spain
2fa73a81	EVT003	2026-09-21 00:00:00+02	Oktoberfest Palma	100-200 EUR	e3c87aa6	aa914110	100	Palma, Spain
92ac5c52	EVT003	2026-09-21 00:00:00+02	Oktoberfest Palma	100-200 EUR	406416dd	e76d6b15	100	Palma, Spain
7d392993	EVT003	2026-09-21 00:00:00+02	Oktoberfest Palma	100-200 EUR	aa0c0083	02b5a103	100	Palma, Spain
54cd7cdc	EVT003	2026-09-21 00:00:00+02	Oktoberfest Palma	100-200 EUR	8ca22a46	e4c1f1b9	100	Palma, Spain
95bf1cdb	EVT003	2026-09-21 00:00:00+02	Oktoberfest Palma	100-200 EUR	99f2e8b7	a88786fe	100	Palma, Spain
c95b3ff3	EVT003	2026-09-21 00:00:00+02	Oktoberfest Palma	100-200 EUR	03f27563	be170500	100	Palma, Spain
2fcc661d	EVT003	2026-09-21 00:00:00+02	Oktoberfest Palma	100-200 EUR	5e1740c0	94cc4991	100	Palma, Spain
1276cc3b	EVT003	2026-09-21 00:00:00+02	Oktoberfest Palma	100-200 EUR	be170500	2d5a6086	100	Palma, Spain
50fd63a8	EVT003	2026-09-21 00:00:00+02	Oktoberfest Palma	100-200 EUR	763b5033	02961c5a	100	Palma, Spain
0eb9273a	EVT003	2026-09-21 00:00:00+02	Oktoberfest Palma	100-200 EUR	f1f66adf	2dbfd6c5	100	Palma, Spain
468a78f1	EVT003	2026-09-21 00:00:00+02	Oktoberfest Palma	100-200 EUR	2ab6f6bc	1f9c21bf	100	Palma, Spain
6c0b5c1b	EVT003	2026-09-21 00:00:00+02	Oktoberfest Palma	100-200 EUR	74e941eb	f8b1e349	100	Palma, Spain
0f65aa85	EVT003	2026-09-21 00:00:00+02	Oktoberfest Palma	100-200 EUR	82adbcfd	da44ffe6	100	Palma, Spain
2ac9e88a	EVT003	2026-09-21 00:00:00+02	Oktoberfest Palma	100-200 EUR	e9e45e35	b8759768	100	Palma, Spain
b343f2e8	EVT003	2026-09-21 00:00:00+02	Oktoberfest Palma	100-200 EUR	2a8cf94b	260a44b4	100	Palma, Spain
48078fde	EVT003	2026-09-21 00:00:00+02	Oktoberfest Palma	100-200 EUR	c4f7cdd5	cb047f4f	100	Palma, Spain
13e33d9f	EVT003	2026-09-21 00:00:00+02	Oktoberfest Palma	100-200 EUR	f104edbc	1fa35020	100	Palma, Spain
8f318be9	EVT003	2026-09-21 00:00:00+02	Oktoberfest Palma	100-200 EUR	f4caefa4	a88786fe	100	Palma, Spain
6cd8dc6b	EVT003	2026-09-21 00:00:00+02	Oktoberfest Palma	100-200 EUR	cae6a133	8fa493ce	100	Palma, Spain
c6cc71a8	EVT003	2026-09-21 00:00:00+02	Oktoberfest Palma	100-200 EUR	1fa35020	7dec65b5	100	Palma, Spain
6d65638d	EVT003	2026-09-21 00:00:00+02	Oktoberfest Palma	100-200 EUR	80a7a207	1e5c3e96	100	Palma, Spain
a96568e3	EVT003	2026-09-21 00:00:00+02	Oktoberfest Palma	100-200 EUR	c4d00b37	639ab155	100	Palma, Spain
666b1f6a	EVT003	2026-09-21 00:00:00+02	Oktoberfest Palma	100-200 EUR	56dc7d44	0c004ba0	100	Palma, Spain
16dac29a	EVT003	2026-09-21 00:00:00+02	Oktoberfest Palma	100-200 EUR	8582671b	079f1c0e	100	Palma, Spain
9db5beaf	EVT003	2026-09-21 00:00:00+02	Oktoberfest Palma	100-200 EUR	5b807a60	6f589a62	100	Palma, Spain
da0af542	EVT003	2026-09-21 00:00:00+02	Oktoberfest Palma	100-200 EUR	707f7374	9ae426af	100	Palma, Spain
32897b96	EVT003	2026-09-21 00:00:00+02	Oktoberfest Palma	100-200 EUR	15345b41	d541002a	100	Palma, Spain
48548212	EVT003	2026-09-21 00:00:00+02	Oktoberfest Palma	100-200 EUR	763b5033	be170500	100	Palma, Spain
7f6f08d8	EVT003	2026-09-21 00:00:00+02	Oktoberfest Palma	100-200 EUR	26f1e58a	ab4afad1	100	Palma, Spain
e8bd0711	EVT003	2026-09-21 00:00:00+02	Oktoberfest Palma	100-200 EUR	4d970a7f	c52c461f	100	Palma, Spain
fc893ae1	EVT003	2026-09-21 00:00:00+02	Oktoberfest Palma	100-200 EUR	56950a23	262106e5	100	Palma, Spain
247f6de8	EVT003	2026-09-21 00:00:00+02	Oktoberfest Palma	100-200 EUR	9d70c17c	73ed2115	100	Palma, Spain
8a295312	EVT003	2026-09-21 00:00:00+02	Oktoberfest Palma	100-200 EUR	c3fc1ab2	57905a5c	100	Palma, Spain
1d02741c	EVT003	2026-09-21 00:00:00+02	Oktoberfest Palma	100-200 EUR	3dada837	da44ffe6	100	Palma, Spain
503e6015	EVT003	2026-09-21 00:00:00+02	Oktoberfest Palma	100-200 EUR	fd085fbe	c583fcb2	100	Palma, Spain
3a17d835	EVT003	2026-09-21 00:00:00+02	Oktoberfest Palma	100-200 EUR	f366ec03	75e79786	100	Palma, Spain
f3cdddf0	EVT003	2026-09-21 00:00:00+02	Oktoberfest Palma	100-200 EUR	c4d00b37	8c9cd4c2	100	Palma, Spain
13e38c04	EVT003	2026-09-21 00:00:00+02	Oktoberfest Palma	100-200 EUR	6b67a717	8fd62e85	100	Palma, Spain
88d549aa	EVT003	2026-09-21 00:00:00+02	Oktoberfest Palma	100-200 EUR	aa0c0083	7ae79fd3	100	Palma, Spain
7530baf7	EVT003	2026-09-21 00:00:00+02	Oktoberfest Palma	100-200 EUR	e3a6f945	8f0fefb7	100	Palma, Spain
63c69d40	EVT003	2026-09-21 00:00:00+02	Oktoberfest Palma	100-200 EUR	262106e5	74ecdd17	100	Palma, Spain
bf51dcea	EVT003	2026-09-21 00:00:00+02	Oktoberfest Palma	100-200 EUR	7db037a9	9a089867	100	Palma, Spain
5088a8a6	EVT003	2026-09-21 00:00:00+02	Oktoberfest Palma	100-200 EUR	566a1ae5	cb2842f9	100	Palma, Spain
de40c7db	EVT003	2026-09-21 00:00:00+02	Oktoberfest Palma	100-200 EUR	707f7374	4c9c0c62	100	Palma, Spain
b40de70d	EVT003	2026-09-21 00:00:00+02	Oktoberfest Palma	100-200 EUR	29696027	267866bf	100	Palma, Spain
34e0f4e4	EVT003	2026-09-21 00:00:00+02	Oktoberfest Palma	100-200 EUR	b8759768	dca9914e	100	Palma, Spain
12656745	EVT003	2026-09-21 00:00:00+02	Oktoberfest Palma	100-200 EUR	2029a7b2	1269c89f	100	Palma, Spain
c1c48c45	EVT003	2026-09-21 00:00:00+02	Oktoberfest Palma	100-200 EUR	eaa0defc	28f5bac6	100	Palma, Spain
ba6b9709	EVT003	2026-09-21 00:00:00+02	Oktoberfest Palma	100-200 EUR	b19cb829	b9a46334	100	Palma, Spain
8a6742a4	EVT003	2026-09-21 00:00:00+02	Oktoberfest Palma	100-200 EUR	fd085fbe	b1947cb6	100	Palma, Spain
ac3d1d90	EVT003	2026-09-21 00:00:00+02	Oktoberfest Palma	100-200 EUR	7dec65b5	7a7af763	100	Palma, Spain
1109ada2	EVT003	2026-09-21 00:00:00+02	Oktoberfest Palma	100-200 EUR	8665e7ee	ff205bc9	100	Palma, Spain
2ac699d9	EVT003	2026-09-21 00:00:00+02	Oktoberfest Palma	100-200 EUR	8f0fefb7	566a1ae5	100	Palma, Spain
aff5323e	EVT003	2026-09-21 00:00:00+02	Oktoberfest Palma	100-200 EUR	0e4f72f2	f9b1da8c	100	Palma, Spain
f018ea12	EVT003	2026-09-21 00:00:00+02	Oktoberfest Palma	100-200 EUR	050c69d4	3dada837	100	Palma, Spain
141881d4	EVT003	2026-09-21 00:00:00+02	Oktoberfest Palma	100-200 EUR	050c69d4	bd63282d	100	Palma, Spain
18c9fe36	EVT003	2026-09-21 00:00:00+02	Oktoberfest Palma	100-200 EUR	e6746d85	020addac	100	Palma, Spain
2b162bde	EVT003	2026-09-21 00:00:00+02	Oktoberfest Palma	100-200 EUR	f1cf4895	80a7a207	100	Palma, Spain
216e74f4	EVT003	2026-09-21 00:00:00+02	Oktoberfest Palma	100-200 EUR	1c1f026d	3df5a8d0	100	Palma, Spain
a2ce8391	EVT003	2026-09-21 00:00:00+02	Oktoberfest Palma	100-200 EUR	7a846c2f	83d402cd	100	Palma, Spain
b8525345	EVT003	2026-09-21 00:00:00+02	Oktoberfest Palma	100-200 EUR	e0c7d58b	f5f465cf	100	Palma, Spain
27a9d810	EVT003	2026-09-21 00:00:00+02	Oktoberfest Palma	100-200 EUR	5c1272b3	262106e5	100	Palma, Spain
28da67bf	EVT003	2026-09-21 00:00:00+02	Oktoberfest Palma	100-200 EUR	56dc7d44	aadd4bf5	100	Palma, Spain
78244d80	EVT003	2026-09-21 00:00:00+02	Oktoberfest Palma	100-200 EUR	e9bec207	fa5ea4c5	100	Palma, Spain
9f7f5c86	EVT003	2026-09-21 00:00:00+02	Oktoberfest Palma	100-200 EUR	001d93f0	7ae79fd3	100	Palma, Spain
d2948089	EVT003	2026-09-21 00:00:00+02	Oktoberfest Palma	100-200 EUR	344c0cc0	3df5a8d0	100	Palma, Spain
a9f071b3	EVT003	2026-09-21 00:00:00+02	Oktoberfest Palma	100-200 EUR	102a243d	869aa9e5	100	Palma, Spain
4a63f905	EVT003	2026-09-21 00:00:00+02	Oktoberfest Palma	100-200 EUR	8047f4c9	74e941eb	100	Palma, Spain
8792cea5	EVT003	2026-09-21 00:00:00+02	Oktoberfest Palma	100-200 EUR	c5007c53	e10e2423	100	Palma, Spain
7c939923	EVT003	2026-09-21 00:00:00+02	Oktoberfest Palma	100-200 EUR	63832a3d	b83d9ca7	100	Palma, Spain
ce425c79	EVT003	2026-09-21 00:00:00+02	Oktoberfest Palma	100-200 EUR	fc22dc2a	518abb91	100	Palma, Spain
57fa3aab	EVT003	2026-09-21 00:00:00+02	Oktoberfest Palma	100-200 EUR	bd63282d	050c69d4	100	Palma, Spain
3f0666fe	EVT003	2026-09-21 00:00:00+02	Oktoberfest Palma	100-200 EUR	d2423176	e4c1f1b9	100	Palma, Spain
cb09a888	EVT003	2026-09-21 00:00:00+02	Oktoberfest Palma	100-200 EUR	f4caefa4	875d2dbe	100	Palma, Spain
fca7f0af	EVT004	2026-11-01 00:00:00+01	Hamilton Broadway	400-2000 USD	1bd5ed57	94bd64e3	2000	New York, USA
be5c3f53	EVT004	2026-11-01 00:00:00+01	Hamilton Broadway	400-2000 USD	13e2c732	8fa493ce	2000	New York, USA
23da7ac2	EVT004	2026-11-01 00:00:00+01	Hamilton Broadway	400-2000 USD	260a44b4	47a5134a	2000	New York, USA
5ed6797f	EVT004	2026-11-01 00:00:00+01	Hamilton Broadway	400-2000 USD	636a90e5	9e88aaa4	2000	New York, USA
1ce7308b	EVT004	2026-11-01 00:00:00+01	Hamilton Broadway	400-2000 USD	8047f4c9	5881435d	2000	New York, USA
3743295d	EVT004	2026-11-01 00:00:00+01	Hamilton Broadway	400-2000 USD	c3fc1ab2	0acd98ff	2000	New York, USA
9d412c70	EVT004	2026-11-01 00:00:00+01	Hamilton Broadway	400-2000 USD	8f8a6047	9a089867	2000	New York, USA
f1d1ec18	EVT004	2026-11-01 00:00:00+01	Hamilton Broadway	400-2000 USD	b8759768	96dc0e89	2000	New York, USA
e833d222	EVT004	2026-11-01 00:00:00+01	Hamilton Broadway	400-2000 USD	dcd0d3ee	54cd9417	2000	New York, USA
4f8ae901	EVT004	2026-11-01 00:00:00+01	Hamilton Broadway	400-2000 USD	c6a5beaa	0e4f72f2	2000	New York, USA
df9ddd72	EVT004	2026-11-01 00:00:00+01	Hamilton Broadway	400-2000 USD	19b3cc88	6b67a717	2000	New York, USA
47f214c0	EVT004	2026-11-01 00:00:00+01	Hamilton Broadway	400-2000 USD	24712329	a963f399	2000	New York, USA
bfd25a06	EVT004	2026-11-01 00:00:00+01	Hamilton Broadway	400-2000 USD	077545c0	8a4b2262	2000	New York, USA
5ecb3158	EVT004	2026-11-01 00:00:00+01	Hamilton Broadway	400-2000 USD	bd63282d	cca84bac	2000	New York, USA
c59a8b9d	EVT004	2026-11-01 00:00:00+01	Hamilton Broadway	400-2000 USD	baebc1a2	2029a7b2	2000	New York, USA
92948cf3	EVT004	2026-11-01 00:00:00+01	Hamilton Broadway	400-2000 USD	7db037a9	8b4b7180	2000	New York, USA
82209952	EVT004	2026-11-01 00:00:00+01	Hamilton Broadway	400-2000 USD	f3c36c86	0acd98ff	2000	New York, USA
cb765b79	EVT004	2026-11-01 00:00:00+01	Hamilton Broadway	400-2000 USD	e76d6b15	59540e34	2000	New York, USA
f8fae645	EVT004	2026-11-01 00:00:00+01	Hamilton Broadway	400-2000 USD	3df5a8d0	6e8afdb9	2000	New York, USA
2129d9df	EVT004	2026-11-01 00:00:00+01	Hamilton Broadway	400-2000 USD	2fee01ed	9e881897	2000	New York, USA
a5ab13cf	EVT004	2026-11-01 00:00:00+01	Hamilton Broadway	400-2000 USD	b3a28585	e6720a59	2000	New York, USA
bba63249	EVT004	2026-11-01 00:00:00+01	Hamilton Broadway	400-2000 USD	aadd4bf5	99f2e8b7	2000	New York, USA
7aaebab1	EVT004	2026-11-01 00:00:00+01	Hamilton Broadway	400-2000 USD	b8759768	8c9cd4c2	2000	New York, USA
64b37c99	EVT004	2026-11-01 00:00:00+01	Hamilton Broadway	400-2000 USD	0e903fb3	c918a633	2000	New York, USA
140c0ac9	EVT004	2026-11-01 00:00:00+01	Hamilton Broadway	400-2000 USD	51229442	02960cb6	2000	New York, USA
a839b130	EVT004	2026-11-01 00:00:00+01	Hamilton Broadway	400-2000 USD	11339f9b	b1fa0584	2000	New York, USA
8933f830	EVT004	2026-11-01 00:00:00+01	Hamilton Broadway	400-2000 USD	caee2576	147b4c93	2000	New York, USA
9e24eb60	EVT004	2026-11-01 00:00:00+01	Hamilton Broadway	400-2000 USD	d541002a	46898e5c	2000	New York, USA
992860d9	EVT004	2026-11-01 00:00:00+01	Hamilton Broadway	400-2000 USD	28f5bac6	874dd800	2000	New York, USA
6780f8d2	EVT004	2026-11-01 00:00:00+01	Hamilton Broadway	400-2000 USD	da44ffe6	b43fdba1	2000	New York, USA
c14af321	EVT004	2026-11-01 00:00:00+01	Hamilton Broadway	400-2000 USD	fc22dc2a	6f589a62	2000	New York, USA
125d543b	EVT004	2026-11-01 00:00:00+01	Hamilton Broadway	400-2000 USD	8047f4c9	5620c9cc	2000	New York, USA
8ad42614	EVT004	2026-11-01 00:00:00+01	Hamilton Broadway	400-2000 USD	5ce4eb4c	00a00b29	2000	New York, USA
28c24d00	EVT004	2026-11-01 00:00:00+01	Hamilton Broadway	400-2000 USD	fd085fbe	01eed269	2000	New York, USA
7e42deac	EVT004	2026-11-01 00:00:00+01	Hamilton Broadway	400-2000 USD	60911f71	f1f66adf	2000	New York, USA
0ddd0d9a	EVT004	2026-11-01 00:00:00+01	Hamilton Broadway	400-2000 USD	0da5fb99	7dec65b5	2000	New York, USA
1d8a188e	EVT004	2026-11-01 00:00:00+01	Hamilton Broadway	400-2000 USD	e6746d85	13e2c732	2000	New York, USA
a4dc21bc	EVT004	2026-11-01 00:00:00+01	Hamilton Broadway	400-2000 USD	1269c89f	3c6e644e	2000	New York, USA
11851459	EVT004	2026-11-01 00:00:00+01	Hamilton Broadway	400-2000 USD	e6746d85	763b5033	2000	New York, USA
8ac6686d	EVT004	2026-11-01 00:00:00+01	Hamilton Broadway	400-2000 USD	adc191a6	497fb030	2000	New York, USA
6181cd9f	EVT004	2026-11-01 00:00:00+01	Hamilton Broadway	400-2000 USD	5c1272b3	b0595b9e	2000	New York, USA
6ce42c9b	EVT004	2026-11-01 00:00:00+01	Hamilton Broadway	400-2000 USD	2dbfd6c5	8f0bad12	2000	New York, USA
d61b6187	EVT004	2026-11-01 00:00:00+01	Hamilton Broadway	400-2000 USD	28f5bac6	ce10922d	2000	New York, USA
119f49da	EVT004	2026-11-01 00:00:00+01	Hamilton Broadway	400-2000 USD	c03c69c5	2a8cf94b	2000	New York, USA
2d575e6b	EVT004	2026-11-01 00:00:00+01	Hamilton Broadway	400-2000 USD	2a8cf94b	82a92316	2000	New York, USA
78902a9d	EVT004	2026-11-01 00:00:00+01	Hamilton Broadway	400-2000 USD	f4caefa4	f8b1e349	2000	New York, USA
ec202b0c	EVT004	2026-11-01 00:00:00+01	Hamilton Broadway	400-2000 USD	56dc7d44	c17aa6c1	2000	New York, USA
86248c8a	EVT004	2026-11-01 00:00:00+01	Hamilton Broadway	400-2000 USD	aebe7fef	3a18400c	2000	New York, USA
c7f2452d	EVT004	2026-11-01 00:00:00+01	Hamilton Broadway	400-2000 USD	e96e3c94	a963f399	2000	New York, USA
eef2bbcc	EVT004	2026-11-01 00:00:00+01	Hamilton Broadway	400-2000 USD	2f284839	922bca79	2000	New York, USA
5a88b2a3	EVT004	2026-11-01 00:00:00+01	Hamilton Broadway	400-2000 USD	13e9a3ab	2fee01ed	2000	New York, USA
a2084a91	EVT004	2026-11-01 00:00:00+01	Hamilton Broadway	400-2000 USD	6c707f62	f1f66adf	2000	New York, USA
fffcaccf	EVT004	2026-11-01 00:00:00+01	Hamilton Broadway	400-2000 USD	5c99ab61	7ae79fd3	2000	New York, USA
061f82be	EVT004	2026-11-01 00:00:00+01	Hamilton Broadway	400-2000 USD	01a4334e	079f1c0e	2000	New York, USA
ffd284c2	EVT004	2026-11-01 00:00:00+01	Hamilton Broadway	400-2000 USD	b1fa0584	260a44b4	2000	New York, USA
dcca8b28	EVT004	2026-11-01 00:00:00+01	Hamilton Broadway	400-2000 USD	73ed2115	6f3df24c	2000	New York, USA
5aa3be13	EVT004	2026-11-01 00:00:00+01	Hamilton Broadway	400-2000 USD	1af22276	e4c1f1b9	2000	New York, USA
b541846e	EVT004	2026-11-01 00:00:00+01	Hamilton Broadway	400-2000 USD	6e8afdb9	df01be6f	2000	New York, USA
9398eebf	EVT004	2026-11-01 00:00:00+01	Hamilton Broadway	400-2000 USD	bd357688	844f140d	2000	New York, USA
56c5f7d7	EVT004	2026-11-01 00:00:00+01	Hamilton Broadway	400-2000 USD	30aa13f0	0acd98ff	2000	New York, USA
59b6edb7	EVT004	2026-11-01 00:00:00+01	Hamilton Broadway	400-2000 USD	57905a5c	9360edf2	2000	New York, USA
5613996f	EVT004	2026-11-01 00:00:00+01	Hamilton Broadway	400-2000 USD	00a00b29	9360edf2	2000	New York, USA
ca24acae	EVT004	2026-11-01 00:00:00+01	Hamilton Broadway	400-2000 USD	e4c1f1b9	f5f465cf	2000	New York, USA
6c8075f5	EVT004	2026-11-01 00:00:00+01	Hamilton Broadway	400-2000 USD	0f58766b	1811b73c	2000	New York, USA
9d10d120	EVT004	2026-11-01 00:00:00+01	Hamilton Broadway	400-2000 USD	8f8a6047	82adbcfd	2000	New York, USA
3b713d91	EVT004	2026-11-01 00:00:00+01	Hamilton Broadway	400-2000 USD	0e903fb3	077545c0	2000	New York, USA
ecb3e4a9	EVT004	2026-11-01 00:00:00+01	Hamilton Broadway	400-2000 USD	abda005a	ad734ead	2000	New York, USA
91cb5013	EVT004	2026-11-01 00:00:00+01	Hamilton Broadway	400-2000 USD	4d970a7f	8f0fefb7	2000	New York, USA
4647fee8	EVT004	2026-11-01 00:00:00+01	Hamilton Broadway	400-2000 USD	1e6cf74d	abda005a	2000	New York, USA
2fd46b60	EVT004	2026-11-01 00:00:00+01	Hamilton Broadway	400-2000 USD	de869752	922bca79	2000	New York, USA
540f9a04	EVT004	2026-11-01 00:00:00+01	Hamilton Broadway	400-2000 USD	bd63282d	480d4540	2000	New York, USA
349fccdd	EVT004	2026-11-01 00:00:00+01	Hamilton Broadway	400-2000 USD	94cc4991	d2dd249d	2000	New York, USA
aba2f38d	EVT004	2026-11-01 00:00:00+01	Hamilton Broadway	400-2000 USD	f9b1da8c	aadd4bf5	2000	New York, USA
1f7a33b6	EVT004	2026-11-01 00:00:00+01	Hamilton Broadway	400-2000 USD	2dbfd6c5	6881d5df	2000	New York, USA
b39f8e19	EVT004	2026-11-01 00:00:00+01	Hamilton Broadway	400-2000 USD	c4f7cdd5	cb047f4f	2000	New York, USA
fa695ee1	EVT004	2026-11-01 00:00:00+01	Hamilton Broadway	400-2000 USD	be170500	76ae8233	2000	New York, USA
1946405e	EVT004	2026-11-01 00:00:00+01	Hamilton Broadway	400-2000 USD	0e00aa5f	dfe87ee6	2000	New York, USA
d95cdc68	EVT004	2026-11-01 00:00:00+01	Hamilton Broadway	400-2000 USD	3df5a8d0	19b3cc88	2000	New York, USA
a97fe57b	EVT004	2026-11-01 00:00:00+01	Hamilton Broadway	400-2000 USD	2d5a6086	4fb1a934	2000	New York, USA
e592bc5d	EVT004	2026-11-01 00:00:00+01	Hamilton Broadway	400-2000 USD	cadc8163	30aa13f0	2000	New York, USA
277228ad	EVT004	2026-11-01 00:00:00+01	Hamilton Broadway	400-2000 USD	f1cf4895	5881435d	2000	New York, USA
72e1161c	EVT004	2026-11-01 00:00:00+01	Hamilton Broadway	400-2000 USD	5e1740c0	51229442	2000	New York, USA
7d688b46	EVT005	2026-12-15 00:00:00+01	Dubai Tour	350-450 AED	8c9cd4c2	0e4f72f2	450	Dubai, UAE
1f623205	EVT005	2026-12-15 00:00:00+01	Dubai Tour	350-450 AED	6881d5df	e176c4a4	450	Dubai, UAE
b00e5df7	EVT005	2026-12-15 00:00:00+01	Dubai Tour	350-450 AED	4f911c69	ad734ead	450	Dubai, UAE
23caa299	EVT005	2026-12-15 00:00:00+01	Dubai Tour	350-450 AED	83d402cd	d506cfea	450	Dubai, UAE
32fa946f	EVT005	2026-12-15 00:00:00+01	Dubai Tour	350-450 AED	5620c9cc	707f7374	450	Dubai, UAE
64d1e38b	EVT005	2026-12-15 00:00:00+01	Dubai Tour	350-450 AED	c4f7cdd5	82a92316	450	Dubai, UAE
790142ce	EVT005	2026-12-15 00:00:00+01	Dubai Tour	350-450 AED	6b3097b6	02b5a103	450	Dubai, UAE
23fda2c2	EVT005	2026-12-15 00:00:00+01	Dubai Tour	350-450 AED	2dbfd6c5	262106e5	450	Dubai, UAE
b87ca9aa	EVT005	2026-12-15 00:00:00+01	Dubai Tour	350-450 AED	e9e45e35	063de543	450	Dubai, UAE
a05ba3f0	EVT005	2026-12-15 00:00:00+01	Dubai Tour	350-450 AED	922bca79	88821e8b	450	Dubai, UAE
f5de47e3	EVT005	2026-12-15 00:00:00+01	Dubai Tour	350-450 AED	59bbca9b	5c285415	450	Dubai, UAE
b3e80130	EVT005	2026-12-15 00:00:00+01	Dubai Tour	350-450 AED	59bbca9b	de869752	450	Dubai, UAE
3e520d42	EVT005	2026-12-15 00:00:00+01	Dubai Tour	350-450 AED	d506cfea	2d5a6086	450	Dubai, UAE
887d80d6	EVT005	2026-12-15 00:00:00+01	Dubai Tour	350-450 AED	35f566c6	97c55b40	450	Dubai, UAE
a4eac1a2	EVT005	2026-12-15 00:00:00+01	Dubai Tour	350-450 AED	b81e911b	02960cb6	450	Dubai, UAE
ec2eac4e	EVT005	2026-12-15 00:00:00+01	Dubai Tour	350-450 AED	260a44b4	114db53d	450	Dubai, UAE
7a4bde98	EVT005	2026-12-15 00:00:00+01	Dubai Tour	350-450 AED	f8b1e349	8ca22a46	450	Dubai, UAE
348cd3e4	EVT005	2026-12-15 00:00:00+01	Dubai Tour	350-450 AED	4d970a7f	dfe87ee6	450	Dubai, UAE
3626fcc8	EVT005	2026-12-15 00:00:00+01	Dubai Tour	350-450 AED	02960cb6	c583fcb2	450	Dubai, UAE
407b4720	EVT005	2026-12-15 00:00:00+01	Dubai Tour	350-450 AED	0e00aa5f	d2423176	450	Dubai, UAE
da45451a	EVT005	2026-12-15 00:00:00+01	Dubai Tour	350-450 AED	99f2e8b7	02b5a103	450	Dubai, UAE
53994eaa	EVT005	2026-12-15 00:00:00+01	Dubai Tour	350-450 AED	cadc8163	74e941eb	450	Dubai, UAE
c738b45b	EVT005	2026-12-15 00:00:00+01	Dubai Tour	350-450 AED	4c9c0c62	6881d5df	450	Dubai, UAE
4c8250c9	EVT005	2026-12-15 00:00:00+01	Dubai Tour	350-450 AED	11339f9b	c03c69c5	450	Dubai, UAE
792d6513	EVT005	2026-12-15 00:00:00+01	Dubai Tour	350-450 AED	e0c7d58b	079f1c0e	450	Dubai, UAE
e1318d2e	EVT005	2026-12-15 00:00:00+01	Dubai Tour	350-450 AED	1d18dcb6	c03c69c5	450	Dubai, UAE
a53f4a5e	EVT005	2026-12-15 00:00:00+01	Dubai Tour	350-450 AED	5e1740c0	15ae9ac7	450	Dubai, UAE
653896f8	EVT005	2026-12-15 00:00:00+01	Dubai Tour	350-450 AED	80a7a207	6b6b6da2	450	Dubai, UAE
eeb1bc24	EVT005	2026-12-15 00:00:00+01	Dubai Tour	350-450 AED	1fa35020	371f8a70	450	Dubai, UAE
f46e2158	EVT005	2026-12-15 00:00:00+01	Dubai Tour	350-450 AED	c918a633	dc161f95	450	Dubai, UAE
c46eeeca	EVT005	2026-12-15 00:00:00+01	Dubai Tour	350-450 AED	bd357688	35b3b902	450	Dubai, UAE
e857abf3	EVT005	2026-12-15 00:00:00+01	Dubai Tour	350-450 AED	56dc7d44	3d53babf	450	Dubai, UAE
a10e7c38	EVT005	2026-12-15 00:00:00+01	Dubai Tour	350-450 AED	4fb1a934	30aa13f0	450	Dubai, UAE
7204c6ad	EVT005	2026-12-15 00:00:00+01	Dubai Tour	350-450 AED	02b1e646	1e5c3e96	450	Dubai, UAE
4ddc8b9a	EVT005	2026-12-15 00:00:00+01	Dubai Tour	350-450 AED	3dada837	aeaca7e5	450	Dubai, UAE
02a16534	EVT005	2026-12-15 00:00:00+01	Dubai Tour	350-450 AED	63832a3d	5e1740c0	450	Dubai, UAE
21f96623	EVT005	2026-12-15 00:00:00+01	Dubai Tour	350-450 AED	8047f4c9	f5f465cf	450	Dubai, UAE
a14a9dcf	EVT005	2026-12-15 00:00:00+01	Dubai Tour	350-450 AED	a8e00fa8	80a7a207	450	Dubai, UAE
c52d391e	EVT005	2026-12-15 00:00:00+01	Dubai Tour	350-450 AED	abda005a	caee2576	450	Dubai, UAE
d46b42b9	EVT005	2026-12-15 00:00:00+01	Dubai Tour	350-450 AED	2f284839	13e9a3ab	450	Dubai, UAE
80dfaa52	EVT005	2026-12-15 00:00:00+01	Dubai Tour	350-450 AED	bd357688	dca9914e	450	Dubai, UAE
d21331b9	EVT005	2026-12-15 00:00:00+01	Dubai Tour	350-450 AED	d2dd249d	1e44fee8	450	Dubai, UAE
9e0a6838	EVT005	2026-12-15 00:00:00+01	Dubai Tour	350-450 AED	df01be6f	fd085fbe	450	Dubai, UAE
b04d0f3d	EVT005	2026-12-15 00:00:00+01	Dubai Tour	350-450 AED	99f2e8b7	1a8afe2d	450	Dubai, UAE
5d175266	EVT005	2026-12-15 00:00:00+01	Dubai Tour	350-450 AED	166e13bf	f1f66adf	450	Dubai, UAE
bfd58242	EVT005	2026-12-15 00:00:00+01	Dubai Tour	350-450 AED	75e79786	4515e051	450	Dubai, UAE
52fd0413	EVT005	2026-12-15 00:00:00+01	Dubai Tour	350-450 AED	b1947cb6	cae6a133	450	Dubai, UAE
f5dd85bb	EVT005	2026-12-15 00:00:00+01	Dubai Tour	350-450 AED	dc161f95	a74190bc	450	Dubai, UAE
8a64179c	EVT005	2026-12-15 00:00:00+01	Dubai Tour	350-450 AED	30aa13f0	74e941eb	450	Dubai, UAE
4ced5c48	EVT005	2026-12-15 00:00:00+01	Dubai Tour	350-450 AED	fc22dc2a	c4f7cdd5	450	Dubai, UAE
a2ecd1e0	EVT005	2026-12-15 00:00:00+01	Dubai Tour	350-450 AED	c4d00b37	566a1ae5	450	Dubai, UAE
b969f263	EVT005	2026-12-15 00:00:00+01	Dubai Tour	350-450 AED	0acd98ff	f215ee7a	450	Dubai, UAE
f498f53b	EVT005	2026-12-15 00:00:00+01	Dubai Tour	350-450 AED	88821e8b	1af22276	450	Dubai, UAE
2b8151ab	EVT005	2026-12-15 00:00:00+01	Dubai Tour	350-450 AED	b6912e98	7a846c2f	450	Dubai, UAE
d040bb92	EVT005	2026-12-15 00:00:00+01	Dubai Tour	350-450 AED	20a706d1	c3fc1ab2	450	Dubai, UAE
614430ae	EVT005	2026-12-15 00:00:00+01	Dubai Tour	350-450 AED	b83d9ca7	aadd4bf5	450	Dubai, UAE
fe0e9aa5	EVT005	2026-12-15 00:00:00+01	Dubai Tour	350-450 AED	8f0fefb7	ad734ead	450	Dubai, UAE
75ffb3d1	EVT005	2026-12-15 00:00:00+01	Dubai Tour	350-450 AED	9e88aaa4	0f58766b	450	Dubai, UAE
2e90b2dc	EVT005	2026-12-15 00:00:00+01	Dubai Tour	350-450 AED	1af22276	0da5fb99	450	Dubai, UAE
f27bbc96	EVT005	2026-12-15 00:00:00+01	Dubai Tour	350-450 AED	422d896c	6e8afdb9	450	Dubai, UAE
1c843022	EVT005	2026-12-15 00:00:00+01	Dubai Tour	350-450 AED	1f9779a5	b48a4586	450	Dubai, UAE
23342b78	EVT005	2026-12-15 00:00:00+01	Dubai Tour	350-450 AED	518abb91	2fee01ed	450	Dubai, UAE
470054d8	EVT005	2026-12-15 00:00:00+01	Dubai Tour	350-450 AED	167ca9bd	e6720a59	450	Dubai, UAE
0b4a82b5	EVT005	2026-12-15 00:00:00+01	Dubai Tour	350-450 AED	484bf739	a74190bc	450	Dubai, UAE
22c24075	EVT005	2026-12-15 00:00:00+01	Dubai Tour	350-450 AED	8b4b7180	0e4f72f2	450	Dubai, UAE
48e81220	EVT005	2026-12-15 00:00:00+01	Dubai Tour	350-450 AED	1f9c21bf	88fbb994	450	Dubai, UAE
ab56b183	EVT005	2026-12-15 00:00:00+01	Dubai Tour	350-450 AED	c6a5beaa	7d2899a3	450	Dubai, UAE
b25ecd21	EVT005	2026-12-15 00:00:00+01	Dubai Tour	350-450 AED	8f8a6047	069e4821	450	Dubai, UAE
ddd7fe68	EVT005	2026-12-15 00:00:00+01	Dubai Tour	350-450 AED	1c1f026d	9e88aaa4	450	Dubai, UAE
229afd79	EVT005	2026-12-15 00:00:00+01	Dubai Tour	350-450 AED	dca9914e	260a44b4	450	Dubai, UAE
284043ca	EVT005	2026-12-15 00:00:00+01	Dubai Tour	350-450 AED	df01be6f	7a846c2f	450	Dubai, UAE
703de7b3	EVT005	2026-12-15 00:00:00+01	Dubai Tour	350-450 AED	29e8ff76	c17aa6c1	450	Dubai, UAE
0de5f890	EVT005	2026-12-15 00:00:00+01	Dubai Tour	350-450 AED	875d2dbe	9360edf2	450	Dubai, UAE
91360ac3	EVT006	2026-05-24 00:00:00+02	Coldplay Concert	200-600 EUR	1fa35020	0f58766b	200	Barcelona, Spain
6e4656fb	EVT006	2026-05-24 00:00:00+02	Coldplay Concert	200-600 EUR	2dbfd6c5	01eed269	200	Barcelona, Spain
b38cc5f6	EVT006	2026-05-24 00:00:00+02	Coldplay Concert	200-600 EUR	1b565357	fa5ea4c5	200	Barcelona, Spain
a03e1258	EVT006	2026-05-24 00:00:00+02	Coldplay Concert	200-600 EUR	be170500	b1fa0584	200	Barcelona, Spain
3e0f0008	EVT006	2026-05-24 00:00:00+02	Coldplay Concert	200-600 EUR	13e2c732	5881435d	200	Barcelona, Spain
bf7e8166	EVT006	2026-05-24 00:00:00+02	Coldplay Concert	200-600 EUR	59bbca9b	ff205bc9	200	Barcelona, Spain
d4b14402	EVT006	2026-05-24 00:00:00+02	Coldplay Concert	200-600 EUR	02b1e646	fa5ea4c5	200	Barcelona, Spain
cd1336d0	EVT006	2026-05-24 00:00:00+02	Coldplay Concert	200-600 EUR	ff205bc9	0e00aa5f	200	Barcelona, Spain
d159ed15	EVT006	2026-05-24 00:00:00+02	Coldplay Concert	200-600 EUR	b8c53350	c4f7cdd5	200	Barcelona, Spain
d523ecdf	EVT006	2026-05-24 00:00:00+02	Coldplay Concert	200-600 EUR	d506cfea	3b972b7f	200	Barcelona, Spain
3053e9c2	EVT006	2026-05-24 00:00:00+02	Coldplay Concert	200-600 EUR	aadd4bf5	82a92316	200	Barcelona, Spain
e6303af3	EVT006	2026-05-24 00:00:00+02	Coldplay Concert	200-600 EUR	1e6cf74d	4c9c0c62	200	Barcelona, Spain
094f9686	EVT006	2026-05-24 00:00:00+02	Coldplay Concert	200-600 EUR	001d93f0	b9a46334	200	Barcelona, Spain
57850993	EVT006	2026-05-24 00:00:00+02	Coldplay Concert	200-600 EUR	e76d6b15	60911f71	200	Barcelona, Spain
c5b4112e	EVT006	2026-05-24 00:00:00+02	Coldplay Concert	200-600 EUR	fc188cfa	0235d7e9	200	Barcelona, Spain
00cecfa4	EVT006	2026-05-24 00:00:00+02	Coldplay Concert	200-600 EUR	f8701f78	02b1e646	200	Barcelona, Spain
b544c2c7	EVT006	2026-05-24 00:00:00+02	Coldplay Concert	200-600 EUR	ce10922d	566a1ae5	200	Barcelona, Spain
42ad501b	EVT006	2026-05-24 00:00:00+02	Coldplay Concert	200-600 EUR	325086de	73ed2115	200	Barcelona, Spain
e56b86c7	EVT006	2026-05-24 00:00:00+02	Coldplay Concert	200-600 EUR	9a0ff9f0	975a8d58	200	Barcelona, Spain
3dd4cf76	EVT006	2026-05-24 00:00:00+02	Coldplay Concert	200-600 EUR	1b565357	f08f881b	200	Barcelona, Spain
aede86ba	EVT006	2026-05-24 00:00:00+02	Coldplay Concert	200-600 EUR	b8c53350	db5421b9	200	Barcelona, Spain
e72e455a	EVT006	2026-05-24 00:00:00+02	Coldplay Concert	200-600 EUR	102a243d	4d970a7f	200	Barcelona, Spain
a6145978	EVT006	2026-05-24 00:00:00+02	Coldplay Concert	200-600 EUR	db5421b9	ecb4f6e8	200	Barcelona, Spain
afbb2d8b	EVT006	2026-05-24 00:00:00+02	Coldplay Concert	200-600 EUR	bd63282d	6b67a717	200	Barcelona, Spain
d4040c99	EVT006	2026-05-24 00:00:00+02	Coldplay Concert	200-600 EUR	001d93f0	a88786fe	200	Barcelona, Spain
48273f74	EVT006	2026-05-24 00:00:00+02	Coldplay Concert	200-600 EUR	bd357688	6b6b6da2	200	Barcelona, Spain
d6243b8b	EVT006	2026-05-24 00:00:00+02	Coldplay Concert	200-600 EUR	8ca22a46	2d5a6086	200	Barcelona, Spain
3f3942b8	EVT006	2026-05-24 00:00:00+02	Coldplay Concert	200-600 EUR	02b1e646	069e4821	200	Barcelona, Spain
7ee88f3c	EVT006	2026-05-24 00:00:00+02	Coldplay Concert	200-600 EUR	8f0fefb7	08096c1f	200	Barcelona, Spain
938957fe	EVT006	2026-05-24 00:00:00+02	Coldplay Concert	200-600 EUR	dd7b7f1a	8fd62e85	200	Barcelona, Spain
d6c64ef4	EVT006	2026-05-24 00:00:00+02	Coldplay Concert	200-600 EUR	9a0ff9f0	9360edf2	200	Barcelona, Spain
1ae8b793	EVT006	2026-05-24 00:00:00+02	Coldplay Concert	200-600 EUR	c6a5beaa	ab4afad1	200	Barcelona, Spain
1264e2cc	EVT006	2026-05-24 00:00:00+02	Coldplay Concert	200-600 EUR	7b81aa91	ca019b08	200	Barcelona, Spain
145bb534	EVT006	2026-05-24 00:00:00+02	Coldplay Concert	200-600 EUR	0c004ba0	ad734ead	200	Barcelona, Spain
554eba80	EVT006	2026-05-24 00:00:00+02	Coldplay Concert	200-600 EUR	e094871a	dc161f95	200	Barcelona, Spain
88b22bb6	EVT006	2026-05-24 00:00:00+02	Coldplay Concert	200-600 EUR	6ce66803	c52c461f	200	Barcelona, Spain
d23555d5	EVT006	2026-05-24 00:00:00+02	Coldplay Concert	200-600 EUR	73ed2115	71119e2b	200	Barcelona, Spain
1d45fa6d	EVT006	2026-05-24 00:00:00+02	Coldplay Concert	200-600 EUR	325086de	e4c1f1b9	200	Barcelona, Spain
58dffa70	EVT006	2026-05-24 00:00:00+02	Coldplay Concert	200-600 EUR	f3c36c86	c5007c53	200	Barcelona, Spain
31ab0da2	EVT006	2026-05-24 00:00:00+02	Coldplay Concert	200-600 EUR	3a18400c	875d2dbe	200	Barcelona, Spain
c08944e4	EVT006	2026-05-24 00:00:00+02	Coldplay Concert	200-600 EUR	8ca22a46	aadd4bf5	200	Barcelona, Spain
10c303d0	EVT006	2026-05-24 00:00:00+02	Coldplay Concert	200-600 EUR	260a44b4	e4c1f1b9	200	Barcelona, Spain
ec573cca	EVT006	2026-05-24 00:00:00+02	Coldplay Concert	200-600 EUR	f104edbc	0f58766b	200	Barcelona, Spain
c1d14a23	EVT006	2026-05-24 00:00:00+02	Coldplay Concert	200-600 EUR	f104edbc	20a706d1	200	Barcelona, Spain
6c47926e	EVT006	2026-05-24 00:00:00+02	Coldplay Concert	200-600 EUR	02b1e646	a187c1d1	200	Barcelona, Spain
12713a9d	EVT006	2026-05-24 00:00:00+02	Coldplay Concert	200-600 EUR	0c004ba0	e9e45e35	200	Barcelona, Spain
95e35127	EVT006	2026-05-24 00:00:00+02	Coldplay Concert	200-600 EUR	0da5fb99	da44ffe6	200	Barcelona, Spain
fda0f876	EVT006	2026-05-24 00:00:00+02	Coldplay Concert	200-600 EUR	147b4c93	46898e5c	200	Barcelona, Spain
e1bea43b	EVT006	2026-05-24 00:00:00+02	Coldplay Concert	200-600 EUR	ab8ee69a	f1f66adf	200	Barcelona, Spain
c2052919	EVT006	2026-05-24 00:00:00+02	Coldplay Concert	200-600 EUR	484bf739	13e9a3ab	200	Barcelona, Spain
98343ae2	EVT006	2026-05-24 00:00:00+02	Coldplay Concert	200-600 EUR	952001fe	1d3d2bda	200	Barcelona, Spain
5e385f9e	EVT006	2026-05-24 00:00:00+02	Coldplay Concert	200-600 EUR	1a8afe2d	c62981b9	200	Barcelona, Spain
761b48d7	EVT006	2026-05-24 00:00:00+02	Coldplay Concert	200-600 EUR	1d18dcb6	260a44b4	200	Barcelona, Spain
6007a25f	EVT006	2026-05-24 00:00:00+02	Coldplay Concert	200-600 EUR	1e6cf74d	952001fe	200	Barcelona, Spain
95dba4d1	EVT006	2026-05-24 00:00:00+02	Coldplay Concert	200-600 EUR	a187c1d1	4d970a7f	200	Barcelona, Spain
6ce965b1	EVT006	2026-05-24 00:00:00+02	Coldplay Concert	200-600 EUR	59540e34	dc161f95	200	Barcelona, Spain
0b82d0d5	EVT006	2026-05-24 00:00:00+02	Coldplay Concert	200-600 EUR	ad734ead	00c9b43b	200	Barcelona, Spain
be036ca0	EVT006	2026-05-24 00:00:00+02	Coldplay Concert	200-600 EUR	76a74baf	2d5a6086	200	Barcelona, Spain
26cd8577	EVT006	2026-05-24 00:00:00+02	Coldplay Concert	200-600 EUR	94cc4991	02961c5a	200	Barcelona, Spain
e95d7288	EVT006	2026-05-24 00:00:00+02	Coldplay Concert	200-600 EUR	23b01d07	b81e911b	200	Barcelona, Spain
99f8cb31	EVT006	2026-05-24 00:00:00+02	Coldplay Concert	200-600 EUR	8fd62e85	02b1e646	200	Barcelona, Spain
3d0be2f8	EVT006	2026-05-24 00:00:00+02	Coldplay Concert	200-600 EUR	6e8afdb9	96dc0e89	200	Barcelona, Spain
1906212f	EVT006	2026-05-24 00:00:00+02	Coldplay Concert	200-600 EUR	1f9c21bf	d25a636b	200	Barcelona, Spain
34a0efa8	EVT006	2026-05-24 00:00:00+02	Coldplay Concert	200-600 EUR	107484d5	94ba147e	200	Barcelona, Spain
3d004c17	EVT006	2026-05-24 00:00:00+02	Coldplay Concert	200-600 EUR	fc188cfa	6c707f62	200	Barcelona, Spain
ad4836bf	EVT006	2026-05-24 00:00:00+02	Coldplay Concert	200-600 EUR	de8c2926	01eed269	200	Barcelona, Spain
0e9205b9	EVT006	2026-05-24 00:00:00+02	Coldplay Concert	200-600 EUR	480d4540	a8362c2e	200	Barcelona, Spain
30c01776	EVT006	2026-05-24 00:00:00+02	Coldplay Concert	200-600 EUR	23b01d07	6ce66803	200	Barcelona, Spain
0047cb28	EVT006	2026-05-24 00:00:00+02	Coldplay Concert	200-600 EUR	5c99ab61	402defd3	200	Barcelona, Spain
c15b23d4	EVT006	2026-05-24 00:00:00+02	Coldplay Concert	200-600 EUR	b43fdba1	dca9914e	200	Barcelona, Spain
c4ed80c0	EVT007	2027-03-15 00:00:00+01	Dubai Shopping Festival	600-1500 EUR	c03c69c5	0e00aa5f	1500	Dubai, UAE
f1eadcec	EVT007	2027-03-15 00:00:00+01	Dubai Shopping Festival	600-1500 EUR	e0c7d58b	707f7374	1500	Dubai, UAE
1d82d4b5	EVT007	2027-03-15 00:00:00+01	Dubai Shopping Festival	600-1500 EUR	874dd800	29e8ff76	1500	Dubai, UAE
733293dc	EVT007	2027-03-15 00:00:00+01	Dubai Shopping Festival	600-1500 EUR	1e6cf74d	77e848b5	1500	Dubai, UAE
141cfa2a	EVT007	2027-03-15 00:00:00+01	Dubai Shopping Festival	600-1500 EUR	f104edbc	35f566c6	1500	Dubai, UAE
68419aa5	EVT007	2027-03-15 00:00:00+01	Dubai Shopping Festival	600-1500 EUR	6f3df24c	c583fcb2	1500	Dubai, UAE
d45587fa	EVT007	2027-03-15 00:00:00+01	Dubai Shopping Festival	600-1500 EUR	5b807a60	c3fc1ab2	1500	Dubai, UAE
4c1ea992	EVT007	2027-03-15 00:00:00+01	Dubai Shopping Festival	600-1500 EUR	aa0c0083	8f8a6047	1500	Dubai, UAE
effd98da	EVT007	2027-03-15 00:00:00+01	Dubai Shopping Festival	600-1500 EUR	952001fe	b81e911b	1500	Dubai, UAE
e9abd906	EVT007	2027-03-15 00:00:00+01	Dubai Shopping Festival	600-1500 EUR	874dd800	6c707f62	1500	Dubai, UAE
8d44b399	EVT007	2027-03-15 00:00:00+01	Dubai Shopping Festival	600-1500 EUR	a963f399	4623e2e5	1500	Dubai, UAE
4a321bf9	EVT007	2027-03-15 00:00:00+01	Dubai Shopping Festival	600-1500 EUR	76ae8233	fa5ea4c5	1500	Dubai, UAE
c7bf8987	EVT007	2027-03-15 00:00:00+01	Dubai Shopping Festival	600-1500 EUR	54cd9417	baebc1a2	1500	Dubai, UAE
6e016cc1	EVT007	2027-03-15 00:00:00+01	Dubai Shopping Festival	600-1500 EUR	8f0fefb7	8ca22a46	1500	Dubai, UAE
b8c3e753	EVT007	2027-03-15 00:00:00+01	Dubai Shopping Festival	600-1500 EUR	f76bd670	aa914110	1500	Dubai, UAE
6abedae1	EVT007	2027-03-15 00:00:00+01	Dubai Shopping Festival	600-1500 EUR	1f9779a5	88fbb994	1500	Dubai, UAE
ef7339ac	EVT007	2027-03-15 00:00:00+01	Dubai Shopping Festival	600-1500 EUR	3b972b7f	9fb284cb	1500	Dubai, UAE
3512ecac	EVT007	2027-03-15 00:00:00+01	Dubai Shopping Festival	600-1500 EUR	9d70c17c	aa914110	1500	Dubai, UAE
4b31bbbd	EVT007	2027-03-15 00:00:00+01	Dubai Shopping Festival	600-1500 EUR	59540e34	3dada837	1500	Dubai, UAE
80a977a0	EVT007	2027-03-15 00:00:00+01	Dubai Shopping Festival	600-1500 EUR	b83d9ca7	114db53d	1500	Dubai, UAE
12c4fbf4	EVT007	2027-03-15 00:00:00+01	Dubai Shopping Festival	600-1500 EUR	26f1e58a	8c9cd4c2	1500	Dubai, UAE
b429a8e7	EVT007	2027-03-15 00:00:00+01	Dubai Shopping Festival	600-1500 EUR	b19cb829	e9bec207	1500	Dubai, UAE
d79d2cd9	EVT007	2027-03-15 00:00:00+01	Dubai Shopping Festival	600-1500 EUR	3df5a8d0	114db53d	1500	Dubai, UAE
61f61c26	EVT007	2027-03-15 00:00:00+01	Dubai Shopping Festival	600-1500 EUR	8ca22a46	d2dd249d	1500	Dubai, UAE
ae7271d2	EVT007	2027-03-15 00:00:00+01	Dubai Shopping Festival	600-1500 EUR	975a8d58	99f2e8b7	1500	Dubai, UAE
6e6abb85	EVT007	2027-03-15 00:00:00+01	Dubai Shopping Festival	600-1500 EUR	5e1740c0	baebc1a2	1500	Dubai, UAE
1f217ba1	EVT007	2027-03-15 00:00:00+01	Dubai Shopping Festival	600-1500 EUR	adc191a6	344c0cc0	1500	Dubai, UAE
f6c7be9a	EVT007	2027-03-15 00:00:00+01	Dubai Shopping Festival	600-1500 EUR	3b972b7f	a963f399	1500	Dubai, UAE
f768f4ef	EVT007	2027-03-15 00:00:00+01	Dubai Shopping Festival	600-1500 EUR	aa0c0083	f8701f78	1500	Dubai, UAE
95923ccb	EVT007	2027-03-15 00:00:00+01	Dubai Shopping Festival	600-1500 EUR	8582671b	baebc1a2	1500	Dubai, UAE
aa83fa69	EVT007	2027-03-15 00:00:00+01	Dubai Shopping Festival	600-1500 EUR	95239495	f3c36c86	1500	Dubai, UAE
e076f496	EVT007	2027-03-15 00:00:00+01	Dubai Shopping Festival	600-1500 EUR	ab4afad1	baebc1a2	1500	Dubai, UAE
4478fb62	EVT007	2027-03-15 00:00:00+01	Dubai Shopping Festival	600-1500 EUR	bd63282d	a963f399	1500	Dubai, UAE
e53cc774	EVT007	2027-03-15 00:00:00+01	Dubai Shopping Festival	600-1500 EUR	2fee01ed	b9a46334	1500	Dubai, UAE
d9abe628	EVT007	2027-03-15 00:00:00+01	Dubai Shopping Festival	600-1500 EUR	b0595b9e	bd8d258c	1500	Dubai, UAE
6856aac1	EVT007	2027-03-15 00:00:00+01	Dubai Shopping Festival	600-1500 EUR	e9e45e35	b48a4586	1500	Dubai, UAE
a63279bb	EVT007	2027-03-15 00:00:00+01	Dubai Shopping Festival	600-1500 EUR	ecb4f6e8	ff205bc9	1500	Dubai, UAE
5493c639	EVT007	2027-03-15 00:00:00+01	Dubai Shopping Festival	600-1500 EUR	8b4b7180	267866bf	1500	Dubai, UAE
2d00ac91	EVT007	2027-03-15 00:00:00+01	Dubai Shopping Festival	600-1500 EUR	e9e45e35	88fbb994	1500	Dubai, UAE
d471e8ca	EVT007	2027-03-15 00:00:00+01	Dubai Shopping Festival	600-1500 EUR	3e4caae1	a74190bc	1500	Dubai, UAE
64f43a51	EVT007	2027-03-15 00:00:00+01	Dubai Shopping Festival	600-1500 EUR	02961c5a	94cc4991	1500	Dubai, UAE
c93ddda1	EVT007	2027-03-15 00:00:00+01	Dubai Shopping Festival	600-1500 EUR	c009e64f	76ae8233	1500	Dubai, UAE
e3b80f66	EVT007	2027-03-15 00:00:00+01	Dubai Shopping Festival	600-1500 EUR	cae6a133	60911f71	1500	Dubai, UAE
7386054a	EVT007	2027-03-15 00:00:00+01	Dubai Shopping Festival	600-1500 EUR	8a4b2262	5c285415	1500	Dubai, UAE
9ab3e027	EVT007	2027-03-15 00:00:00+01	Dubai Shopping Festival	600-1500 EUR	dcd0d3ee	001d93f0	1500	Dubai, UAE
8b01ecea	EVT007	2027-03-15 00:00:00+01	Dubai Shopping Festival	600-1500 EUR	636a90e5	f1f66adf	1500	Dubai, UAE
4603116c	EVT007	2027-03-15 00:00:00+01	Dubai Shopping Festival	600-1500 EUR	b9a46334	c75f27fb	1500	Dubai, UAE
e40edaba	EVT007	2027-03-15 00:00:00+01	Dubai Shopping Festival	600-1500 EUR	869aa9e5	83d402cd	1500	Dubai, UAE
0f5cf1d0	EVT007	2027-03-15 00:00:00+01	Dubai Shopping Festival	600-1500 EUR	b83d9ca7	1a8afe2d	1500	Dubai, UAE
f9c0c20f	EVT007	2027-03-15 00:00:00+01	Dubai Shopping Festival	600-1500 EUR	262106e5	94cc4991	1500	Dubai, UAE
459fbb66	EVT007	2027-03-15 00:00:00+01	Dubai Shopping Festival	600-1500 EUR	c75f27fb	6f3df24c	1500	Dubai, UAE
c4f3d190	EVT007	2027-03-15 00:00:00+01	Dubai Shopping Festival	600-1500 EUR	97c55b40	8f0fefb7	1500	Dubai, UAE
21ea1364	EVT007	2027-03-15 00:00:00+01	Dubai Shopping Festival	600-1500 EUR	0e903fb3	a963f399	1500	Dubai, UAE
19c729c4	EVT007	2027-03-15 00:00:00+01	Dubai Shopping Festival	600-1500 EUR	f8b1e349	1e5c3e96	1500	Dubai, UAE
8fd40cda	EVT007	2027-03-15 00:00:00+01	Dubai Shopping Festival	600-1500 EUR	89e2635c	e094871a	1500	Dubai, UAE
98235cbb	EVT007	2027-03-15 00:00:00+01	Dubai Shopping Festival	600-1500 EUR	2a8cf94b	ab8ee69a	1500	Dubai, UAE
e9931a76	EVT007	2027-03-15 00:00:00+01	Dubai Shopping Festival	600-1500 EUR	63832a3d	96dc0e89	1500	Dubai, UAE
5891b69c	EVT007	2027-03-15 00:00:00+01	Dubai Shopping Festival	600-1500 EUR	02b1e646	7a846c2f	1500	Dubai, UAE
bca10411	EVT007	2027-03-15 00:00:00+01	Dubai Shopping Festival	600-1500 EUR	02961c5a	59540e34	1500	Dubai, UAE
cd6816f2	EVT007	2027-03-15 00:00:00+01	Dubai Shopping Festival	600-1500 EUR	f8b1e349	ca019b08	1500	Dubai, UAE
5aa58e87	EVT007	2027-03-15 00:00:00+01	Dubai Shopping Festival	600-1500 EUR	c6a5beaa	e9e45e35	1500	Dubai, UAE
81e4218e	EVT007	2027-03-15 00:00:00+01	Dubai Shopping Festival	600-1500 EUR	b6912e98	02961c5a	1500	Dubai, UAE
3dcd354f	EVT007	2027-03-15 00:00:00+01	Dubai Shopping Festival	600-1500 EUR	e176c4a4	b83d9ca7	1500	Dubai, UAE
4f64698d	EVT007	2027-03-15 00:00:00+01	Dubai Shopping Festival	600-1500 EUR	ab4afad1	96dc0e89	1500	Dubai, UAE
c0f3f4b6	EVT007	2027-03-15 00:00:00+01	Dubai Shopping Festival	600-1500 EUR	de8c2926	f366ec03	1500	Dubai, UAE
116c2622	EVT007	2027-03-15 00:00:00+01	Dubai Shopping Festival	600-1500 EUR	8665e7ee	b1fa0584	1500	Dubai, UAE
adbd932c	EVT007	2027-03-15 00:00:00+01	Dubai Shopping Festival	600-1500 EUR	60da3a78	c4d00b37	1500	Dubai, UAE
4484bc2d	EVT001	2026-08-28 00:00:00+02	Mad Cool	60-90 EUR	29696027	46898e5c	60	Madrid, Spain
370ea2ae	EVT001	2026-08-28 00:00:00+02	Mad Cool	60-90 EUR	de8c2926	c4f7cdd5	60	Madrid, Spain
69a2d48f	EVT001	2026-08-28 00:00:00+02	Mad Cool	60-90 EUR	79489de3	ca019b08	60	Madrid, Spain
83bef8c8	EVT001	2026-08-28 00:00:00+02	Mad Cool	60-90 EUR	1c1f026d	57905a5c	60	Madrid, Spain
96ab1f21	EVT001	2026-08-28 00:00:00+02	Mad Cool	60-90 EUR	636a90e5	e0c7d58b	60	Madrid, Spain
14f0ec1e	EVT001	2026-08-28 00:00:00+02	Mad Cool	60-90 EUR	43480a39	25c4b28f	60	Madrid, Spain
0fdb01b0	EVT008	2026-04-24 00:00:00+02	Madrid Open Tennis	100-800 EUR	00a00b29	c03c69c5	800	Madrid, Spain
45df0c51	EVT008	2026-04-24 00:00:00+02	Madrid Open Tennis	100-800 EUR	02961c5a	a187c1d1	800	Madrid, Spain
393012f3	EVT008	2026-04-24 00:00:00+02	Madrid Open Tennis	100-800 EUR	de8c2926	0f58766b	800	Madrid, Spain
3c0f2c81	EVT008	2026-04-24 00:00:00+02	Madrid Open Tennis	100-800 EUR	51229442	e96e3c94	800	Madrid, Spain
4defd6f1	EVT008	2026-04-24 00:00:00+02	Madrid Open Tennis	100-800 EUR	dc161f95	03f27563	800	Madrid, Spain
531ddee3	EVT008	2026-04-24 00:00:00+02	Madrid Open Tennis	100-800 EUR	a8e00fa8	c4f7cdd5	800	Madrid, Spain
270decf8	EVT008	2026-04-24 00:00:00+02	Madrid Open Tennis	100-800 EUR	43480a39	46898e5c	800	Madrid, Spain
3d7fb1f1	EVT008	2026-04-24 00:00:00+02	Madrid Open Tennis	100-800 EUR	56950a23	3dada837	800	Madrid, Spain
c73794fe	EVT008	2026-04-24 00:00:00+02	Madrid Open Tennis	100-800 EUR	260a44b4	cb047f4f	800	Madrid, Spain
01f169a2	EVT008	2026-04-24 00:00:00+02	Madrid Open Tennis	100-800 EUR	15345b41	35f566c6	800	Madrid, Spain
804ae4a9	EVT008	2026-04-24 00:00:00+02	Madrid Open Tennis	100-800 EUR	497fb030	497fb030	800	Madrid, Spain
bb4e35ec	EVT008	2026-04-24 00:00:00+02	Madrid Open Tennis	100-800 EUR	13567de0	c583fcb2	800	Madrid, Spain
14ae16ba	EVT008	2026-04-24 00:00:00+02	Madrid Open Tennis	100-800 EUR	b6eceef7	02b5a103	800	Madrid, Spain
3a7b74f4	EVT008	2026-04-24 00:00:00+02	Madrid Open Tennis	100-800 EUR	4515e051	b9a46334	800	Madrid, Spain
d36eb930	EVT008	2026-04-24 00:00:00+02	Madrid Open Tennis	100-800 EUR	3c6e644e	5620c9cc	800	Madrid, Spain
18bae760	EVT008	2026-04-24 00:00:00+02	Madrid Open Tennis	100-800 EUR	c8828009	844f140d	800	Madrid, Spain
a7587c46	EVT008	2026-04-24 00:00:00+02	Madrid Open Tennis	100-800 EUR	9d70c17c	60911f71	800	Madrid, Spain
b1e80dc3	EVT008	2026-04-24 00:00:00+02	Madrid Open Tennis	100-800 EUR	cc6a14d7	7ae79fd3	800	Madrid, Spain
f4e4645c	EVT008	2026-04-24 00:00:00+02	Madrid Open Tennis	100-800 EUR	95239495	4515e051	800	Madrid, Spain
1baf9698	EVT008	2026-04-24 00:00:00+02	Madrid Open Tennis	100-800 EUR	a963f399	94ba147e	800	Madrid, Spain
cf1a026b	EVT008	2026-04-24 00:00:00+02	Madrid Open Tennis	100-800 EUR	5c285415	8c9cd4c2	800	Madrid, Spain
f05d0fc5	EVT008	2026-04-24 00:00:00+02	Madrid Open Tennis	100-800 EUR	6b67a717	ab4afad1	800	Madrid, Spain
5f2d4e5e	EVT008	2026-04-24 00:00:00+02	Madrid Open Tennis	100-800 EUR	7b81aa91	94cc4991	800	Madrid, Spain
a8238c66	EVT008	2026-04-24 00:00:00+02	Madrid Open Tennis	100-800 EUR	b8c53350	c8828009	800	Madrid, Spain
132e86ee	EVT008	2026-04-24 00:00:00+02	Madrid Open Tennis	100-800 EUR	59540e34	28f5bac6	800	Madrid, Spain
366ca775	EVT008	2026-04-24 00:00:00+02	Madrid Open Tennis	100-800 EUR	02b5a103	b6912e98	800	Madrid, Spain
df50bf2b	EVT008	2026-04-24 00:00:00+02	Madrid Open Tennis	100-800 EUR	dd7b7f1a	cadc8163	800	Madrid, Spain
87ff2f0a	EVT008	2026-04-24 00:00:00+02	Madrid Open Tennis	100-800 EUR	5620c9cc	325086de	800	Madrid, Spain
55a2b909	EVT008	2026-04-24 00:00:00+02	Madrid Open Tennis	100-800 EUR	20a706d1	aa0c0083	800	Madrid, Spain
4b65e6bb	EVT008	2026-04-24 00:00:00+02	Madrid Open Tennis	100-800 EUR	c17aa6c1	d541002a	800	Madrid, Spain
ddc228e4	EVT008	2026-04-24 00:00:00+02	Madrid Open Tennis	100-800 EUR	abda005a	77e848b5	800	Madrid, Spain
9fcd5aff	EVT008	2026-04-24 00:00:00+02	Madrid Open Tennis	100-800 EUR	077545c0	d506cfea	800	Madrid, Spain
10576729	EVT008	2026-04-24 00:00:00+02	Madrid Open Tennis	100-800 EUR	13567de0	1a8afe2d	800	Madrid, Spain
6b397547	EVT008	2026-04-24 00:00:00+02	Madrid Open Tennis	100-800 EUR	3b972b7f	e094871a	800	Madrid, Spain
eb604173	EVT008	2026-04-24 00:00:00+02	Madrid Open Tennis	100-800 EUR	df01be6f	9ae426af	800	Madrid, Spain
4140c629	EVT008	2026-04-24 00:00:00+02	Madrid Open Tennis	100-800 EUR	eaa0defc	71119e2b	800	Madrid, Spain
c003e675	EVT008	2026-04-24 00:00:00+02	Madrid Open Tennis	100-800 EUR	1c1f026d	43480a39	800	Madrid, Spain
25a078e2	EVT008	2026-04-24 00:00:00+02	Madrid Open Tennis	100-800 EUR	8582671b	f8701f78	800	Madrid, Spain
4399a939	EVT008	2026-04-24 00:00:00+02	Madrid Open Tennis	100-800 EUR	71119e2b	dcd0d3ee	800	Madrid, Spain
75d2ec2c	EVT008	2026-04-24 00:00:00+02	Madrid Open Tennis	100-800 EUR	e0c7d58b	e094871a	800	Madrid, Spain
ea1ee741	EVT008	2026-04-24 00:00:00+02	Madrid Open Tennis	100-800 EUR	480d4540	baebc1a2	800	Madrid, Spain
f44153a2	EVT008	2026-04-24 00:00:00+02	Madrid Open Tennis	100-800 EUR	df01be6f	f104edbc	800	Madrid, Spain
6ad98ab0	EVT008	2026-04-24 00:00:00+02	Madrid Open Tennis	100-800 EUR	2fee01ed	0e903fb3	800	Madrid, Spain
ea2e2f88	EVT008	2026-04-24 00:00:00+02	Madrid Open Tennis	100-800 EUR	9a0ff9f0	c5007c53	800	Madrid, Spain
8ca9322b	EVT008	2026-04-24 00:00:00+02	Madrid Open Tennis	100-800 EUR	c6a5beaa	cadc8163	800	Madrid, Spain
2e99fd6f	EVT008	2026-04-24 00:00:00+02	Madrid Open Tennis	100-800 EUR	a74190bc	a357c1d4	800	Madrid, Spain
973c50de	EVT008	2026-04-24 00:00:00+02	Madrid Open Tennis	100-800 EUR	59bbca9b	bd357688	800	Madrid, Spain
bcb04bfa	EVT008	2026-04-24 00:00:00+02	Madrid Open Tennis	100-800 EUR	2fee01ed	0acd98ff	800	Madrid, Spain
75e3fb0e	EVT008	2026-04-24 00:00:00+02	Madrid Open Tennis	100-800 EUR	c17aa6c1	57905a5c	800	Madrid, Spain
ff9909bb	EVT009	2026-04-21 00:00:00+02	London Pass	200-400 GBP	6881d5df	9d70c17c	400	London, UK
5aeeadf7	EVT008	2026-04-24 00:00:00+02	Madrid Open Tennis	100-800 EUR	1e5c3e96	19b3cc88	800	Madrid, Spain
63a09b88	EVT008	2026-04-24 00:00:00+02	Madrid Open Tennis	100-800 EUR	1811b73c	4515e051	800	Madrid, Spain
af409954	EVT008	2026-04-24 00:00:00+02	Madrid Open Tennis	100-800 EUR	74e941eb	8582671b	800	Madrid, Spain
32433b57	EVT008	2026-04-24 00:00:00+02	Madrid Open Tennis	100-800 EUR	107484d5	b3a28585	800	Madrid, Spain
c455ec26	EVT008	2026-04-24 00:00:00+02	Madrid Open Tennis	100-800 EUR	dca9914e	063de543	800	Madrid, Spain
248932d4	EVT008	2026-04-24 00:00:00+02	Madrid Open Tennis	100-800 EUR	9d70c17c	6ce66803	800	Madrid, Spain
0d314744	EVT008	2026-04-24 00:00:00+02	Madrid Open Tennis	100-800 EUR	e3a6f945	59bbca9b	800	Madrid, Spain
cb64732b	EVT008	2026-04-24 00:00:00+02	Madrid Open Tennis	100-800 EUR	ca875942	063de543	800	Madrid, Spain
83cb3758	EVT008	2026-04-24 00:00:00+02	Madrid Open Tennis	100-800 EUR	077545c0	5620c9cc	800	Madrid, Spain
21c190f6	EVT008	2026-04-24 00:00:00+02	Madrid Open Tennis	100-800 EUR	e4c1f1b9	9558385a	800	Madrid, Spain
99fbff16	EVT008	2026-04-24 00:00:00+02	Madrid Open Tennis	100-800 EUR	35b3b902	b6eceef7	800	Madrid, Spain
3b4f5a7f	EVT008	2026-04-24 00:00:00+02	Madrid Open Tennis	100-800 EUR	1d18dcb6	c918a633	800	Madrid, Spain
75385ee8	EVT008	2026-04-24 00:00:00+02	Madrid Open Tennis	100-800 EUR	1269c89f	b9a46334	800	Madrid, Spain
0088f2e9	EVT008	2026-04-24 00:00:00+02	Madrid Open Tennis	100-800 EUR	13567de0	0c9ea52e	800	Madrid, Spain
333660a8	EVT009	2026-04-21 00:00:00+02	London Pass	200-400 GBP	ecb4f6e8	f1cf4895	400	London, UK
6a269adc	EVT009	2026-04-21 00:00:00+02	London Pass	200-400 GBP	a8362c2e	763b5033	400	London, UK
9abc371a	EVT009	2026-04-21 00:00:00+02	London Pass	200-400 GBP	4fb1a934	a8e00fa8	400	London, UK
62719cd1	EVT009	2026-04-21 00:00:00+02	London Pass	200-400 GBP	262106e5	3a18400c	400	London, UK
022e7fb9	EVT009	2026-04-21 00:00:00+02	London Pass	200-400 GBP	fc188cfa	c75f27fb	400	London, UK
31a1d14b	EVT009	2026-04-21 00:00:00+02	London Pass	200-400 GBP	267866bf	7ae79fd3	400	London, UK
91eae67b	EVT009	2026-04-21 00:00:00+02	London Pass	200-400 GBP	aeaca7e5	e76d6b15	400	London, UK
06fd50a9	EVT009	2026-04-21 00:00:00+02	London Pass	200-400 GBP	b6eceef7	74e941eb	400	London, UK
a2f1ca1a	EVT009	2026-04-21 00:00:00+02	London Pass	200-400 GBP	74ecdd17	079f1c0e	400	London, UK
e3ea322f	EVT009	2026-04-21 00:00:00+02	London Pass	200-400 GBP	cb2842f9	fd085fbe	400	London, UK
260b6aed	EVT009	2026-04-21 00:00:00+02	London Pass	200-400 GBP	dcd0d3ee	844f140d	400	London, UK
c11fdfd3	EVT009	2026-04-21 00:00:00+02	London Pass	200-400 GBP	6f589a62	0e903fb3	400	London, UK
a7da9489	EVT009	2026-04-21 00:00:00+02	London Pass	200-400 GBP	e6746d85	dcd0d3ee	400	London, UK
5f29bcac	EVT009	2026-04-21 00:00:00+02	London Pass	200-400 GBP	e10e2423	51229442	400	London, UK
abe6e8bd	EVT009	2026-04-21 00:00:00+02	London Pass	200-400 GBP	0da5fb99	b8c53350	400	London, UK
d674adc5	EVT009	2026-04-21 00:00:00+02	London Pass	200-400 GBP	b6eceef7	bd357688	400	London, UK
09df3154	EVT009	2026-04-21 00:00:00+02	London Pass	200-400 GBP	b8759768	70a4f1ed	400	London, UK
6f131a20	EVT009	2026-04-21 00:00:00+02	London Pass	200-400 GBP	6ce66803	82a92316	400	London, UK
5ecaf91f	EVT009	2026-04-21 00:00:00+02	London Pass	200-400 GBP	f9b1da8c	8a4b2262	400	London, UK
aa7b354b	EVT009	2026-04-21 00:00:00+02	London Pass	200-400 GBP	e10e2423	7a846c2f	400	London, UK
15def7f7	EVT009	2026-04-21 00:00:00+02	London Pass	200-400 GBP	2dbfd6c5	b8c53350	400	London, UK
b61bdcce	EVT009	2026-04-21 00:00:00+02	London Pass	200-400 GBP	869aa9e5	56a02fdf	400	London, UK
551f2674	EVT009	2026-04-21 00:00:00+02	London Pass	200-400 GBP	0235d7e9	eaa0defc	400	London, UK
582901fd	EVT009	2026-04-21 00:00:00+02	London Pass	200-400 GBP	0e903fb3	763b5033	400	London, UK
b348bf64	EVT009	2026-04-21 00:00:00+02	London Pass	200-400 GBP	3d5bf0c3	1c1f026d	400	London, UK
a28a4311	EVT009	2026-04-21 00:00:00+02	London Pass	200-400 GBP	76a74baf	51229442	400	London, UK
8744ec8e	EVT009	2026-04-21 00:00:00+02	London Pass	200-400 GBP	c17aa6c1	56950a23	400	London, UK
b7424b93	EVT009	2026-04-21 00:00:00+02	London Pass	200-400 GBP	d2423176	f4caefa4	400	London, UK
6e2151cf	EVT009	2026-04-21 00:00:00+02	London Pass	200-400 GBP	f5f465cf	9558385a	400	London, UK
602b9146	EVT009	2026-04-21 00:00:00+02	London Pass	200-400 GBP	70fe874b	1a8afe2d	400	London, UK
25429f9f	EVT009	2026-04-21 00:00:00+02	London Pass	200-400 GBP	869aa9e5	71119e2b	400	London, UK
57975af8	EVT009	2026-04-21 00:00:00+02	London Pass	200-400 GBP	325086de	a963f399	400	London, UK
239e6d4e	EVT009	2026-04-21 00:00:00+02	London Pass	200-400 GBP	371f8a70	d40b3a36	400	London, UK
c42372e8	EVT009	2026-04-21 00:00:00+02	London Pass	200-400 GBP	3b972b7f	c583fcb2	400	London, UK
fa328f3b	EVT009	2026-04-21 00:00:00+02	London Pass	200-400 GBP	25c4b28f	56950a23	400	London, UK
81b12560	EVT009	2026-04-21 00:00:00+02	London Pass	200-400 GBP	56950a23	2e673cd9	400	London, UK
d4debb9a	EVT009	2026-04-21 00:00:00+02	London Pass	200-400 GBP	70fe874b	97c55b40	400	London, UK
72bda385	EVT009	2026-04-21 00:00:00+02	London Pass	200-400 GBP	020addac	77e848b5	400	London, UK
e244f9a7	EVT009	2026-04-21 00:00:00+02	London Pass	200-400 GBP	de8c2926	1e5c3e96	400	London, UK
15125d0a	EVT009	2026-04-21 00:00:00+02	London Pass	200-400 GBP	069e4821	02961c5a	400	London, UK
25b81c75	EVT009	2026-04-21 00:00:00+02	London Pass	200-400 GBP	344c0cc0	371f8a70	400	London, UK
e72cf543	EVT009	2026-04-21 00:00:00+02	London Pass	200-400 GBP	050c69d4	5e1740c0	400	London, UK
da4ccad4	EVT009	2026-04-21 00:00:00+02	London Pass	200-400 GBP	7db037a9	a74190bc	400	London, UK
4b661a83	EVT009	2026-04-21 00:00:00+02	London Pass	200-400 GBP	03f27563	35f566c6	400	London, UK
a58bdd7d	EVT009	2026-04-21 00:00:00+02	London Pass	200-400 GBP	29696027	54cd9417	400	London, UK
525655f5	EVT009	2026-04-21 00:00:00+02	London Pass	200-400 GBP	c52c461f	0c9ea52e	400	London, UK
0041e4ce	EVT009	2026-04-21 00:00:00+02	London Pass	200-400 GBP	e76d6b15	e6720a59	400	London, UK
a2d96cc2	EVT009	2026-04-21 00:00:00+02	London Pass	200-400 GBP	59bbca9b	1d18dcb6	400	London, UK
d6813db3	EVT009	2026-04-21 00:00:00+02	London Pass	200-400 GBP	e4c1f1b9	de869752	400	London, UK
ccc76a1b	EVT009	2026-04-21 00:00:00+02	London Pass	200-400 GBP	aadd4bf5	077545c0	400	London, UK
784f5084	EVT009	2026-04-21 00:00:00+02	London Pass	200-400 GBP	7db037a9	95239495	400	London, UK
f9c4967d	EVT009	2026-04-21 00:00:00+02	London Pass	200-400 GBP	df3d971c	e094871a	400	London, UK
62812ead	EVT009	2026-04-21 00:00:00+02	London Pass	200-400 GBP	166e13bf	89e2635c	400	London, UK
609fef98	EVT009	2026-04-21 00:00:00+02	London Pass	200-400 GBP	c5007c53	a963f399	400	London, UK
3530e39c	EVT009	2026-04-21 00:00:00+02	London Pass	200-400 GBP	7db037a9	db5421b9	400	London, UK
06c1bbc8	EVT009	2026-04-21 00:00:00+02	London Pass	200-400 GBP	975a8d58	c52c461f	400	London, UK
ba0df2a5	EVT009	2026-04-21 00:00:00+02	London Pass	200-400 GBP	050c69d4	9a0ff9f0	400	London, UK
830992ab	EVT009	2026-04-21 00:00:00+02	London Pass	200-400 GBP	f08f881b	be170500	400	London, UK
17a28989	EVT009	2026-04-21 00:00:00+02	London Pass	200-400 GBP	497fb030	74e941eb	400	London, UK
2fd1b6f6	EVT009	2026-04-21 00:00:00+02	London Pass	200-400 GBP	c62981b9	9e88aaa4	400	London, UK
bf770d3b	EVT009	2026-04-21 00:00:00+02	London Pass	200-400 GBP	ad734ead	e96e3c94	400	London, UK
90218e47	EVT009	2026-04-21 00:00:00+02	London Pass	200-400 GBP	7aca74a5	dca9914e	400	London, UK
bfc7f09d	EVT009	2026-04-21 00:00:00+02	London Pass	200-400 GBP	b1fa0584	edfd3a41	400	London, UK
8681391d	EVT009	2026-04-21 00:00:00+02	London Pass	200-400 GBP	1f9c21bf	1e5c3e96	400	London, UK
fb9fbdde	EVT009	2026-04-21 00:00:00+02	London Pass	200-400 GBP	f4caefa4	11339f9b	400	London, UK
038a6878	EVT008	2026-04-24 00:00:00+02	Madrid Open Tennis	100-800 EUR	e9e45e35	6ce66803	800	Madrid, Spain
b358e17a	EVT008	2026-04-24 00:00:00+02	Madrid Open Tennis	100-800 EUR	aadd4bf5	26f1e58a	800	Madrid, Spain
d3e0a845	EVT008	2026-04-24 00:00:00+02	Madrid Open Tennis	100-800 EUR	b9a46334	15345b41	800	Madrid, Spain
69f0b32e	EVT009	2026-04-21 00:00:00+02	London Pass	200-400 GBP	1f9c21bf	9e881897	400	London, UK
fd969a68	EVT009	2026-04-21 00:00:00+02	London Pass	200-400 GBP	147b4c93	dfe87ee6	400	London, UK
4bf31333	EVT009	2026-04-21 00:00:00+02	London Pass	200-400 GBP	875d2dbe	cae6a133	400	London, UK
b4537e42	EVT009	2026-04-21 00:00:00+02	London Pass	200-400 GBP	79489de3	d541002a	400	London, UK
1098216f	EVT009	2026-04-21 00:00:00+02	London Pass	200-400 GBP	147b4c93	cb2842f9	400	London, UK
e6577cae	EVT009	2026-04-21 00:00:00+02	London Pass	200-400 GBP	d2423176	5c285415	400	London, UK
797cb39e	EVT009	2026-04-21 00:00:00+02	London Pass	200-400 GBP	db5421b9	cadc8163	400	London, UK
a40a5c47	EVT009	2026-04-21 00:00:00+02	London Pass	200-400 GBP	6ce66803	0f58766b	400	London, UK
9f446810	EVT009	2026-04-21 00:00:00+02	London Pass	200-400 GBP	f8b1e349	de869752	400	London, UK
d8e530e3	EVT009	2026-04-21 00:00:00+02	London Pass	200-400 GBP	43480a39	e4c1f1b9	400	London, UK
b24c7109	EVT009	2026-04-21 00:00:00+02	London Pass	200-400 GBP	3df5a8d0	6881d5df	400	London, UK
6933ead2	EVT009	2026-04-21 00:00:00+02	London Pass	200-400 GBP	b65a4092	167ca9bd	400	London, UK
8e3be1df	EVT009	2026-04-21 00:00:00+02	London Pass	200-400 GBP	73ed2115	ca875942	400	London, UK
3ca07221	EVT009	2026-04-21 00:00:00+02	London Pass	200-400 GBP	c6a5beaa	97c55b40	400	London, UK
83c39552	EVT009	2026-04-21 00:00:00+02	London Pass	200-400 GBP	23b01d07	3dada837	400	London, UK
0ea7974e	EVT010	2026-10-07 00:00:00+02	BCN Tour and Flavors	200-400 EUR	de869752	9e881897	200	Barcelona, Spain
a6d22505	EVT010	2026-10-07 00:00:00+02	BCN Tour and Flavors	200-400 EUR	a963f399	763b5033	200	Barcelona, Spain
d65551ae	EVT010	2026-10-07 00:00:00+02	BCN Tour and Flavors	200-400 EUR	e4c1f1b9	566a1ae5	200	Barcelona, Spain
904f1961	EVT010	2026-10-07 00:00:00+02	BCN Tour and Flavors	200-400 EUR	ab4afad1	a187c1d1	200	Barcelona, Spain
7fbb21be	EVT010	2026-10-07 00:00:00+02	BCN Tour and Flavors	200-400 EUR	ab4afad1	9a089867	200	Barcelona, Spain
f691a62c	EVT010	2026-10-07 00:00:00+02	BCN Tour and Flavors	200-400 EUR	88821e8b	7a846c2f	200	Barcelona, Spain
808b3b2d	EVT010	2026-10-07 00:00:00+02	BCN Tour and Flavors	200-400 EUR	74e941eb	7dec65b5	200	Barcelona, Spain
f20d7cd1	EVT010	2026-10-07 00:00:00+02	BCN Tour and Flavors	200-400 EUR	102a243d	6b3097b6	200	Barcelona, Spain
084b9cef	EVT010	2026-10-07 00:00:00+02	BCN Tour and Flavors	200-400 EUR	77e848b5	0c004ba0	200	Barcelona, Spain
e610037a	EVT010	2026-10-07 00:00:00+02	BCN Tour and Flavors	200-400 EUR	13567de0	4fb1a934	200	Barcelona, Spain
d94e1f2f	EVT010	2026-10-07 00:00:00+02	BCN Tour and Flavors	200-400 EUR	639ab155	74ecdd17	200	Barcelona, Spain
0e006810	EVT010	2026-10-07 00:00:00+02	BCN Tour and Flavors	200-400 EUR	9a089867	2e673cd9	200	Barcelona, Spain
3a9ed274	EVT010	2026-10-07 00:00:00+02	BCN Tour and Flavors	200-400 EUR	2dbfd6c5	402defd3	200	Barcelona, Spain
b4e27ffc	EVT010	2026-10-07 00:00:00+02	BCN Tour and Flavors	200-400 EUR	e9e45e35	96dc0e89	200	Barcelona, Spain
d2ae2f86	EVT010	2026-10-07 00:00:00+02	BCN Tour and Flavors	200-400 EUR	8f0bad12	763b5033	200	Barcelona, Spain
a7f5bb11	EVT010	2026-10-07 00:00:00+02	BCN Tour and Flavors	200-400 EUR	7ae79fd3	0e00aa5f	200	Barcelona, Spain
6d3c7a93	EVT010	2026-10-07 00:00:00+02	BCN Tour and Flavors	200-400 EUR	edfd3a41	5620c9cc	200	Barcelona, Spain
69c96ac6	EVT010	2026-10-07 00:00:00+02	BCN Tour and Flavors	200-400 EUR	406416dd	abda005a	200	Barcelona, Spain
04101c2e	EVT010	2026-10-07 00:00:00+02	BCN Tour and Flavors	200-400 EUR	c52c461f	262106e5	200	Barcelona, Spain
22e0e1dc	EVT010	2026-10-07 00:00:00+02	BCN Tour and Flavors	200-400 EUR	b6912e98	639ab155	200	Barcelona, Spain
13006681	EVT010	2026-10-07 00:00:00+02	BCN Tour and Flavors	200-400 EUR	ed104453	e9e45e35	200	Barcelona, Spain
e5282221	EVT010	2026-10-07 00:00:00+02	BCN Tour and Flavors	200-400 EUR	7b81aa91	9e881897	200	Barcelona, Spain
7c20141f	EVT010	2026-10-07 00:00:00+02	BCN Tour and Flavors	200-400 EUR	15ae9ac7	480d4540	200	Barcelona, Spain
9fa10ee6	EVT010	2026-10-07 00:00:00+02	BCN Tour and Flavors	200-400 EUR	54cd9417	3d5bf0c3	200	Barcelona, Spain
e8cc15d9	EVT010	2026-10-07 00:00:00+02	BCN Tour and Flavors	200-400 EUR	3a18400c	844f140d	200	Barcelona, Spain
2b2b34cf	EVT010	2026-10-07 00:00:00+02	BCN Tour and Flavors	200-400 EUR	7dec65b5	f5f465cf	200	Barcelona, Spain
41ad2577	EVT010	2026-10-07 00:00:00+02	BCN Tour and Flavors	200-400 EUR	a8362c2e	e3a6f945	200	Barcelona, Spain
0365d549	EVT010	2026-10-07 00:00:00+02	BCN Tour and Flavors	200-400 EUR	484bf739	8a4b2262	200	Barcelona, Spain
8196a4b0	EVT010	2026-10-07 00:00:00+02	BCN Tour and Flavors	200-400 EUR	94bd64e3	a74190bc	200	Barcelona, Spain
b914794f	EVT010	2026-10-07 00:00:00+02	BCN Tour and Flavors	200-400 EUR	f104edbc	c03c69c5	200	Barcelona, Spain
08e1e5f4	EVT010	2026-10-07 00:00:00+02	BCN Tour and Flavors	200-400 EUR	4fb1a934	3e4caae1	200	Barcelona, Spain
bc1527f2	EVT010	2026-10-07 00:00:00+02	BCN Tour and Flavors	200-400 EUR	1e44fee8	d506cfea	200	Barcelona, Spain
54d95ab1	EVT010	2026-10-07 00:00:00+02	BCN Tour and Flavors	200-400 EUR	a963f399	7db037a9	200	Barcelona, Spain
ee4664af	EVT010	2026-10-07 00:00:00+02	BCN Tour and Flavors	200-400 EUR	7a7af763	1f9c21bf	200	Barcelona, Spain
94ec548c	EVT010	2026-10-07 00:00:00+02	BCN Tour and Flavors	200-400 EUR	25c4b28f	1e6cf74d	200	Barcelona, Spain
3ab1b0f2	EVT010	2026-10-07 00:00:00+02	BCN Tour and Flavors	200-400 EUR	8c9cd4c2	844f140d	200	Barcelona, Spain
b87b7180	EVT010	2026-10-07 00:00:00+02	BCN Tour and Flavors	200-400 EUR	102a243d	d2423176	200	Barcelona, Spain
9e092b78	EVT010	2026-10-07 00:00:00+02	BCN Tour and Flavors	200-400 EUR	1af22276	c03c69c5	200	Barcelona, Spain
1731c521	EVT010	2026-10-07 00:00:00+02	BCN Tour and Flavors	200-400 EUR	71119e2b	2f284839	200	Barcelona, Spain
ee5b604c	EVT010	2026-10-07 00:00:00+02	BCN Tour and Flavors	200-400 EUR	23b01d07	ec533a6f	200	Barcelona, Spain
3f6647bc	EVT010	2026-10-07 00:00:00+02	BCN Tour and Flavors	200-400 EUR	7ae79fd3	a357c1d4	200	Barcelona, Spain
5356504e	EVT010	2026-10-07 00:00:00+02	BCN Tour and Flavors	200-400 EUR	8f0bad12	dd7b7f1a	200	Barcelona, Spain
6b127846	EVT010	2026-10-07 00:00:00+02	BCN Tour and Flavors	200-400 EUR	76a74baf	1811b73c	200	Barcelona, Spain
d78616a3	EVT010	2026-10-07 00:00:00+02	BCN Tour and Flavors	200-400 EUR	3d5bf0c3	94cc4991	200	Barcelona, Spain
01a4d989	EVT010	2026-10-07 00:00:00+02	BCN Tour and Flavors	200-400 EUR	83d402cd	f3c36c86	200	Barcelona, Spain
fbbea922	EVT010	2026-10-07 00:00:00+02	BCN Tour and Flavors	200-400 EUR	4fb1a934	4f911c69	200	Barcelona, Spain
fe513241	EVT010	2026-10-07 00:00:00+02	BCN Tour and Flavors	200-400 EUR	763b5033	763b5033	200	Barcelona, Spain
838eff03	EVT010	2026-10-07 00:00:00+02	BCN Tour and Flavors	200-400 EUR	edfd3a41	5620c9cc	200	Barcelona, Spain
5ee82e0a	EVT010	2026-10-07 00:00:00+02	BCN Tour and Flavors	200-400 EUR	9fb284cb	c8828009	200	Barcelona, Spain
b5620ef7	EVT010	2026-10-07 00:00:00+02	BCN Tour and Flavors	200-400 EUR	3df5a8d0	6c707f62	200	Barcelona, Spain
455f49ca	EVT010	2026-10-07 00:00:00+02	BCN Tour and Flavors	200-400 EUR	60da3a78	ca875942	200	Barcelona, Spain
89992830	EVT010	2026-10-07 00:00:00+02	BCN Tour and Flavors	200-400 EUR	54cd9417	8ca22a46	200	Barcelona, Spain
cf41631b	EVT010	2026-10-07 00:00:00+02	BCN Tour and Flavors	200-400 EUR	5c1272b3	f9b1da8c	200	Barcelona, Spain
d39e39e1	EVT010	2026-10-07 00:00:00+02	BCN Tour and Flavors	200-400 EUR	76a74baf	03f27563	200	Barcelona, Spain
2927f54c	EVT010	2026-10-07 00:00:00+02	BCN Tour and Flavors	200-400 EUR	88fbb994	4fb1a934	200	Barcelona, Spain
b44a69ce	EVT010	2026-10-07 00:00:00+02	BCN Tour and Flavors	200-400 EUR	cb047f4f	fd085fbe	200	Barcelona, Spain
80412269	EVT010	2026-10-07 00:00:00+02	BCN Tour and Flavors	200-400 EUR	875d2dbe	9a089867	200	Barcelona, Spain
e87614e5	EVT010	2026-10-07 00:00:00+02	BCN Tour and Flavors	200-400 EUR	267866bf	df3d971c	200	Barcelona, Spain
d77bd755	EVT010	2026-10-07 00:00:00+02	BCN Tour and Flavors	200-400 EUR	35f566c6	5ce4eb4c	200	Barcelona, Spain
d80e814d	EVT010	2026-10-07 00:00:00+02	BCN Tour and Flavors	200-400 EUR	f76bd670	fc188cfa	200	Barcelona, Spain
d586810a	EVT010	2026-10-07 00:00:00+02	BCN Tour and Flavors	200-400 EUR	de869752	4515e051	200	Barcelona, Spain
31077734	EVT010	2026-10-07 00:00:00+02	BCN Tour and Flavors	200-400 EUR	db5421b9	9d70c17c	200	Barcelona, Spain
1a5a77b4	EVT010	2026-10-07 00:00:00+02	BCN Tour and Flavors	200-400 EUR	8665e7ee	f76bd670	200	Barcelona, Spain
a419d8a4	EVT010	2026-10-07 00:00:00+02	BCN Tour and Flavors	200-400 EUR	2d5a6086	5c99ab61	200	Barcelona, Spain
042ed43a	EVT010	2026-10-07 00:00:00+02	BCN Tour and Flavors	200-400 EUR	73ed2115	0da5fb99	200	Barcelona, Spain
cdf2ac35	EVT010	2026-10-07 00:00:00+02	BCN Tour and Flavors	200-400 EUR	23b01d07	13e9a3ab	200	Barcelona, Spain
1206a95e	EVT010	2026-10-07 00:00:00+02	BCN Tour and Flavors	200-400 EUR	402defd3	dc161f95	200	Barcelona, Spain
7519057e	EVT010	2026-10-07 00:00:00+02	BCN Tour and Flavors	200-400 EUR	0f58766b	e6720a59	200	Barcelona, Spain
bc2e5285	EVT010	2026-10-07 00:00:00+02	BCN Tour and Flavors	200-400 EUR	97c55b40	94bd64e3	200	Barcelona, Spain
613eb542	EVT010	2026-10-07 00:00:00+02	BCN Tour and Flavors	200-400 EUR	9558385a	b3a28585	200	Barcelona, Spain
\.


--
-- Data for Name: fare_families; Type: TABLE DATA; Schema: travel; Owner: postgres
--

COPY travel.fare_families (fare_family_id, name, bags_included, change_penalty, refundability) FROM stdin;
ECBASIC	Economy Basic	0	1	NONREF
ECFLEX	Economy Flex	1	1	PARTIAL
ECPLUS	Economy Plus	2	1	PARTIAL
BUSLIGHT	Business Light	3	2	REF
BUSFLEX	Business Flex	4	2	FULL
FIRST	First Class	5	4	FULL
\.


--
-- Data for Name: flight_inventory; Type: TABLE DATA; Schema: travel; Owner: postgres
--

COPY travel.flight_inventory (inventory_id, flight_id, cabin_class, fare_family_id, seats_available, last_updated_ts) FROM stdin;
7f603ddd	IB197-2026-01-22-MAD-BCN	ECONOMY	ECBASIC	107	2026-01-22 22:00:01.254234+01
1a756767	IB197-2026-01-22-MAD-BCN	ECONOMY	ECFLEX	34	2026-01-22 22:00:01.254337+01
bbc88085	IB197-2026-01-22-MAD-BCN	ECONOMY	ECPLUS	23	2026-01-22 22:00:01.254421+01
19bcc1c8	IB197-2026-01-22-MAD-BCN	ECONOMY	BUSLIGHT	71	2026-01-22 22:00:01.254476+01
a13cfe88	IB197-2026-01-22-MAD-BCN	ECONOMY	BUSFLEX	102	2026-01-22 22:00:01.254512+01
87442d2f	IB197-2026-01-22-MAD-BCN	ECONOMY	FIRST	126	2026-01-22 22:00:01.254533+01
a9a947d4	IB197-2026-01-22-MAD-BCN	BUSINESS	ECBASIC	11	2026-01-22 22:00:01.254553+01
a2c9e268	IB197-2026-01-22-MAD-BCN	BUSINESS	ECFLEX	15	2026-01-22 22:00:01.254572+01
1a1f9303	IB197-2026-01-22-MAD-BCN	BUSINESS	ECPLUS	16	2026-01-22 22:00:01.25459+01
25d4a4c4	IB197-2026-01-22-MAD-BCN	BUSINESS	BUSLIGHT	7	2026-01-22 22:00:01.254608+01
ec7ee85b	IB197-2026-01-22-MAD-BCN	BUSINESS	BUSFLEX	12	2026-01-22 22:00:01.254638+01
acef57bb	IB197-2026-01-22-MAD-BCN	BUSINESS	FIRST	7	2026-01-22 22:00:01.254656+01
079ebfbc	IB330-2026-01-22-MAD-DXB	ECONOMY	ECBASIC	94	2026-01-22 22:00:01.254678+01
182a629e	IB330-2026-01-22-MAD-DXB	ECONOMY	ECFLEX	54	2026-01-22 22:00:01.254696+01
6a35e1cb	IB330-2026-01-22-MAD-DXB	ECONOMY	ECPLUS	63	2026-01-22 22:00:01.254713+01
2d6bcdd6	IB330-2026-01-22-MAD-DXB	ECONOMY	BUSLIGHT	56	2026-01-22 22:00:01.25473+01
0735e897	IB330-2026-01-22-MAD-DXB	ECONOMY	BUSFLEX	121	2026-01-22 22:00:01.254748+01
f50eda5e	IB330-2026-01-22-MAD-DXB	ECONOMY	FIRST	37	2026-01-22 22:00:01.254766+01
4d6b9a07	IB330-2026-01-22-MAD-DXB	BUSINESS	ECBASIC	15	2026-01-22 22:00:01.254784+01
e8b3c29d	IB330-2026-01-22-MAD-DXB	BUSINESS	ECFLEX	8	2026-01-22 22:00:01.254801+01
86286ebd	IB330-2026-01-22-MAD-DXB	BUSINESS	ECPLUS	13	2026-01-22 22:00:01.254819+01
e92511b1	IB330-2026-01-22-MAD-DXB	BUSINESS	BUSLIGHT	9	2026-01-22 22:00:01.254852+01
09ccc4a4	IB330-2026-01-22-MAD-DXB	BUSINESS	BUSFLEX	13	2026-01-22 22:00:01.254881+01
e32bd2be	IB330-2026-01-22-MAD-DXB	BUSINESS	FIRST	11	2026-01-22 22:00:01.254919+01
c79be629	IB651-2026-01-22-MAD-SCZ	ECONOMY	ECBASIC	65	2026-01-22 22:00:01.254955+01
1176f5ba	IB651-2026-01-22-MAD-SCZ	ECONOMY	ECFLEX	81	2026-01-22 22:00:01.254988+01
0b217b6c	IB651-2026-01-22-MAD-SCZ	ECONOMY	ECPLUS	142	2026-01-22 22:00:01.255021+01
4bae348d	IB651-2026-01-22-MAD-SCZ	ECONOMY	BUSLIGHT	120	2026-01-22 22:00:01.25506+01
03543bdd	IB651-2026-01-22-MAD-SCZ	ECONOMY	BUSFLEX	98	2026-01-22 22:00:01.255079+01
c5692cf7	IB651-2026-01-22-MAD-SCZ	ECONOMY	FIRST	176	2026-01-22 22:00:01.255097+01
761aaef2	IB651-2026-01-22-MAD-SCZ	BUSINESS	ECBASIC	12	2026-01-22 22:00:01.255115+01
7ec06642	IB651-2026-01-22-MAD-SCZ	BUSINESS	ECFLEX	14	2026-01-22 22:00:01.255132+01
89786590	IB651-2026-01-22-MAD-SCZ	BUSINESS	ECPLUS	12	2026-01-22 22:00:01.255149+01
32fd737e	IB651-2026-01-22-MAD-SCZ	BUSINESS	BUSLIGHT	16	2026-01-22 22:00:01.255168+01
98ca8d2a	IB651-2026-01-22-MAD-SCZ	BUSINESS	BUSFLEX	7	2026-01-22 22:00:01.255185+01
c0ce8d93	IB651-2026-01-22-MAD-SCZ	BUSINESS	FIRST	12	2026-01-22 22:00:01.255203+01
269c0c40	IB793-2026-01-22-MAD-CDG	ECONOMY	ECBASIC	170	2026-01-22 22:00:01.255223+01
afd4a13a	IB793-2026-01-22-MAD-CDG	ECONOMY	ECFLEX	180	2026-01-22 22:00:01.255242+01
7d0d846d	IB793-2026-01-22-MAD-CDG	ECONOMY	ECPLUS	38	2026-01-22 22:00:01.25526+01
936817ec	IB793-2026-01-22-MAD-CDG	ECONOMY	BUSLIGHT	100	2026-01-22 22:00:01.255277+01
180b5b3a	IB793-2026-01-22-MAD-CDG	ECONOMY	BUSFLEX	131	2026-01-22 22:00:01.255295+01
1b385885	IB793-2026-01-22-MAD-CDG	ECONOMY	FIRST	101	2026-01-22 22:00:01.255313+01
88bf0b5b	IB793-2026-01-22-MAD-CDG	BUSINESS	ECBASIC	13	2026-01-22 22:00:01.25533+01
21352c44	IB793-2026-01-22-MAD-CDG	BUSINESS	ECFLEX	8	2026-01-22 22:00:01.255348+01
5c818c02	IB793-2026-01-22-MAD-CDG	BUSINESS	ECPLUS	12	2026-01-22 22:00:01.255365+01
03a9f203	IB793-2026-01-22-MAD-CDG	BUSINESS	BUSLIGHT	16	2026-01-22 22:00:01.255382+01
0d33a0f3	IB793-2026-01-22-MAD-CDG	BUSINESS	BUSFLEX	6	2026-01-22 22:00:01.2554+01
fff072cf	IB793-2026-01-22-MAD-CDG	BUSINESS	FIRST	12	2026-01-22 22:00:01.255417+01
419b678d	IB547-2026-01-22-MAD-JFK	ECONOMY	ECBASIC	82	2026-01-22 22:00:01.255436+01
0298ebf7	IB547-2026-01-22-MAD-JFK	ECONOMY	ECFLEX	175	2026-01-22 22:00:01.255454+01
96e58ddf	IB547-2026-01-22-MAD-JFK	ECONOMY	ECPLUS	174	2026-01-22 22:00:01.255471+01
7f08df74	IB547-2026-01-22-MAD-JFK	ECONOMY	BUSLIGHT	168	2026-01-22 22:00:01.255488+01
7d62c323	IB547-2026-01-22-MAD-JFK	ECONOMY	BUSFLEX	62	2026-01-22 22:00:01.255505+01
1d5a4006	IB547-2026-01-22-MAD-JFK	ECONOMY	FIRST	84	2026-01-22 22:00:01.255524+01
dddfc586	IB547-2026-01-22-MAD-JFK	BUSINESS	ECBASIC	11	2026-01-22 22:00:01.255543+01
c6746ed4	IB547-2026-01-22-MAD-JFK	BUSINESS	ECFLEX	13	2026-01-22 22:00:01.25556+01
61604aab	IB547-2026-01-22-MAD-JFK	BUSINESS	ECPLUS	8	2026-01-22 22:00:01.255577+01
9e1ba53f	IB547-2026-01-22-MAD-JFK	BUSINESS	BUSLIGHT	10	2026-01-22 22:00:01.255595+01
b78b5e95	IB547-2026-01-22-MAD-JFK	BUSINESS	BUSFLEX	13	2026-01-22 22:00:01.255613+01
026fb1d2	IB547-2026-01-22-MAD-JFK	BUSINESS	FIRST	7	2026-01-22 22:00:01.255631+01
4e12e251	IB460-2026-01-22-MAD-PMI	ECONOMY	ECBASIC	80	2026-01-22 22:00:01.25565+01
ffe631be	IB460-2026-01-22-MAD-PMI	ECONOMY	ECFLEX	64	2026-01-22 22:00:01.255668+01
5ea0faf9	IB460-2026-01-22-MAD-PMI	ECONOMY	ECPLUS	156	2026-01-22 22:00:01.255685+01
12c73a81	IB460-2026-01-22-MAD-PMI	ECONOMY	BUSLIGHT	144	2026-01-22 22:00:01.255703+01
b1fe0d8c	IB460-2026-01-22-MAD-PMI	ECONOMY	BUSFLEX	23	2026-01-22 22:00:01.255721+01
8dfd0494	IB460-2026-01-22-MAD-PMI	ECONOMY	FIRST	83	2026-01-22 22:00:01.255739+01
65d6bc9d	IB460-2026-01-22-MAD-PMI	BUSINESS	ECBASIC	12	2026-01-22 22:00:01.255757+01
64ed60cc	IB460-2026-01-22-MAD-PMI	BUSINESS	ECFLEX	8	2026-01-22 22:00:01.255774+01
3987203b	IB460-2026-01-22-MAD-PMI	BUSINESS	ECPLUS	16	2026-01-22 22:00:01.255791+01
be3ed0a3	IB460-2026-01-22-MAD-PMI	BUSINESS	BUSLIGHT	9	2026-01-22 22:00:01.255808+01
1c62b754	IB460-2026-01-22-MAD-PMI	BUSINESS	BUSFLEX	15	2026-01-22 22:00:01.255826+01
7d116f81	IB460-2026-01-22-MAD-PMI	BUSINESS	FIRST	12	2026-01-22 22:00:01.255844+01
e4565e31	IB215-2026-01-23-MAD-SCZ	ECONOMY	ECBASIC	160	2026-01-22 22:00:01.255864+01
caa7eaa5	IB215-2026-01-23-MAD-SCZ	ECONOMY	ECFLEX	51	2026-01-22 22:00:01.255883+01
86d8c639	IB215-2026-01-23-MAD-SCZ	ECONOMY	ECPLUS	169	2026-01-22 22:00:01.255901+01
27c49d2b	IB215-2026-01-23-MAD-SCZ	ECONOMY	BUSLIGHT	48	2026-01-22 22:00:01.255919+01
698ae65b	IB215-2026-01-23-MAD-SCZ	ECONOMY	BUSFLEX	98	2026-01-22 22:00:01.255937+01
e25c5391	IB215-2026-01-23-MAD-SCZ	ECONOMY	FIRST	56	2026-01-22 22:00:01.255959+01
3b5af0d5	IB215-2026-01-23-MAD-SCZ	BUSINESS	ECBASIC	8	2026-01-22 22:00:01.255976+01
8945538e	IB215-2026-01-23-MAD-SCZ	BUSINESS	ECFLEX	7	2026-01-22 22:00:01.255994+01
1b03efb9	IB215-2026-01-23-MAD-SCZ	BUSINESS	ECPLUS	15	2026-01-22 22:00:01.256012+01
5cf84ffe	IB215-2026-01-23-MAD-SCZ	BUSINESS	BUSLIGHT	7	2026-01-22 22:00:01.256029+01
d96cd8b3	IB215-2026-01-23-MAD-SCZ	BUSINESS	BUSFLEX	7	2026-01-22 22:00:01.256059+01
cf12a2eb	IB215-2026-01-23-MAD-SCZ	BUSINESS	FIRST	6	2026-01-22 22:00:01.256077+01
7471c470	IB910-2026-01-23-MAD-DXB	ECONOMY	ECBASIC	108	2026-01-22 22:00:01.256097+01
ab39f4aa	IB910-2026-01-23-MAD-DXB	ECONOMY	ECFLEX	118	2026-01-22 22:00:01.256115+01
59ca361a	IB910-2026-01-23-MAD-DXB	ECONOMY	ECPLUS	144	2026-01-22 22:00:01.256133+01
d8a1412c	IB910-2026-01-23-MAD-DXB	ECONOMY	BUSLIGHT	75	2026-01-22 22:00:01.256151+01
a3bdaa4d	IB910-2026-01-23-MAD-DXB	ECONOMY	BUSFLEX	44	2026-01-22 22:00:01.256169+01
cc08fed7	IB910-2026-01-23-MAD-DXB	ECONOMY	FIRST	149	2026-01-22 22:00:01.256187+01
02abf562	IB910-2026-01-23-MAD-DXB	BUSINESS	ECBASIC	11	2026-01-22 22:00:01.256205+01
ebf4797d	IB910-2026-01-23-MAD-DXB	BUSINESS	ECFLEX	12	2026-01-22 22:00:01.256223+01
44c46fbe	IB910-2026-01-23-MAD-DXB	BUSINESS	ECPLUS	15	2026-01-22 22:00:01.256241+01
e61eadf6	IB910-2026-01-23-MAD-DXB	BUSINESS	BUSLIGHT	7	2026-01-22 22:00:01.256259+01
d2c3f458	IB910-2026-01-23-MAD-DXB	BUSINESS	BUSFLEX	13	2026-01-22 22:00:01.256277+01
28fad541	IB910-2026-01-23-MAD-DXB	BUSINESS	FIRST	16	2026-01-22 22:00:01.256295+01
316ddcff	IB871-2026-01-23-MAD-JFK	ECONOMY	ECBASIC	56	2026-01-22 22:00:01.256314+01
272c7287	IB871-2026-01-23-MAD-JFK	ECONOMY	ECFLEX	159	2026-01-22 22:00:01.256332+01
e6acd99e	IB871-2026-01-23-MAD-JFK	ECONOMY	ECPLUS	163	2026-01-22 22:00:01.25635+01
d76c952c	IB871-2026-01-23-MAD-JFK	ECONOMY	BUSLIGHT	83	2026-01-22 22:00:01.256367+01
d77eb540	IB871-2026-01-23-MAD-JFK	ECONOMY	BUSFLEX	71	2026-01-22 22:00:01.256385+01
6122d790	IB871-2026-01-23-MAD-JFK	ECONOMY	FIRST	122	2026-01-22 22:00:01.256402+01
cfb313ae	IB871-2026-01-23-MAD-JFK	BUSINESS	ECBASIC	12	2026-01-22 22:00:01.256421+01
c8cdf8ff	IB871-2026-01-23-MAD-JFK	BUSINESS	ECFLEX	7	2026-01-22 22:00:01.256438+01
94948a44	IB871-2026-01-23-MAD-JFK	BUSINESS	ECPLUS	12	2026-01-22 22:00:01.256456+01
e3360d8c	IB871-2026-01-23-MAD-JFK	BUSINESS	BUSLIGHT	11	2026-01-22 22:00:01.256474+01
90ddc0ad	IB871-2026-01-23-MAD-JFK	BUSINESS	BUSFLEX	7	2026-01-22 22:00:01.256492+01
e45ae7d5	IB871-2026-01-23-MAD-JFK	BUSINESS	FIRST	14	2026-01-22 22:00:01.25651+01
963b71ec	IB328-2026-01-23-MAD-CDG	ECONOMY	ECBASIC	137	2026-01-22 22:00:01.256529+01
39ad7c7f	IB328-2026-01-23-MAD-CDG	ECONOMY	ECFLEX	99	2026-01-22 22:00:01.256548+01
dddff4f5	IB328-2026-01-23-MAD-CDG	ECONOMY	ECPLUS	145	2026-01-22 22:00:01.256566+01
09bff9fb	IB328-2026-01-23-MAD-CDG	ECONOMY	BUSLIGHT	89	2026-01-22 22:00:01.256584+01
203d3fb0	IB328-2026-01-23-MAD-CDG	ECONOMY	BUSFLEX	46	2026-01-22 22:00:01.256601+01
c19248f8	IB328-2026-01-23-MAD-CDG	ECONOMY	FIRST	53	2026-01-22 22:00:01.256619+01
c172ecd5	IB328-2026-01-23-MAD-CDG	BUSINESS	ECBASIC	8	2026-01-22 22:00:01.256637+01
8b79d9f4	IB328-2026-01-23-MAD-CDG	BUSINESS	ECFLEX	12	2026-01-22 22:00:01.256655+01
92ac1296	IB328-2026-01-23-MAD-CDG	BUSINESS	ECPLUS	6	2026-01-22 22:00:01.256672+01
482eb46d	IB328-2026-01-23-MAD-CDG	BUSINESS	BUSLIGHT	13	2026-01-22 22:00:01.25669+01
13fb9e89	IB328-2026-01-23-MAD-CDG	BUSINESS	BUSFLEX	16	2026-01-22 22:00:01.256707+01
83d04bb7	IB328-2026-01-23-MAD-CDG	BUSINESS	FIRST	6	2026-01-22 22:00:01.256725+01
279ef534	IB189-2026-01-23-MAD-PMI	ECONOMY	ECBASIC	100	2026-01-22 22:00:01.256745+01
580fd2b3	IB189-2026-01-23-MAD-PMI	ECONOMY	ECFLEX	63	2026-01-22 22:00:01.256763+01
d0a70e10	IB189-2026-01-23-MAD-PMI	ECONOMY	ECPLUS	58	2026-01-22 22:00:01.256781+01
c91c078c	IB189-2026-01-23-MAD-PMI	ECONOMY	BUSLIGHT	133	2026-01-22 22:00:01.256798+01
26722a0a	IB189-2026-01-23-MAD-PMI	ECONOMY	BUSFLEX	144	2026-01-22 22:00:01.256816+01
b06a7b7a	IB189-2026-01-23-MAD-PMI	ECONOMY	FIRST	164	2026-01-22 22:00:01.256833+01
c1942cbd	IB189-2026-01-23-MAD-PMI	BUSINESS	ECBASIC	6	2026-01-22 22:00:01.256851+01
83850167	IB189-2026-01-23-MAD-PMI	BUSINESS	ECFLEX	9	2026-01-22 22:00:01.256868+01
f4563519	IB189-2026-01-23-MAD-PMI	BUSINESS	ECPLUS	13	2026-01-22 22:00:01.256885+01
84545cd3	IB189-2026-01-23-MAD-PMI	BUSINESS	BUSLIGHT	9	2026-01-22 22:00:01.256904+01
0fd3f161	IB189-2026-01-23-MAD-PMI	BUSINESS	BUSFLEX	9	2026-01-22 22:00:01.256922+01
8f1ba2bc	IB189-2026-01-23-MAD-PMI	BUSINESS	FIRST	13	2026-01-22 22:00:01.256939+01
c762f863	IB822-2026-01-23-MAD-BCN	ECONOMY	ECBASIC	177	2026-01-22 22:00:01.256959+01
51d9c4cc	IB822-2026-01-23-MAD-BCN	ECONOMY	ECFLEX	20	2026-01-22 22:00:01.256977+01
94bb2809	IB822-2026-01-23-MAD-BCN	ECONOMY	ECPLUS	36	2026-01-22 22:00:01.256994+01
45dd1fcf	IB822-2026-01-23-MAD-BCN	ECONOMY	BUSLIGHT	180	2026-01-22 22:00:01.257012+01
24476452	IB822-2026-01-23-MAD-BCN	ECONOMY	BUSFLEX	50	2026-01-22 22:00:01.257029+01
ddd33353	IB822-2026-01-23-MAD-BCN	ECONOMY	FIRST	84	2026-01-22 22:00:01.25706+01
4fc29afc	IB822-2026-01-23-MAD-BCN	BUSINESS	ECBASIC	14	2026-01-22 22:00:01.257078+01
568e39c9	IB822-2026-01-23-MAD-BCN	BUSINESS	ECFLEX	11	2026-01-22 22:00:01.257095+01
6813b113	IB822-2026-01-23-MAD-BCN	BUSINESS	ECPLUS	6	2026-01-22 22:00:01.257113+01
9e3b310b	IB822-2026-01-23-MAD-BCN	BUSINESS	BUSLIGHT	7	2026-01-22 22:00:01.25713+01
928defd3	IB822-2026-01-23-MAD-BCN	BUSINESS	BUSFLEX	8	2026-01-22 22:00:01.257148+01
890ffeb0	IB822-2026-01-23-MAD-BCN	BUSINESS	FIRST	8	2026-01-22 22:00:01.257166+01
6dca1bfb	IB548-2026-01-24-MAD-PMI	ECONOMY	ECBASIC	174	2026-01-22 22:00:01.257186+01
4c72b816	IB548-2026-01-24-MAD-PMI	ECONOMY	ECFLEX	118	2026-01-22 22:00:01.257203+01
c56acbbb	IB548-2026-01-24-MAD-PMI	ECONOMY	ECPLUS	95	2026-01-22 22:00:01.257221+01
abcdf557	IB548-2026-01-24-MAD-PMI	ECONOMY	BUSLIGHT	63	2026-01-22 22:00:01.257238+01
1896af3c	IB548-2026-01-24-MAD-PMI	ECONOMY	BUSFLEX	81	2026-01-22 22:00:01.257256+01
a2b25fe2	IB548-2026-01-24-MAD-PMI	ECONOMY	FIRST	40	2026-01-22 22:00:01.257275+01
ffc034ee	IB548-2026-01-24-MAD-PMI	BUSINESS	ECBASIC	16	2026-01-22 22:00:01.257293+01
7a84e2fe	IB548-2026-01-24-MAD-PMI	BUSINESS	ECFLEX	9	2026-01-22 22:00:01.257311+01
22c8a440	IB548-2026-01-24-MAD-PMI	BUSINESS	ECPLUS	14	2026-01-22 22:00:01.257328+01
df754512	IB548-2026-01-24-MAD-PMI	BUSINESS	BUSLIGHT	10	2026-01-22 22:00:01.257346+01
ec4ce0a6	IB548-2026-01-24-MAD-PMI	BUSINESS	BUSFLEX	14	2026-01-22 22:00:01.257363+01
bd619f30	IB548-2026-01-24-MAD-PMI	BUSINESS	FIRST	14	2026-01-22 22:00:01.257381+01
75f1883f	IB470-2026-01-24-MAD-DXB	ECONOMY	ECBASIC	121	2026-01-22 22:00:01.257401+01
a6e916e2	IB470-2026-01-24-MAD-DXB	ECONOMY	ECFLEX	27	2026-01-22 22:00:01.257419+01
edf081f8	IB470-2026-01-24-MAD-DXB	ECONOMY	ECPLUS	158	2026-01-22 22:00:01.257438+01
18b879ba	IB470-2026-01-24-MAD-DXB	ECONOMY	BUSLIGHT	95	2026-01-22 22:00:01.257455+01
1eb2784a	IB470-2026-01-24-MAD-DXB	ECONOMY	BUSFLEX	82	2026-01-22 22:00:01.257473+01
4e1e17ef	IB470-2026-01-24-MAD-DXB	ECONOMY	FIRST	96	2026-01-22 22:00:01.25749+01
c5f1b9a2	IB470-2026-01-24-MAD-DXB	BUSINESS	ECBASIC	11	2026-01-22 22:00:01.257508+01
2c328e39	IB470-2026-01-24-MAD-DXB	BUSINESS	ECFLEX	16	2026-01-22 22:00:01.257526+01
fbb1cb4d	IB470-2026-01-24-MAD-DXB	BUSINESS	ECPLUS	10	2026-01-22 22:00:01.257543+01
ed810b2c	IB470-2026-01-24-MAD-DXB	BUSINESS	BUSLIGHT	16	2026-01-22 22:00:01.257561+01
6e3b0348	IB470-2026-01-24-MAD-DXB	BUSINESS	BUSFLEX	9	2026-01-22 22:00:01.257579+01
f93b8f51	IB470-2026-01-24-MAD-DXB	BUSINESS	FIRST	12	2026-01-22 22:00:01.257597+01
7fec8049	IB467-2026-01-24-MAD-JFK	ECONOMY	ECBASIC	31	2026-01-22 22:00:01.257616+01
a0c4cad5	IB467-2026-01-24-MAD-JFK	ECONOMY	ECFLEX	78	2026-01-22 22:00:01.257634+01
edf1409a	IB467-2026-01-24-MAD-JFK	ECONOMY	ECPLUS	68	2026-01-22 22:00:01.257652+01
43c5126c	IB467-2026-01-24-MAD-JFK	ECONOMY	BUSLIGHT	49	2026-01-22 22:00:01.25767+01
64835154	IB467-2026-01-24-MAD-JFK	ECONOMY	BUSFLEX	133	2026-01-22 22:00:01.257687+01
af11ca2b	IB467-2026-01-24-MAD-JFK	ECONOMY	FIRST	27	2026-01-22 22:00:01.257705+01
85b993d2	IB467-2026-01-24-MAD-JFK	BUSINESS	ECBASIC	15	2026-01-22 22:00:01.257723+01
11611611	IB467-2026-01-24-MAD-JFK	BUSINESS	ECFLEX	6	2026-01-22 22:00:01.257741+01
4403ba95	IB467-2026-01-24-MAD-JFK	BUSINESS	ECPLUS	7	2026-01-22 22:00:01.257759+01
ec691ebb	IB467-2026-01-24-MAD-JFK	BUSINESS	BUSLIGHT	12	2026-01-22 22:00:01.257776+01
b8258b29	IB467-2026-01-24-MAD-JFK	BUSINESS	BUSFLEX	6	2026-01-22 22:00:01.257794+01
86bba08e	IB467-2026-01-24-MAD-JFK	BUSINESS	FIRST	8	2026-01-22 22:00:01.257811+01
6dd32692	IB662-2026-01-24-MAD-CDG	ECONOMY	ECBASIC	178	2026-01-22 22:00:01.257831+01
4ba2ae3c	IB662-2026-01-24-MAD-CDG	ECONOMY	ECFLEX	107	2026-01-22 22:00:01.257848+01
b6767a05	IB662-2026-01-24-MAD-CDG	ECONOMY	ECPLUS	106	2026-01-22 22:00:01.257866+01
586aaf16	IB662-2026-01-24-MAD-CDG	ECONOMY	BUSLIGHT	123	2026-01-22 22:00:01.257883+01
6d5900cc	IB662-2026-01-24-MAD-CDG	ECONOMY	BUSFLEX	138	2026-01-22 22:00:01.257901+01
67d21d56	IB662-2026-01-24-MAD-CDG	ECONOMY	FIRST	37	2026-01-22 22:00:01.257918+01
5f9026d2	IB662-2026-01-24-MAD-CDG	BUSINESS	ECBASIC	10	2026-01-22 22:00:01.257936+01
d876ebd7	IB662-2026-01-24-MAD-CDG	BUSINESS	ECFLEX	10	2026-01-22 22:00:01.257953+01
12742065	IB662-2026-01-24-MAD-CDG	BUSINESS	ECPLUS	16	2026-01-22 22:00:01.25797+01
d9adabff	IB662-2026-01-24-MAD-CDG	BUSINESS	BUSLIGHT	13	2026-01-22 22:00:01.257988+01
9ea63450	IB662-2026-01-24-MAD-CDG	BUSINESS	BUSFLEX	9	2026-01-22 22:00:01.258005+01
5825a974	IB662-2026-01-24-MAD-CDG	BUSINESS	FIRST	14	2026-01-22 22:00:01.258023+01
174b0a5f	IB295-2026-01-24-MAD-SCZ	ECONOMY	ECBASIC	160	2026-01-22 22:00:01.258058+01
0d9d696b	IB295-2026-01-24-MAD-SCZ	ECONOMY	ECFLEX	114	2026-01-22 22:00:01.258078+01
6a4e4393	IB295-2026-01-24-MAD-SCZ	ECONOMY	ECPLUS	165	2026-01-22 22:00:01.258096+01
c1e3c7cb	IB295-2026-01-24-MAD-SCZ	ECONOMY	BUSLIGHT	134	2026-01-22 22:00:01.258114+01
1b59ad83	IB295-2026-01-24-MAD-SCZ	ECONOMY	BUSFLEX	96	2026-01-22 22:00:01.258131+01
5d2b2ff4	IB295-2026-01-24-MAD-SCZ	ECONOMY	FIRST	164	2026-01-22 22:00:01.258149+01
ffc73b61	IB295-2026-01-24-MAD-SCZ	BUSINESS	ECBASIC	12	2026-01-22 22:00:01.258167+01
9ad94c70	IB295-2026-01-24-MAD-SCZ	BUSINESS	ECFLEX	16	2026-01-22 22:00:01.258185+01
d1286b15	IB295-2026-01-24-MAD-SCZ	BUSINESS	ECPLUS	8	2026-01-22 22:00:01.258202+01
97ce5a98	IB295-2026-01-24-MAD-SCZ	BUSINESS	BUSLIGHT	13	2026-01-22 22:00:01.25822+01
75b450ce	IB295-2026-01-24-MAD-SCZ	BUSINESS	BUSFLEX	12	2026-01-22 22:00:01.258238+01
3d051d7f	IB295-2026-01-24-MAD-SCZ	BUSINESS	FIRST	12	2026-01-22 22:00:01.258256+01
7a965a3b	IB766-2026-01-24-MAD-BCN	ECONOMY	ECBASIC	160	2026-01-22 22:00:01.258275+01
d27a520e	IB766-2026-01-24-MAD-BCN	ECONOMY	ECFLEX	149	2026-01-22 22:00:01.258293+01
6625aa22	IB766-2026-01-24-MAD-BCN	ECONOMY	ECPLUS	149	2026-01-22 22:00:01.25831+01
2baac813	IB766-2026-01-24-MAD-BCN	ECONOMY	BUSLIGHT	77	2026-01-22 22:00:01.258327+01
94e3a859	IB766-2026-01-24-MAD-BCN	ECONOMY	BUSFLEX	38	2026-01-22 22:00:01.258345+01
a4628772	IB766-2026-01-24-MAD-BCN	ECONOMY	FIRST	39	2026-01-22 22:00:01.258363+01
f1f48c98	IB766-2026-01-24-MAD-BCN	BUSINESS	ECBASIC	9	2026-01-22 22:00:01.258381+01
e1790659	IB766-2026-01-24-MAD-BCN	BUSINESS	ECFLEX	14	2026-01-22 22:00:01.258399+01
5365c8cc	IB766-2026-01-24-MAD-BCN	BUSINESS	ECPLUS	16	2026-01-22 22:00:01.258416+01
ddf79b77	IB766-2026-01-24-MAD-BCN	BUSINESS	BUSLIGHT	6	2026-01-22 22:00:01.258434+01
ca11811e	IB766-2026-01-24-MAD-BCN	BUSINESS	BUSFLEX	9	2026-01-22 22:00:01.258452+01
b50021c3	IB766-2026-01-24-MAD-BCN	BUSINESS	FIRST	11	2026-01-22 22:00:01.258469+01
716be590	IB626-2026-01-25-MAD-CDG	ECONOMY	ECBASIC	105	2026-01-22 22:00:01.258488+01
2a84846d	IB626-2026-01-25-MAD-CDG	ECONOMY	ECFLEX	172	2026-01-22 22:00:01.258506+01
0cb9452f	IB626-2026-01-25-MAD-CDG	ECONOMY	ECPLUS	38	2026-01-22 22:00:01.258524+01
6e10ae8b	IB626-2026-01-25-MAD-CDG	ECONOMY	BUSLIGHT	124	2026-01-22 22:00:01.258556+01
640fbbd7	IB626-2026-01-25-MAD-CDG	ECONOMY	BUSFLEX	70	2026-01-22 22:00:01.258592+01
fa373702	IB626-2026-01-25-MAD-CDG	ECONOMY	FIRST	178	2026-01-22 22:00:01.258631+01
3782ae50	IB626-2026-01-25-MAD-CDG	BUSINESS	ECBASIC	9	2026-01-22 22:00:01.258669+01
25748d2d	IB626-2026-01-25-MAD-CDG	BUSINESS	ECFLEX	11	2026-01-22 22:00:01.258711+01
6091d620	IB626-2026-01-25-MAD-CDG	BUSINESS	ECPLUS	14	2026-01-22 22:00:01.258753+01
708111c5	IB626-2026-01-25-MAD-CDG	BUSINESS	BUSLIGHT	14	2026-01-22 22:00:01.258792+01
345467d8	IB626-2026-01-25-MAD-CDG	BUSINESS	BUSFLEX	8	2026-01-22 22:00:01.258835+01
03a60d91	IB626-2026-01-25-MAD-CDG	BUSINESS	FIRST	15	2026-01-22 22:00:01.258868+01
66ca893c	IB792-2026-01-25-MAD-PMI	ECONOMY	ECBASIC	36	2026-01-22 22:00:01.25891+01
3bae1adb	IB792-2026-01-25-MAD-PMI	ECONOMY	ECFLEX	66	2026-01-22 22:00:01.258952+01
8d858c79	IB792-2026-01-25-MAD-PMI	ECONOMY	ECPLUS	46	2026-01-22 22:00:01.258991+01
cfe4d20d	IB792-2026-01-25-MAD-PMI	ECONOMY	BUSLIGHT	172	2026-01-22 22:00:01.259028+01
fa138575	IB792-2026-01-25-MAD-PMI	ECONOMY	BUSFLEX	65	2026-01-22 22:00:01.259079+01
79b21b0d	IB792-2026-01-25-MAD-PMI	ECONOMY	FIRST	157	2026-01-22 22:00:01.259119+01
975d8040	IB792-2026-01-25-MAD-PMI	BUSINESS	ECBASIC	15	2026-01-22 22:00:01.25916+01
da162d00	IB792-2026-01-25-MAD-PMI	BUSINESS	ECFLEX	6	2026-01-22 22:00:01.259205+01
6db50a73	IB792-2026-01-25-MAD-PMI	BUSINESS	ECPLUS	16	2026-01-22 22:00:01.259249+01
dda65562	IB792-2026-01-25-MAD-PMI	BUSINESS	BUSLIGHT	12	2026-01-22 22:00:01.259349+01
d4dcae51	IB792-2026-01-25-MAD-PMI	BUSINESS	BUSFLEX	13	2026-01-22 22:00:01.259395+01
6a851479	IB792-2026-01-25-MAD-PMI	BUSINESS	FIRST	8	2026-01-22 22:00:01.25943+01
dea219e6	IB195-2026-01-25-MAD-BCN	ECONOMY	ECBASIC	171	2026-01-22 22:00:01.259473+01
6ac3c2c0	IB195-2026-01-25-MAD-BCN	ECONOMY	ECFLEX	74	2026-01-22 22:00:01.259508+01
f467ac37	IB195-2026-01-25-MAD-BCN	ECONOMY	ECPLUS	180	2026-01-22 22:00:01.259549+01
b4279d1f	IB195-2026-01-25-MAD-BCN	ECONOMY	BUSLIGHT	93	2026-01-22 22:00:01.259585+01
a3f9598c	IB195-2026-01-25-MAD-BCN	ECONOMY	BUSFLEX	142	2026-01-22 22:00:01.259617+01
0b11cb4c	IB195-2026-01-25-MAD-BCN	ECONOMY	FIRST	32	2026-01-22 22:00:01.259649+01
0810a36e	IB195-2026-01-25-MAD-BCN	BUSINESS	ECBASIC	16	2026-01-22 22:00:01.259682+01
5f3a285c	IB195-2026-01-25-MAD-BCN	BUSINESS	ECFLEX	6	2026-01-22 22:00:01.259715+01
a5097b9f	IB195-2026-01-25-MAD-BCN	BUSINESS	ECPLUS	7	2026-01-22 22:00:01.259749+01
3116d049	IB195-2026-01-25-MAD-BCN	BUSINESS	BUSLIGHT	10	2026-01-22 22:00:01.259781+01
404ed9a7	IB195-2026-01-25-MAD-BCN	BUSINESS	BUSFLEX	16	2026-01-22 22:00:01.259813+01
49c70ab5	IB195-2026-01-25-MAD-BCN	BUSINESS	FIRST	7	2026-01-22 22:00:01.259844+01
f122f448	IB249-2026-01-25-MAD-SCZ	ECONOMY	ECBASIC	80	2026-01-22 22:00:01.25988+01
b5b6f92a	IB249-2026-01-25-MAD-SCZ	ECONOMY	ECFLEX	156	2026-01-22 22:00:01.259912+01
8d5baa24	IB249-2026-01-25-MAD-SCZ	ECONOMY	ECPLUS	144	2026-01-22 22:00:01.259944+01
0c0d540f	IB249-2026-01-25-MAD-SCZ	ECONOMY	BUSLIGHT	180	2026-01-22 22:00:01.259976+01
7a61ecf5	IB249-2026-01-25-MAD-SCZ	ECONOMY	BUSFLEX	41	2026-01-22 22:00:01.260009+01
15440b6f	IB249-2026-01-25-MAD-SCZ	ECONOMY	FIRST	45	2026-01-22 22:00:01.26005+01
1b609546	IB249-2026-01-25-MAD-SCZ	BUSINESS	ECBASIC	15	2026-01-22 22:00:01.260084+01
447f444c	IB249-2026-01-25-MAD-SCZ	BUSINESS	ECFLEX	13	2026-01-22 22:00:01.260122+01
6d1f0113	IB249-2026-01-25-MAD-SCZ	BUSINESS	ECPLUS	11	2026-01-22 22:00:01.260157+01
35af263d	IB249-2026-01-25-MAD-SCZ	BUSINESS	BUSLIGHT	10	2026-01-22 22:00:01.260193+01
6f5b9d6a	IB249-2026-01-25-MAD-SCZ	BUSINESS	BUSFLEX	11	2026-01-22 22:00:01.260225+01
9ee2e7dd	IB249-2026-01-25-MAD-SCZ	BUSINESS	FIRST	7	2026-01-22 22:00:01.260259+01
a4f5b63f	IB468-2026-01-25-MAD-DXB	ECONOMY	ECBASIC	127	2026-01-22 22:00:01.260514+01
efd6387e	IB468-2026-01-25-MAD-DXB	ECONOMY	ECFLEX	142	2026-01-22 22:00:01.26056+01
91294e02	IB468-2026-01-25-MAD-DXB	ECONOMY	ECPLUS	27	2026-01-22 22:00:01.260588+01
a1379dc9	IB468-2026-01-25-MAD-DXB	ECONOMY	BUSLIGHT	171	2026-01-22 22:00:01.260617+01
86d7bbd7	IB468-2026-01-25-MAD-DXB	ECONOMY	BUSFLEX	81	2026-01-22 22:00:01.260647+01
2b69106a	IB468-2026-01-25-MAD-DXB	ECONOMY	FIRST	97	2026-01-22 22:00:01.260678+01
e73e9911	IB468-2026-01-25-MAD-DXB	BUSINESS	ECBASIC	6	2026-01-22 22:00:01.260709+01
f680f30a	IB468-2026-01-25-MAD-DXB	BUSINESS	ECFLEX	10	2026-01-22 22:00:01.260737+01
5d865812	IB468-2026-01-25-MAD-DXB	BUSINESS	ECPLUS	8	2026-01-22 22:00:01.260766+01
06b57f73	IB468-2026-01-25-MAD-DXB	BUSINESS	BUSLIGHT	14	2026-01-22 22:00:01.260796+01
4c17b2f8	IB468-2026-01-25-MAD-DXB	BUSINESS	BUSFLEX	16	2026-01-22 22:00:01.260825+01
8329c6f3	IB468-2026-01-25-MAD-DXB	BUSINESS	FIRST	9	2026-01-22 22:00:01.260859+01
1f953d20	IB943-2026-01-25-MAD-JFK	ECONOMY	ECBASIC	92	2026-01-22 22:00:01.260894+01
279a8133	IB943-2026-01-25-MAD-JFK	ECONOMY	ECFLEX	50	2026-01-22 22:00:01.260924+01
031c4c61	IB943-2026-01-25-MAD-JFK	ECONOMY	ECPLUS	171	2026-01-22 22:00:01.260963+01
41380a6c	IB943-2026-01-25-MAD-JFK	ECONOMY	BUSLIGHT	114	2026-01-22 22:00:01.261001+01
392bcc3c	IB943-2026-01-25-MAD-JFK	ECONOMY	BUSFLEX	72	2026-01-22 22:00:01.26107+01
c498f90a	IB943-2026-01-25-MAD-JFK	ECONOMY	FIRST	105	2026-01-22 22:00:01.261112+01
5eb163b5	IB943-2026-01-25-MAD-JFK	BUSINESS	ECBASIC	15	2026-01-22 22:00:01.261145+01
f6e2d5d5	IB943-2026-01-25-MAD-JFK	BUSINESS	ECFLEX	9	2026-01-22 22:00:01.261178+01
b83c0ce5	IB943-2026-01-25-MAD-JFK	BUSINESS	ECPLUS	9	2026-01-22 22:00:01.261213+01
c57876aa	IB943-2026-01-25-MAD-JFK	BUSINESS	BUSLIGHT	16	2026-01-22 22:00:01.26125+01
81e69a0c	IB943-2026-01-25-MAD-JFK	BUSINESS	BUSFLEX	15	2026-01-22 22:00:01.26128+01
052e52b8	IB943-2026-01-25-MAD-JFK	BUSINESS	FIRST	10	2026-01-22 22:00:01.261315+01
0b592abd	IB346-2026-01-26-MAD-DXB	ECONOMY	ECBASIC	115	2026-01-22 22:00:01.26135+01
7897b85b	IB346-2026-01-26-MAD-DXB	ECONOMY	ECFLEX	31	2026-01-22 22:00:01.261392+01
61603d4b	IB346-2026-01-26-MAD-DXB	ECONOMY	ECPLUS	174	2026-01-22 22:00:01.261431+01
ac35c64d	IB346-2026-01-26-MAD-DXB	ECONOMY	BUSLIGHT	139	2026-01-22 22:00:01.261463+01
8530d84d	IB346-2026-01-26-MAD-DXB	ECONOMY	BUSFLEX	45	2026-01-22 22:00:01.261495+01
fceab4a2	IB346-2026-01-26-MAD-DXB	ECONOMY	FIRST	111	2026-01-22 22:00:01.261526+01
8584626a	IB346-2026-01-26-MAD-DXB	BUSINESS	ECBASIC	7	2026-01-22 22:00:01.261558+01
5d49705e	IB346-2026-01-26-MAD-DXB	BUSINESS	ECFLEX	15	2026-01-22 22:00:01.26159+01
64e67700	IB346-2026-01-26-MAD-DXB	BUSINESS	ECPLUS	10	2026-01-22 22:00:01.261621+01
4b6c346d	IB346-2026-01-26-MAD-DXB	BUSINESS	BUSLIGHT	10	2026-01-22 22:00:01.261656+01
6caed0b8	IB346-2026-01-26-MAD-DXB	BUSINESS	BUSFLEX	7	2026-01-22 22:00:01.261694+01
85780d27	IB346-2026-01-26-MAD-DXB	BUSINESS	FIRST	9	2026-01-22 22:00:01.261726+01
9161ea19	IB678-2026-01-26-MAD-SCZ	ECONOMY	ECBASIC	27	2026-01-22 22:00:01.261763+01
5cbf0ed3	IB678-2026-01-26-MAD-SCZ	ECONOMY	ECFLEX	120	2026-01-22 22:00:01.261795+01
d61b0be9	IB678-2026-01-26-MAD-SCZ	ECONOMY	ECPLUS	22	2026-01-22 22:00:01.261826+01
d4b31f54	IB678-2026-01-26-MAD-SCZ	ECONOMY	BUSLIGHT	57	2026-01-22 22:00:01.261858+01
44d8ca14	IB678-2026-01-26-MAD-SCZ	ECONOMY	BUSFLEX	139	2026-01-22 22:00:01.261889+01
8a0460f7	IB678-2026-01-26-MAD-SCZ	ECONOMY	FIRST	104	2026-01-22 22:00:01.26192+01
8f459819	IB678-2026-01-26-MAD-SCZ	BUSINESS	ECBASIC	16	2026-01-22 22:00:01.261951+01
58241332	IB678-2026-01-26-MAD-SCZ	BUSINESS	ECFLEX	6	2026-01-22 22:00:01.261983+01
f04cf016	IB678-2026-01-26-MAD-SCZ	BUSINESS	ECPLUS	11	2026-01-22 22:00:01.262014+01
2d30a7e4	IB678-2026-01-26-MAD-SCZ	BUSINESS	BUSLIGHT	13	2026-01-22 22:00:01.262056+01
5bd00d8f	IB678-2026-01-26-MAD-SCZ	BUSINESS	BUSFLEX	16	2026-01-22 22:00:01.262075+01
b7934b48	IB678-2026-01-26-MAD-SCZ	BUSINESS	FIRST	8	2026-01-22 22:00:01.262094+01
6dbfa96e	IB669-2026-01-26-MAD-CDG	ECONOMY	ECBASIC	158	2026-01-22 22:00:01.262115+01
fa61f4cd	IB669-2026-01-26-MAD-CDG	ECONOMY	ECFLEX	120	2026-01-22 22:00:01.262133+01
a454984d	IB669-2026-01-26-MAD-CDG	ECONOMY	ECPLUS	167	2026-01-22 22:00:01.262152+01
f4eb6254	IB669-2026-01-26-MAD-CDG	ECONOMY	BUSLIGHT	24	2026-01-22 22:00:01.26217+01
c1f2aaed	IB669-2026-01-26-MAD-CDG	ECONOMY	BUSFLEX	76	2026-01-22 22:00:01.262187+01
98ffe236	IB669-2026-01-26-MAD-CDG	ECONOMY	FIRST	77	2026-01-22 22:00:01.262205+01
5fe507d9	IB669-2026-01-26-MAD-CDG	BUSINESS	ECBASIC	16	2026-01-22 22:00:01.262223+01
56556680	IB669-2026-01-26-MAD-CDG	BUSINESS	ECFLEX	8	2026-01-22 22:00:01.26224+01
2af166f6	IB669-2026-01-26-MAD-CDG	BUSINESS	ECPLUS	13	2026-01-22 22:00:01.262258+01
9d5222d4	IB669-2026-01-26-MAD-CDG	BUSINESS	BUSLIGHT	6	2026-01-22 22:00:01.262276+01
9955b850	IB669-2026-01-26-MAD-CDG	BUSINESS	BUSFLEX	8	2026-01-22 22:00:01.262294+01
b0c45d78	IB669-2026-01-26-MAD-CDG	BUSINESS	FIRST	16	2026-01-22 22:00:01.262312+01
57a18099	IB237-2026-01-26-MAD-BCN	ECONOMY	ECBASIC	157	2026-01-22 22:00:01.262332+01
38954ee5	IB237-2026-01-26-MAD-BCN	ECONOMY	ECFLEX	44	2026-01-22 22:00:01.26235+01
ea4fffc1	IB237-2026-01-26-MAD-BCN	ECONOMY	ECPLUS	50	2026-01-22 22:00:01.262368+01
b183b0dd	IB237-2026-01-26-MAD-BCN	ECONOMY	BUSLIGHT	88	2026-01-22 22:00:01.262385+01
03abd9e2	IB237-2026-01-26-MAD-BCN	ECONOMY	BUSFLEX	98	2026-01-22 22:00:01.262403+01
04a5b602	IB237-2026-01-26-MAD-BCN	ECONOMY	FIRST	96	2026-01-22 22:00:01.262421+01
1d6fcefd	IB237-2026-01-26-MAD-BCN	BUSINESS	ECBASIC	14	2026-01-22 22:00:01.262439+01
b0000982	IB237-2026-01-26-MAD-BCN	BUSINESS	ECFLEX	10	2026-01-22 22:00:01.262457+01
cfc52905	IB237-2026-01-26-MAD-BCN	BUSINESS	ECPLUS	11	2026-01-22 22:00:01.262474+01
7e9b5a83	IB237-2026-01-26-MAD-BCN	BUSINESS	BUSLIGHT	7	2026-01-22 22:00:01.262493+01
d2875201	IB237-2026-01-26-MAD-BCN	BUSINESS	BUSFLEX	10	2026-01-22 22:00:01.262511+01
84c4301a	IB237-2026-01-26-MAD-BCN	BUSINESS	FIRST	11	2026-01-22 22:00:01.262528+01
93d6dbe6	IB736-2026-01-26-MAD-PMI	ECONOMY	ECBASIC	124	2026-01-22 22:00:01.262548+01
df72b196	IB736-2026-01-26-MAD-PMI	ECONOMY	ECFLEX	141	2026-01-22 22:00:01.262566+01
44cac1ef	IB736-2026-01-26-MAD-PMI	ECONOMY	ECPLUS	52	2026-01-22 22:00:01.262584+01
08696bcc	IB736-2026-01-26-MAD-PMI	ECONOMY	BUSLIGHT	157	2026-01-22 22:00:01.262602+01
9021b31a	IB736-2026-01-26-MAD-PMI	ECONOMY	BUSFLEX	31	2026-01-22 22:00:01.262619+01
e8f2a960	IB736-2026-01-26-MAD-PMI	ECONOMY	FIRST	78	2026-01-22 22:00:01.262637+01
7b1c6fb5	IB736-2026-01-26-MAD-PMI	BUSINESS	ECBASIC	9	2026-01-22 22:00:01.262665+01
2e3e9898	IB736-2026-01-26-MAD-PMI	BUSINESS	ECFLEX	16	2026-01-22 22:00:01.262707+01
2d7875e4	IB736-2026-01-26-MAD-PMI	BUSINESS	ECPLUS	8	2026-01-22 22:00:01.262743+01
814bf763	IB736-2026-01-26-MAD-PMI	BUSINESS	BUSLIGHT	14	2026-01-22 22:00:01.262774+01
ff8566a5	IB736-2026-01-26-MAD-PMI	BUSINESS	BUSFLEX	11	2026-01-22 22:00:01.262806+01
e22f4e5f	IB736-2026-01-26-MAD-PMI	BUSINESS	FIRST	9	2026-01-22 22:00:01.262837+01
6450e4bf	IB289-2026-01-26-MAD-JFK	ECONOMY	ECBASIC	92	2026-01-22 22:00:01.262872+01
d282ebf0	IB289-2026-01-26-MAD-JFK	ECONOMY	ECFLEX	147	2026-01-22 22:00:01.262903+01
a49afc04	IB289-2026-01-26-MAD-JFK	ECONOMY	ECPLUS	65	2026-01-22 22:00:01.262935+01
cb207c39	IB289-2026-01-26-MAD-JFK	ECONOMY	BUSLIGHT	100	2026-01-22 22:00:01.262966+01
a180f814	IB289-2026-01-26-MAD-JFK	ECONOMY	BUSFLEX	110	2026-01-22 22:00:01.262998+01
63f00354	IB289-2026-01-26-MAD-JFK	ECONOMY	FIRST	52	2026-01-22 22:00:01.263032+01
a64fa99f	IB289-2026-01-26-MAD-JFK	BUSINESS	ECBASIC	16	2026-01-22 22:00:01.263066+01
4972c6ee	IB289-2026-01-26-MAD-JFK	BUSINESS	ECFLEX	8	2026-01-22 22:00:01.263084+01
055b3276	IB289-2026-01-26-MAD-JFK	BUSINESS	ECPLUS	10	2026-01-22 22:00:01.263102+01
0393bc71	IB289-2026-01-26-MAD-JFK	BUSINESS	BUSLIGHT	14	2026-01-22 22:00:01.263119+01
3ce4158d	IB289-2026-01-26-MAD-JFK	BUSINESS	BUSFLEX	9	2026-01-22 22:00:01.26315+01
3201a7fc	IB289-2026-01-26-MAD-JFK	BUSINESS	FIRST	7	2026-01-22 22:00:01.263181+01
9c39eb0b	IB622-2026-01-27-MAD-BCN	ECONOMY	ECBASIC	118	2026-01-22 22:00:01.263212+01
ae3a2f26	IB622-2026-01-27-MAD-BCN	ECONOMY	ECFLEX	144	2026-01-22 22:00:01.263248+01
df7c159d	IB622-2026-01-27-MAD-BCN	ECONOMY	ECPLUS	161	2026-01-22 22:00:01.263266+01
702b84b7	IB622-2026-01-27-MAD-BCN	ECONOMY	BUSLIGHT	172	2026-01-22 22:00:01.263285+01
b7491076	IB622-2026-01-27-MAD-BCN	ECONOMY	BUSFLEX	36	2026-01-22 22:00:01.263303+01
7ed45bb1	IB622-2026-01-27-MAD-BCN	ECONOMY	FIRST	169	2026-01-22 22:00:01.263746+01
a582788c	IB622-2026-01-27-MAD-BCN	BUSINESS	ECBASIC	6	2026-01-22 22:00:01.263784+01
48b2fdfe	IB622-2026-01-27-MAD-BCN	BUSINESS	ECFLEX	12	2026-01-22 22:00:01.263815+01
9a6ad45b	IB622-2026-01-27-MAD-BCN	BUSINESS	ECPLUS	12	2026-01-22 22:00:01.263862+01
5da561e9	IB622-2026-01-27-MAD-BCN	BUSINESS	BUSLIGHT	15	2026-01-22 22:00:01.263893+01
a6ad67e6	IB622-2026-01-27-MAD-BCN	BUSINESS	BUSFLEX	7	2026-01-22 22:00:01.263922+01
b69b3b5d	IB622-2026-01-27-MAD-BCN	BUSINESS	FIRST	7	2026-01-22 22:00:01.263951+01
3306590e	IB253-2026-01-27-MAD-PMI	ECONOMY	ECBASIC	80	2026-01-22 22:00:01.263984+01
f13873e5	IB253-2026-01-27-MAD-PMI	ECONOMY	ECFLEX	33	2026-01-22 22:00:01.264013+01
82743a4a	IB253-2026-01-27-MAD-PMI	ECONOMY	ECPLUS	175	2026-01-22 22:00:01.264054+01
37e19f3b	IB253-2026-01-27-MAD-PMI	ECONOMY	BUSLIGHT	174	2026-01-22 22:00:01.264073+01
7a3d7466	IB253-2026-01-27-MAD-PMI	ECONOMY	BUSFLEX	161	2026-01-22 22:00:01.264089+01
1ded74f0	IB253-2026-01-27-MAD-PMI	ECONOMY	FIRST	154	2026-01-22 22:00:01.264105+01
45d1133d	IB253-2026-01-27-MAD-PMI	BUSINESS	ECBASIC	8	2026-01-22 22:00:01.26412+01
e8fdb068	IB253-2026-01-27-MAD-PMI	BUSINESS	ECFLEX	10	2026-01-22 22:00:01.264136+01
b0ea75b2	IB253-2026-01-27-MAD-PMI	BUSINESS	ECPLUS	8	2026-01-22 22:00:01.264151+01
19dfad8d	IB253-2026-01-27-MAD-PMI	BUSINESS	BUSLIGHT	13	2026-01-22 22:00:01.264165+01
fe1934c3	IB253-2026-01-27-MAD-PMI	BUSINESS	BUSFLEX	16	2026-01-22 22:00:01.26418+01
a0152c28	IB253-2026-01-27-MAD-PMI	BUSINESS	FIRST	7	2026-01-22 22:00:01.264195+01
e8b0c7bd	IB103-2026-01-27-MAD-JFK	ECONOMY	ECBASIC	57	2026-01-22 22:00:01.264213+01
241beabe	IB103-2026-01-27-MAD-JFK	ECONOMY	ECFLEX	80	2026-01-22 22:00:01.264229+01
1f9feb68	IB103-2026-01-27-MAD-JFK	ECONOMY	ECPLUS	103	2026-01-22 22:00:01.264244+01
f8362d4d	IB103-2026-01-27-MAD-JFK	ECONOMY	BUSLIGHT	41	2026-01-22 22:00:01.264259+01
daedb7e2	IB103-2026-01-27-MAD-JFK	ECONOMY	BUSFLEX	165	2026-01-22 22:00:01.264274+01
a807f8b3	IB103-2026-01-27-MAD-JFK	ECONOMY	FIRST	163	2026-01-22 22:00:01.264301+01
c4688e0a	IB103-2026-01-27-MAD-JFK	BUSINESS	ECBASIC	12	2026-01-22 22:00:01.264333+01
53f8587a	IB103-2026-01-27-MAD-JFK	BUSINESS	ECFLEX	9	2026-01-22 22:00:01.264376+01
7d315374	IB103-2026-01-27-MAD-JFK	BUSINESS	ECPLUS	12	2026-01-22 22:00:01.2644+01
8e9610d4	IB103-2026-01-27-MAD-JFK	BUSINESS	BUSLIGHT	8	2026-01-22 22:00:01.264415+01
c3a483f5	IB103-2026-01-27-MAD-JFK	BUSINESS	BUSFLEX	10	2026-01-22 22:00:01.264445+01
ee4489aa	IB103-2026-01-27-MAD-JFK	BUSINESS	FIRST	13	2026-01-22 22:00:01.264482+01
4de43b66	IB673-2026-01-27-MAD-DXB	ECONOMY	ECBASIC	154	2026-01-22 22:00:01.264516+01
1f27025f	IB673-2026-01-27-MAD-DXB	ECONOMY	ECFLEX	156	2026-01-22 22:00:01.264545+01
f9162ed0	IB673-2026-01-27-MAD-DXB	ECONOMY	ECPLUS	31	2026-01-22 22:00:01.264574+01
926a389f	IB673-2026-01-27-MAD-DXB	ECONOMY	BUSLIGHT	79	2026-01-22 22:00:01.264603+01
b89ef842	IB673-2026-01-27-MAD-DXB	ECONOMY	BUSFLEX	26	2026-01-22 22:00:01.264633+01
eec1d69e	IB673-2026-01-27-MAD-DXB	ECONOMY	FIRST	173	2026-01-22 22:00:01.264664+01
14a6b4a2	IB673-2026-01-27-MAD-DXB	BUSINESS	ECBASIC	16	2026-01-22 22:00:01.264694+01
81484929	IB673-2026-01-27-MAD-DXB	BUSINESS	ECFLEX	13	2026-01-22 22:00:01.264724+01
c52d5019	IB673-2026-01-27-MAD-DXB	BUSINESS	ECPLUS	14	2026-01-22 22:00:01.264753+01
fec6ef6e	IB673-2026-01-27-MAD-DXB	BUSINESS	BUSLIGHT	7	2026-01-22 22:00:01.264783+01
9bd66d78	IB673-2026-01-27-MAD-DXB	BUSINESS	BUSFLEX	10	2026-01-22 22:00:01.264812+01
8b485f28	IB673-2026-01-27-MAD-DXB	BUSINESS	FIRST	11	2026-01-22 22:00:01.264841+01
a9ed3457	IB119-2026-01-27-MAD-CDG	ECONOMY	ECBASIC	68	2026-01-22 22:00:01.264875+01
ac906538	IB119-2026-01-27-MAD-CDG	ECONOMY	ECFLEX	38	2026-01-22 22:00:01.264904+01
579834a2	IB119-2026-01-27-MAD-CDG	ECONOMY	ECPLUS	120	2026-01-22 22:00:01.264934+01
63441be5	IB119-2026-01-27-MAD-CDG	ECONOMY	BUSLIGHT	132	2026-01-22 22:00:01.264963+01
37b3f642	IB119-2026-01-27-MAD-CDG	ECONOMY	BUSFLEX	138	2026-01-22 22:00:01.264993+01
8c98b2fd	IB119-2026-01-27-MAD-CDG	ECONOMY	FIRST	114	2026-01-22 22:00:01.265023+01
022fceae	IB119-2026-01-27-MAD-CDG	BUSINESS	ECBASIC	12	2026-01-22 22:00:01.265062+01
ecc08c48	IB119-2026-01-27-MAD-CDG	BUSINESS	ECFLEX	8	2026-01-22 22:00:01.265093+01
16f211a4	IB119-2026-01-27-MAD-CDG	BUSINESS	ECPLUS	16	2026-01-22 22:00:01.265123+01
076bae85	IB119-2026-01-27-MAD-CDG	BUSINESS	BUSLIGHT	16	2026-01-22 22:00:01.265153+01
7a5e6c59	IB119-2026-01-27-MAD-CDG	BUSINESS	BUSFLEX	16	2026-01-22 22:00:01.265183+01
650a5a84	IB119-2026-01-27-MAD-CDG	BUSINESS	FIRST	9	2026-01-22 22:00:01.265212+01
7c69b06d	IB587-2026-01-27-MAD-SCZ	ECONOMY	ECBASIC	143	2026-01-22 22:00:01.265246+01
6e77fe4f	IB587-2026-01-27-MAD-SCZ	ECONOMY	ECFLEX	178	2026-01-22 22:00:01.265275+01
c2f3523a	IB587-2026-01-27-MAD-SCZ	ECONOMY	ECPLUS	179	2026-01-22 22:00:01.265305+01
aca37865	IB587-2026-01-27-MAD-SCZ	ECONOMY	BUSLIGHT	58	2026-01-22 22:00:01.265336+01
68ebe21e	IB587-2026-01-27-MAD-SCZ	ECONOMY	BUSFLEX	167	2026-01-22 22:00:01.265361+01
0da158a7	IB587-2026-01-27-MAD-SCZ	ECONOMY	FIRST	180	2026-01-22 22:00:01.265386+01
37c71017	IB587-2026-01-27-MAD-SCZ	BUSINESS	ECBASIC	12	2026-01-22 22:00:01.265417+01
c3380367	IB587-2026-01-27-MAD-SCZ	BUSINESS	ECFLEX	13	2026-01-22 22:00:01.26544+01
389d2a06	IB587-2026-01-27-MAD-SCZ	BUSINESS	ECPLUS	16	2026-01-22 22:00:01.265466+01
ccec04ee	IB587-2026-01-27-MAD-SCZ	BUSINESS	BUSLIGHT	10	2026-01-22 22:00:01.26549+01
739dc960	IB587-2026-01-27-MAD-SCZ	BUSINESS	BUSFLEX	9	2026-01-22 22:00:01.265516+01
e22d7e45	IB587-2026-01-27-MAD-SCZ	BUSINESS	FIRST	7	2026-01-22 22:00:01.265542+01
3a1b00c4	IB245-2026-01-28-MAD-CDG	ECONOMY	ECBASIC	142	2026-01-22 22:00:01.265574+01
55dc98c9	IB245-2026-01-28-MAD-CDG	ECONOMY	ECFLEX	117	2026-01-22 22:00:01.265607+01
6608348a	IB245-2026-01-28-MAD-CDG	ECONOMY	ECPLUS	44	2026-01-22 22:00:01.265646+01
450f0516	IB245-2026-01-28-MAD-CDG	ECONOMY	BUSLIGHT	152	2026-01-22 22:00:01.265677+01
ac895627	IB245-2026-01-28-MAD-CDG	ECONOMY	BUSFLEX	20	2026-01-22 22:00:01.265694+01
8a04481f	IB245-2026-01-28-MAD-CDG	ECONOMY	FIRST	125	2026-01-22 22:00:01.265709+01
b9ebc703	IB245-2026-01-28-MAD-CDG	BUSINESS	ECBASIC	7	2026-01-22 22:00:01.265724+01
307f2822	IB245-2026-01-28-MAD-CDG	BUSINESS	ECFLEX	9	2026-01-22 22:00:01.26574+01
bf6dd350	IB245-2026-01-28-MAD-CDG	BUSINESS	ECPLUS	16	2026-01-22 22:00:01.265755+01
8621d89c	IB245-2026-01-28-MAD-CDG	BUSINESS	BUSLIGHT	16	2026-01-22 22:00:01.26577+01
9605c453	IB245-2026-01-28-MAD-CDG	BUSINESS	BUSFLEX	8	2026-01-22 22:00:01.265786+01
0974cdba	IB245-2026-01-28-MAD-CDG	BUSINESS	FIRST	12	2026-01-22 22:00:01.265801+01
931f4cd5	IB142-2026-01-28-MAD-DXB	ECONOMY	ECBASIC	167	2026-01-22 22:00:01.265818+01
1c74ac64	IB142-2026-01-28-MAD-DXB	ECONOMY	ECFLEX	67	2026-01-22 22:00:01.265847+01
5855d702	IB142-2026-01-28-MAD-DXB	ECONOMY	ECPLUS	98	2026-01-22 22:00:01.265862+01
8a4d3bb2	IB142-2026-01-28-MAD-DXB	ECONOMY	BUSLIGHT	39	2026-01-22 22:00:01.265877+01
7fcde98a	IB142-2026-01-28-MAD-DXB	ECONOMY	BUSFLEX	176	2026-01-22 22:00:01.265892+01
8dae869e	IB142-2026-01-28-MAD-DXB	ECONOMY	FIRST	150	2026-01-22 22:00:01.265921+01
6f1cb634	IB142-2026-01-28-MAD-DXB	BUSINESS	ECBASIC	8	2026-01-22 22:00:01.265937+01
e77dae70	IB142-2026-01-28-MAD-DXB	BUSINESS	ECFLEX	16	2026-01-22 22:00:01.265952+01
585ba7ef	IB142-2026-01-28-MAD-DXB	BUSINESS	ECPLUS	14	2026-01-22 22:00:01.265968+01
05c63705	IB142-2026-01-28-MAD-DXB	BUSINESS	BUSLIGHT	9	2026-01-22 22:00:01.265983+01
9ccd9065	IB142-2026-01-28-MAD-DXB	BUSINESS	BUSFLEX	12	2026-01-22 22:00:01.265999+01
05d09ba3	IB142-2026-01-28-MAD-DXB	BUSINESS	FIRST	12	2026-01-22 22:00:01.266013+01
19d908d5	IB924-2026-01-28-MAD-JFK	ECONOMY	ECBASIC	149	2026-01-22 22:00:01.266031+01
86027dbe	IB924-2026-01-28-MAD-JFK	ECONOMY	ECFLEX	89	2026-01-22 22:00:01.266062+01
07cf3811	IB924-2026-01-28-MAD-JFK	ECONOMY	ECPLUS	65	2026-01-22 22:00:01.266078+01
c6a067b0	IB924-2026-01-28-MAD-JFK	ECONOMY	BUSLIGHT	23	2026-01-22 22:00:01.266093+01
582ea48d	IB924-2026-01-28-MAD-JFK	ECONOMY	BUSFLEX	47	2026-01-22 22:00:01.266109+01
47130a44	IB924-2026-01-28-MAD-JFK	ECONOMY	FIRST	24	2026-01-22 22:00:01.266124+01
90cc6e1f	IB924-2026-01-28-MAD-JFK	BUSINESS	ECBASIC	10	2026-01-22 22:00:01.266139+01
f59e4757	IB924-2026-01-28-MAD-JFK	BUSINESS	ECFLEX	12	2026-01-22 22:00:01.266156+01
958e6a7f	IB924-2026-01-28-MAD-JFK	BUSINESS	ECPLUS	10	2026-01-22 22:00:01.266171+01
d10a2f28	IB924-2026-01-28-MAD-JFK	BUSINESS	BUSLIGHT	6	2026-01-22 22:00:01.266187+01
4e0cd3f7	IB924-2026-01-28-MAD-JFK	BUSINESS	BUSFLEX	7	2026-01-22 22:00:01.266202+01
1b04ba58	IB924-2026-01-28-MAD-JFK	BUSINESS	FIRST	11	2026-01-22 22:00:01.266218+01
5259e0dc	IB357-2026-01-28-MAD-SCZ	ECONOMY	ECBASIC	168	2026-01-22 22:00:01.266235+01
ea6cc118	IB357-2026-01-28-MAD-SCZ	ECONOMY	ECFLEX	144	2026-01-22 22:00:01.26625+01
b8c56f52	IB357-2026-01-28-MAD-SCZ	ECONOMY	ECPLUS	54	2026-01-22 22:00:01.266266+01
7b586102	IB357-2026-01-28-MAD-SCZ	ECONOMY	BUSLIGHT	71	2026-01-22 22:00:01.266281+01
d1b55756	IB357-2026-01-28-MAD-SCZ	ECONOMY	BUSFLEX	95	2026-01-22 22:00:01.266296+01
ad113212	IB357-2026-01-28-MAD-SCZ	ECONOMY	FIRST	79	2026-01-22 22:00:01.266311+01
9d47a779	IB357-2026-01-28-MAD-SCZ	BUSINESS	ECBASIC	11	2026-01-22 22:00:01.266326+01
143be571	IB357-2026-01-28-MAD-SCZ	BUSINESS	ECFLEX	9	2026-01-22 22:00:01.266341+01
fef53b68	IB357-2026-01-28-MAD-SCZ	BUSINESS	ECPLUS	15	2026-01-22 22:00:01.266356+01
d781039b	IB357-2026-01-28-MAD-SCZ	BUSINESS	BUSLIGHT	15	2026-01-22 22:00:01.266371+01
76bf7e30	IB357-2026-01-28-MAD-SCZ	BUSINESS	BUSFLEX	11	2026-01-22 22:00:01.266386+01
b916aeb5	IB357-2026-01-28-MAD-SCZ	BUSINESS	FIRST	6	2026-01-22 22:00:01.266402+01
cfa17dcc	IB896-2026-01-28-MAD-PMI	ECONOMY	ECBASIC	90	2026-01-22 22:00:01.266418+01
3a8721f0	IB896-2026-01-28-MAD-PMI	ECONOMY	ECFLEX	78	2026-01-22 22:00:01.266434+01
31b890a1	IB896-2026-01-28-MAD-PMI	ECONOMY	ECPLUS	89	2026-01-22 22:00:01.266449+01
a6d66d88	IB896-2026-01-28-MAD-PMI	ECONOMY	BUSLIGHT	137	2026-01-22 22:00:01.266465+01
be33be57	IB896-2026-01-28-MAD-PMI	ECONOMY	BUSFLEX	162	2026-01-22 22:00:01.26648+01
55ab6723	IB896-2026-01-28-MAD-PMI	ECONOMY	FIRST	102	2026-01-22 22:00:01.266496+01
dd103704	IB896-2026-01-28-MAD-PMI	BUSINESS	ECBASIC	16	2026-01-22 22:00:01.266511+01
995ef96f	IB896-2026-01-28-MAD-PMI	BUSINESS	ECFLEX	10	2026-01-22 22:00:01.266526+01
cc2cf5cb	IB896-2026-01-28-MAD-PMI	BUSINESS	ECPLUS	6	2026-01-22 22:00:01.266555+01
0b65b60a	IB896-2026-01-28-MAD-PMI	BUSINESS	BUSLIGHT	13	2026-01-22 22:00:01.266571+01
d94277af	IB896-2026-01-28-MAD-PMI	BUSINESS	BUSFLEX	7	2026-01-22 22:00:01.266588+01
ec6f4f0d	IB896-2026-01-28-MAD-PMI	BUSINESS	FIRST	11	2026-01-22 22:00:01.266628+01
7c07cfc6	IB183-2026-01-28-MAD-BCN	ECONOMY	ECBASIC	157	2026-01-22 22:00:01.266691+01
934b6b9f	IB183-2026-01-28-MAD-BCN	ECONOMY	ECFLEX	100	2026-01-22 22:00:01.266712+01
814295a7	IB183-2026-01-28-MAD-BCN	ECONOMY	ECPLUS	150	2026-01-22 22:00:01.266728+01
c4817da0	IB183-2026-01-28-MAD-BCN	ECONOMY	BUSLIGHT	33	2026-01-22 22:00:01.266765+01
c16bbc94	IB183-2026-01-28-MAD-BCN	ECONOMY	BUSFLEX	166	2026-01-22 22:00:01.266798+01
ff187ede	IB183-2026-01-28-MAD-BCN	ECONOMY	FIRST	124	2026-01-22 22:00:01.266814+01
85dec497	IB183-2026-01-28-MAD-BCN	BUSINESS	ECBASIC	9	2026-01-22 22:00:01.26683+01
308224c2	IB183-2026-01-28-MAD-BCN	BUSINESS	ECFLEX	13	2026-01-22 22:00:01.266845+01
9158dcc8	IB183-2026-01-28-MAD-BCN	BUSINESS	ECPLUS	7	2026-01-22 22:00:01.26686+01
d7addf49	IB183-2026-01-28-MAD-BCN	BUSINESS	BUSLIGHT	16	2026-01-22 22:00:01.266877+01
fe8335e3	IB183-2026-01-28-MAD-BCN	BUSINESS	BUSFLEX	15	2026-01-22 22:00:01.266894+01
07c79a91	IB183-2026-01-28-MAD-BCN	BUSINESS	FIRST	6	2026-01-22 22:00:01.266911+01
d54e77dd	IB376-2026-01-29-MAD-PMI	ECONOMY	ECBASIC	62	2026-01-22 22:00:01.266931+01
5db05d09	IB376-2026-01-29-MAD-PMI	ECONOMY	ECFLEX	128	2026-01-22 22:00:01.266948+01
9225d2d9	IB376-2026-01-29-MAD-PMI	ECONOMY	ECPLUS	20	2026-01-22 22:00:01.266964+01
1c81e489	IB376-2026-01-29-MAD-PMI	ECONOMY	BUSLIGHT	46	2026-01-22 22:00:01.26698+01
d56c62ec	IB376-2026-01-29-MAD-PMI	ECONOMY	BUSFLEX	163	2026-01-22 22:00:01.266997+01
9b183ce4	IB376-2026-01-29-MAD-PMI	ECONOMY	FIRST	60	2026-01-22 22:00:01.267013+01
e7ef5106	IB376-2026-01-29-MAD-PMI	BUSINESS	ECBASIC	16	2026-01-22 22:00:01.267031+01
611fd6e8	IB376-2026-01-29-MAD-PMI	BUSINESS	ECFLEX	11	2026-01-22 22:00:01.267081+01
4b233964	IB376-2026-01-29-MAD-PMI	BUSINESS	ECPLUS	12	2026-01-22 22:00:01.267112+01
c635a91a	IB376-2026-01-29-MAD-PMI	BUSINESS	BUSLIGHT	14	2026-01-22 22:00:01.267152+01
7370cb6e	IB376-2026-01-29-MAD-PMI	BUSINESS	BUSFLEX	9	2026-01-22 22:00:01.267187+01
049193d6	IB376-2026-01-29-MAD-PMI	BUSINESS	FIRST	11	2026-01-22 22:00:01.267239+01
227b2553	IB273-2026-01-29-MAD-BCN	ECONOMY	ECBASIC	130	2026-01-22 22:00:01.267296+01
cf70d848	IB273-2026-01-29-MAD-BCN	ECONOMY	ECFLEX	60	2026-01-22 22:00:01.267343+01
693198a5	IB273-2026-01-29-MAD-BCN	ECONOMY	ECPLUS	156	2026-01-22 22:00:01.267373+01
62ea59ec	IB273-2026-01-29-MAD-BCN	ECONOMY	BUSLIGHT	21	2026-01-22 22:00:01.267404+01
43c6880a	IB273-2026-01-29-MAD-BCN	ECONOMY	BUSFLEX	95	2026-01-22 22:00:01.267433+01
1e1db6c1	IB273-2026-01-29-MAD-BCN	ECONOMY	FIRST	40	2026-01-22 22:00:01.26747+01
946e390d	IB273-2026-01-29-MAD-BCN	BUSINESS	ECBASIC	7	2026-01-22 22:00:01.267504+01
ad9e7dc6	IB273-2026-01-29-MAD-BCN	BUSINESS	ECFLEX	14	2026-01-22 22:00:01.267548+01
839c2ed3	IB273-2026-01-29-MAD-BCN	BUSINESS	ECPLUS	15	2026-01-22 22:00:01.267593+01
871c4000	IB273-2026-01-29-MAD-BCN	BUSINESS	BUSLIGHT	7	2026-01-22 22:00:01.267627+01
95a85bfd	IB273-2026-01-29-MAD-BCN	BUSINESS	BUSFLEX	12	2026-01-22 22:00:01.267671+01
da02e0d0	IB273-2026-01-29-MAD-BCN	BUSINESS	FIRST	11	2026-01-22 22:00:01.267713+01
6edab365	IB729-2026-01-29-MAD-CDG	ECONOMY	ECBASIC	20	2026-01-22 22:00:01.267757+01
707de59a	IB729-2026-01-29-MAD-CDG	ECONOMY	ECFLEX	56	2026-01-22 22:00:01.267794+01
bea71089	IB729-2026-01-29-MAD-CDG	ECONOMY	ECPLUS	69	2026-01-22 22:00:01.267821+01
aa5ab63c	IB729-2026-01-29-MAD-CDG	ECONOMY	BUSLIGHT	130	2026-01-22 22:00:01.26785+01
779f6921	IB729-2026-01-29-MAD-CDG	ECONOMY	BUSFLEX	60	2026-01-22 22:00:01.267886+01
caa6dc2e	IB729-2026-01-29-MAD-CDG	ECONOMY	FIRST	56	2026-01-22 22:00:01.267925+01
15ff1d7f	IB729-2026-01-29-MAD-CDG	BUSINESS	ECBASIC	8	2026-01-22 22:00:01.267952+01
586f05c5	IB729-2026-01-29-MAD-CDG	BUSINESS	ECFLEX	12	2026-01-22 22:00:01.267977+01
962c4b0a	IB729-2026-01-29-MAD-CDG	BUSINESS	ECPLUS	12	2026-01-22 22:00:01.268007+01
e0548c19	IB729-2026-01-29-MAD-CDG	BUSINESS	BUSLIGHT	11	2026-01-22 22:00:01.268045+01
0dc30d9f	IB729-2026-01-29-MAD-CDG	BUSINESS	BUSFLEX	10	2026-01-22 22:00:01.268095+01
3b0b173f	IB729-2026-01-29-MAD-CDG	BUSINESS	FIRST	13	2026-01-22 22:00:01.268133+01
bf6421cd	IB180-2026-01-29-MAD-SCZ	ECONOMY	ECBASIC	38	2026-01-22 22:00:01.268188+01
a035847c	IB180-2026-01-29-MAD-SCZ	ECONOMY	ECFLEX	135	2026-01-22 22:00:01.268228+01
70845d80	IB180-2026-01-29-MAD-SCZ	ECONOMY	ECPLUS	104	2026-01-22 22:00:01.268293+01
5d030536	IB180-2026-01-29-MAD-SCZ	ECONOMY	BUSLIGHT	152	2026-01-22 22:00:01.268324+01
2eac0e75	IB180-2026-01-29-MAD-SCZ	ECONOMY	BUSFLEX	42	2026-01-22 22:00:01.268352+01
0f78cb12	IB180-2026-01-29-MAD-SCZ	ECONOMY	FIRST	72	2026-01-22 22:00:01.26838+01
6902c6b6	IB180-2026-01-29-MAD-SCZ	BUSINESS	ECBASIC	8	2026-01-22 22:00:01.268411+01
b6875516	IB180-2026-01-29-MAD-SCZ	BUSINESS	ECFLEX	13	2026-01-22 22:00:01.268438+01
643012ee	IB180-2026-01-29-MAD-SCZ	BUSINESS	ECPLUS	6	2026-01-22 22:00:01.268465+01
480fbb0f	IB180-2026-01-29-MAD-SCZ	BUSINESS	BUSLIGHT	12	2026-01-22 22:00:01.268493+01
cb7650cc	IB180-2026-01-29-MAD-SCZ	BUSINESS	BUSFLEX	6	2026-01-22 22:00:01.26852+01
2ad474c8	IB180-2026-01-29-MAD-SCZ	BUSINESS	FIRST	7	2026-01-22 22:00:01.268544+01
acedeab7	IB202-2026-01-29-MAD-DXB	ECONOMY	ECBASIC	156	2026-01-22 22:00:01.268575+01
1a7cc527	IB202-2026-01-29-MAD-DXB	ECONOMY	ECFLEX	130	2026-01-22 22:00:01.268601+01
713ed96d	IB202-2026-01-29-MAD-DXB	ECONOMY	ECPLUS	41	2026-01-22 22:00:01.26863+01
f9d095a8	IB202-2026-01-29-MAD-DXB	ECONOMY	BUSLIGHT	59	2026-01-22 22:00:01.268646+01
40edfd32	IB202-2026-01-29-MAD-DXB	ECONOMY	BUSFLEX	50	2026-01-22 22:00:01.268661+01
71837204	IB202-2026-01-29-MAD-DXB	ECONOMY	FIRST	72	2026-01-22 22:00:01.268676+01
115a453a	IB202-2026-01-29-MAD-DXB	BUSINESS	ECBASIC	9	2026-01-22 22:00:01.268691+01
7f9ae5ad	IB202-2026-01-29-MAD-DXB	BUSINESS	ECFLEX	12	2026-01-22 22:00:01.268708+01
2ff0c26e	IB202-2026-01-29-MAD-DXB	BUSINESS	ECPLUS	12	2026-01-22 22:00:01.268723+01
b3ad0a30	IB202-2026-01-29-MAD-DXB	BUSINESS	BUSLIGHT	7	2026-01-22 22:00:01.268738+01
12aad6eb	IB202-2026-01-29-MAD-DXB	BUSINESS	BUSFLEX	14	2026-01-22 22:00:01.268753+01
b543e3c2	IB202-2026-01-29-MAD-DXB	BUSINESS	FIRST	12	2026-01-22 22:00:01.268769+01
99053d43	IB274-2026-01-29-MAD-JFK	ECONOMY	ECBASIC	85	2026-01-22 22:00:01.268786+01
3587ba9f	IB274-2026-01-29-MAD-JFK	ECONOMY	ECFLEX	77	2026-01-22 22:00:01.268802+01
fbea733e	IB274-2026-01-29-MAD-JFK	ECONOMY	ECPLUS	76	2026-01-22 22:00:01.268817+01
03f934a7	IB274-2026-01-29-MAD-JFK	ECONOMY	BUSLIGHT	149	2026-01-22 22:00:01.268832+01
0aea64b7	IB274-2026-01-29-MAD-JFK	ECONOMY	BUSFLEX	34	2026-01-22 22:00:01.268847+01
a213281a	IB274-2026-01-29-MAD-JFK	ECONOMY	FIRST	85	2026-01-22 22:00:01.268862+01
634b4e14	IB274-2026-01-29-MAD-JFK	BUSINESS	ECBASIC	14	2026-01-22 22:00:01.268878+01
24f17c12	IB274-2026-01-29-MAD-JFK	BUSINESS	ECFLEX	8	2026-01-22 22:00:01.268894+01
d8347a7d	IB274-2026-01-29-MAD-JFK	BUSINESS	ECPLUS	10	2026-01-22 22:00:01.268909+01
d819f946	IB274-2026-01-29-MAD-JFK	BUSINESS	BUSLIGHT	15	2026-01-22 22:00:01.268925+01
ef1fc048	IB274-2026-01-29-MAD-JFK	BUSINESS	BUSFLEX	10	2026-01-22 22:00:01.268941+01
d68cffb0	IB274-2026-01-29-MAD-JFK	BUSINESS	FIRST	6	2026-01-22 22:00:01.268957+01
\.


--
-- Data for Name: flights; Type: TABLE DATA; Schema: travel; Owner: postgres
--

COPY travel.flights (flight_id, carrier_code, flight_number, flight_date, origin, destination, departure_ts, arrival_ts, aircraft_code, status) FROM stdin;
IB219-2026-01-22-BCN-LHR	IB	219	2026-01-22	MAD	LHR	2026-01-22 09:00:00+01	2026-01-22 11:07:54.884745+01	c55c3b89	DELAYED
IB751-2026-01-23-BCN-LHR	IB	751	2026-01-23	MAD	LHR	2026-01-23 16:15:00+01	2026-01-23 18:27:46.675191+01	0fcc5174	SCHEDULED
IB197-2026-01-22-MAD-BCN	IB	197	2026-01-22	MAD	BCN	2026-01-22 09:00:00+01	2026-01-22 10:27:29.345232+01	592a8f39	SCHEDULED
IB330-2026-01-22-MAD-DXB	IB	330	2026-01-22	MAD	DXB	2026-01-22 11:45:00+01	2026-01-22 18:55:07.65762+01	0fcc5174	SCHEDULED
IB651-2026-01-22-MAD-SCZ	IB	651	2026-01-22	MAD	SCZ	2026-01-22 13:45:00+01	2026-01-23 01:27:27.30596+01	0fcc5174	SCHEDULED
IB183-2026-01-28-MAD-BCN	IB	183	2026-01-28	MAD	BCN	2026-01-28 20:15:00+01	2026-01-28 21:42:02.868527+01	0fcc5174	SCHEDULED
IB376-2026-01-29-MAD-PMI	IB	376	2026-01-29	MAD	PMI	2026-01-29 07:30:00+01	2026-01-29 08:54:48.781233+01	29284b6d	SCHEDULED
IB273-2026-01-29-MAD-BCN	IB	273	2026-01-29	MAD	BCN	2026-01-29 08:30:00+01	2026-01-29 09:54:55.43281+01	0fcc5174	DELAYED
IB729-2026-01-29-MAD-CDG	IB	729	2026-01-29	MAD	CDG	2026-01-29 09:45:00+01	2026-01-29 11:30:41.639543+01	0fcc5174	SCHEDULED
IB180-2026-01-29-MAD-SCZ	IB	180	2026-01-29	MAD	SCZ	2026-01-29 13:15:00+01	2026-01-30 00:29:45.661096+01	29284b6d	SCHEDULED
IB202-2026-01-29-MAD-DXB	IB	202	2026-01-29	MAD	DXB	2026-01-29 17:45:00+01	2026-01-30 00:57:58.561145+01	0fcc5174	SCHEDULED
IB274-2026-01-29-MAD-JFK	IB	274	2026-01-29	MAD	JFK	2026-01-29 19:00:00+01	2026-01-30 03:30:34.13075+01	29284b6d	SCHEDULED
IB964-2026-01-24-BCN-LHR	IB	964	2026-01-24	MAD	LHR	2026-01-24 17:45:00+01	2026-01-24 20:02:31.436635+01	0fcc5174	SCHEDULED
IB697-2026-01-27-BCN-LHR	IB	697	2026-01-27	MAD	LHR	2026-01-27 15:45:00+01	2026-01-27 18:09:22.042195+01	29284b6d	DELAYED
IB427-2026-01-28-BCN-LHR	IB	427	2026-01-28	MAD	LHR	2026-01-28 07:30:00+01	2026-01-28 09:51:13.78886+01	592a8f39	SCHEDULED
IB391-2026-01-29-BCN-LHR	IB	391	2026-01-29	MAD	LHR	2026-01-29 17:00:00+01	2026-01-29 19:03:04.071563+01	0fcc5174	SCHEDULED
IB793-2026-01-22-MAD-CDG	IB	793	2026-01-22	MAD	CDG	2026-01-22 15:45:00+01	2026-01-22 17:43:08.873125+01	0fcc5174	SCHEDULED
IB547-2026-01-22-MAD-JFK	IB	547	2026-01-22	MAD	JFK	2026-01-22 16:00:00+01	2026-01-23 00:40:27.094216+01	0fcc5174	SCHEDULED
IB460-2026-01-22-MAD-PMI	IB	460	2026-01-22	MAD	PMI	2026-01-22 22:00:00+01	2026-01-22 23:22:11.90476+01	c55c3b89	SCHEDULED
IB215-2026-01-23-MAD-SCZ	IB	215	2026-01-23	MAD	SCZ	2026-01-23 11:15:00+01	2026-01-23 22:34:06.752517+01	c55c3b89	SCHEDULED
IB910-2026-01-23-MAD-DXB	IB	910	2026-01-23	MAD	DXB	2026-01-23 13:15:00+01	2026-01-23 20:38:42.610128+01	0fcc5174	SCHEDULED
IB871-2026-01-23-MAD-JFK	IB	871	2026-01-23	MAD	JFK	2026-01-23 13:15:00+01	2026-01-23 21:53:24.99362+01	0fcc5174	SCHEDULED
IB328-2026-01-23-MAD-CDG	IB	328	2026-01-23	MAD	CDG	2026-01-23 15:30:00+01	2026-01-23 17:25:32.573275+01	29284b6d	SCHEDULED
IB189-2026-01-23-MAD-PMI	IB	189	2026-01-23	MAD	PMI	2026-01-23 16:45:00+01	2026-01-23 17:53:47.455861+01	592a8f39	SCHEDULED
IB822-2026-01-23-MAD-BCN	IB	822	2026-01-23	MAD	BCN	2026-01-23 20:00:00+01	2026-01-23 21:06:18.589434+01	0fcc5174	SCHEDULED
IB245-2026-01-28-MAD-CDG	IB	245	2026-01-28	MAD	CDG	2026-01-28 09:45:00+01	2026-01-28 11:39:15.762436+01	29284b6d	SCHEDULED
IB142-2026-01-28-MAD-DXB	IB	142	2026-01-28	MAD	DXB	2026-01-28 12:15:00+01	2026-01-28 19:31:52.740006+01	c55c3b89	SCHEDULED
IB924-2026-01-28-MAD-JFK	IB	924	2026-01-28	MAD	JFK	2026-01-28 16:00:00+01	2026-01-29 00:32:10.985563+01	592a8f39	SCHEDULED
IB357-2026-01-28-MAD-SCZ	IB	357	2026-01-28	MAD	SCZ	2026-01-28 17:00:00+01	2026-01-29 04:36:46.701351+01	c55c3b89	SCHEDULED
IB896-2026-01-28-MAD-PMI	IB	896	2026-01-28	MAD	PMI	2026-01-28 17:30:00+01	2026-01-28 18:51:30.029616+01	0fcc5174	SCHEDULED
IB548-2026-01-24-MAD-PMI	IB	548	2026-01-24	MAD	PMI	2026-01-24 08:00:00+01	2026-01-24 09:05:59.619316+01	c55c3b89	SCHEDULED
IB470-2026-01-24-MAD-DXB	IB	470	2026-01-24	MAD	DXB	2026-01-24 13:15:00+01	2026-01-24 20:16:46.456802+01	29284b6d	SCHEDULED
IB467-2026-01-24-MAD-JFK	IB	467	2026-01-24	MAD	JFK	2026-01-24 15:15:00+01	2026-01-25 00:02:51.340015+01	c55c3b89	SCHEDULED
IB662-2026-01-24-MAD-CDG	IB	662	2026-01-24	MAD	CDG	2026-01-24 17:15:00+01	2026-01-24 18:58:23.394272+01	29284b6d	SCHEDULED
IB295-2026-01-24-MAD-SCZ	IB	295	2026-01-24	MAD	SCZ	2026-01-24 19:00:00+01	2026-01-25 07:13:10.584648+01	0fcc5174	SCHEDULED
IB766-2026-01-24-MAD-BCN	IB	766	2026-01-24	MAD	BCN	2026-01-24 20:30:00+01	2026-01-24 21:48:24.913313+01	592a8f39	SCHEDULED
IB626-2026-01-25-MAD-CDG	IB	626	2026-01-25	MAD	CDG	2026-01-25 08:30:00+01	2026-01-25 10:10:19.082133+01	c55c3b89	SCHEDULED
IB792-2026-01-25-MAD-PMI	IB	792	2026-01-25	MAD	PMI	2026-01-25 08:30:00+01	2026-01-25 09:48:35.432921+01	c55c3b89	SCHEDULED
IB195-2026-01-25-MAD-BCN	IB	195	2026-01-25	MAD	BCN	2026-01-25 09:00:00+01	2026-01-25 10:23:48.10659+01	c55c3b89	SCHEDULED
IB249-2026-01-25-MAD-SCZ	IB	249	2026-01-25	MAD	SCZ	2026-01-25 12:30:00+01	2026-01-26 00:55:08.674356+01	29284b6d	SCHEDULED
IB468-2026-01-25-MAD-DXB	IB	468	2026-01-25	MAD	DXB	2026-01-25 13:15:00+01	2026-01-25 20:37:45.347862+01	592a8f39	SCHEDULED
IB943-2026-01-25-MAD-JFK	IB	943	2026-01-25	MAD	JFK	2026-01-25 13:15:00+01	2026-01-25 21:53:35.032777+01	592a8f39	DELAYED
IB267-2026-01-25-BCN-LHR	IB	267	2026-01-25	BCN	LHR	2026-01-25 21:15:00+01	2026-01-25 23:26:35.523404+01	0fcc5174	SCHEDULED
IB346-2026-01-26-MAD-DXB	IB	346	2026-01-26	MAD	DXB	2026-01-26 12:15:00+01	2026-01-26 19:19:16.272836+01	c55c3b89	DELAYED
IB725-2026-01-26-BCN-LHR	IB	725	2026-01-26	BCN	LHR	2026-01-26 15:45:00+01	2026-01-26 18:05:54.45699+01	0fcc5174	SCHEDULED
IB678-2026-01-26-MAD-SCZ	IB	678	2026-01-26	MAD	SCZ	2026-01-26 15:45:00+01	2026-01-27 04:00:47.053415+01	592a8f39	SCHEDULED
IB669-2026-01-26-MAD-CDG	IB	669	2026-01-26	MAD	CDG	2026-01-26 17:15:00+01	2026-01-26 19:00:09.930438+01	592a8f39	SCHEDULED
IB237-2026-01-26-MAD-BCN	IB	237	2026-01-26	MAD	BCN	2026-01-26 18:15:00+01	2026-01-26 19:42:48.902187+01	29284b6d	SCHEDULED
IB736-2026-01-26-MAD-PMI	IB	736	2026-01-26	MAD	PMI	2026-01-26 20:45:00+01	2026-01-26 21:54:28.82028+01	29284b6d	SCHEDULED
IB289-2026-01-26-MAD-JFK	IB	289	2026-01-26	MAD	JFK	2026-01-27 00:30:00+01	2026-01-27 09:23:34.816865+01	592a8f39	SCHEDULED
IB622-2026-01-27-MAD-BCN	IB	622	2026-01-27	MAD	BCN	2026-01-27 07:30:00+01	2026-01-27 08:33:49.839518+01	0fcc5174	SCHEDULED
IB253-2026-01-27-MAD-PMI	IB	253	2026-01-27	MAD	PMI	2026-01-27 10:00:00+01	2026-01-27 11:22:23.812956+01	c55c3b89	SCHEDULED
IB103-2026-01-27-MAD-JFK	IB	103	2026-01-27	MAD	JFK	2026-01-27 12:15:00+01	2026-01-27 21:14:19.277285+01	592a8f39	SCHEDULED
IB673-2026-01-27-MAD-DXB	IB	673	2026-01-27	MAD	DXB	2026-01-27 13:45:00+01	2026-01-27 21:05:39.305415+01	0fcc5174	DELAYED
IB119-2026-01-27-MAD-CDG	IB	119	2026-01-27	MAD	CDG	2026-01-27 21:00:00+01	2026-01-27 22:30:07.934471+01	592a8f39	SCHEDULED
IB587-2026-01-27-MAD-SCZ	IB	587	2026-01-27	MAD	SCZ	2026-01-27 23:45:00+01	2026-01-28 12:04:48.621341+01	0fcc5174	DELAYED
\.


--
-- Data for Name: hotel_prices; Type: TABLE DATA; Schema: travel; Owner: postgres
--

COPY travel.hotel_prices (rate_plan_id, hotel_id, date, currency, price_per_night, tax_included, booking_id) FROM stdin;
1617facb	e5d181db	2026-01-27	EUR	477.00	f	6e85c335
90b37e72	86a8b017	2026-01-26	EUR	452.00	f	2eccc504
fea102a6	fc55b3c4	2026-01-24	EUR	1612.00	t	74bd5837
3526a132	3aaf0cc6	2026-01-23	EUR	137.00	f	2eccc504
1dc1a6ce	3aaf0cc6	2026-01-25	EUR	165.00	t	74bd5837
1efe5cb0	fc55b3c4	2026-01-22	EUR	1883.00	t	2eccc504
9c833213	4c9692b3	2026-01-24	EUR	255.00	t	1ff87055
c61207ac	4c9692b3	2026-01-22	EUR	266.00	f	30703f70
392875b9	8d1f74d7	2026-01-27	EUR	135.00	t	74bd5837
4d0b4cf9	86a8b017	2026-01-20	EUR	819.00	t	74bd5837
81648046	8d1f74d7	2026-01-25	EUR	81.00	t	2eccc504
f1a69edf	fc55b3c4	2026-01-20	EUR	2064.00	t	74bd5837
9fd6afd7	86a8b017	2026-01-21	EUR	423.00	t	1ff87055
5907fcd9	8d1f74d7	2026-01-25	EUR	73.00	f	74bd5837
b1f1263e	4c9692b3	2026-01-23	EUR	193.00	t	1f85f9a0
6cc4e438	86a8b017	2026-01-27	EUR	550.00	f	6e85c335
4e3d3a36	3aaf0cc6	2026-01-21	EUR	205.00	t	47e3e589
5a743a9e	fc55b3c4	2026-01-20	EUR	1278.00	t	1f85f9a0
582eb1bc	fc55b3c4	2026-01-23	EUR	1301.00	f	74bd5837
3c0d89b3	3aaf0cc6	2026-01-27	EUR	174.00	t	973107bd
96d1e659	e5d181db	2026-01-22	EUR	668.00	f	2eccc504
77e0b1a8	8d1f74d7	2026-01-23	EUR	147.00	f	47e3e589
e232adb4	fc55b3c4	2026-01-24	EUR	2528.00	t	6e85c335
b9a6571d	fc55b3c4	2026-01-25	EUR	1465.00	t	1f85f9a0
b5fce61b	fc55b3c4	2026-01-27	EUR	2088.00	f	6e85c335
5e4cad14	fc55b3c4	2026-01-20	EUR	2959.00	f	47e3e589
c319d4f7	86a8b017	2026-01-23	EUR	717.00	t	74bd5837
abaa59a6	4c9692b3	2026-01-25	EUR	199.00	t	2eccc504
8f72282d	fc55b3c4	2026-01-24	EUR	1341.00	t	2eccc504
ab041639	8d1f74d7	2026-01-23	EUR	112.00	t	2eccc504
cc9db6c5	4c9692b3	2026-01-20	EUR	262.00	f	6e85c335
af2198df	8d1f74d7	2026-01-21	EUR	117.00	t	1f85f9a0
e93d2b6a	3aaf0cc6	2026-01-20	EUR	216.00	f	47e3e589
ecca6c08	fc55b3c4	2026-01-23	EUR	2288.00	f	74bd5837
c3d5d747	4c9692b3	2026-01-20	EUR	248.00	f	30703f70
c2b3bb4d	8d1f74d7	2026-01-26	EUR	137.00	f	30703f70
f913e3f8	4c9692b3	2026-01-22	EUR	241.00	t	47e3e589
e259e334	e5d181db	2026-01-27	EUR	553.00	f	1f85f9a0
ce9c9034	4c9692b3	2026-01-21	EUR	251.00	f	6e85c335
57eaeaa9	fc55b3c4	2026-01-20	EUR	2066.00	f	1f85f9a0
67e4be30	4c9692b3	2026-01-25	EUR	239.00	t	30703f70
282679cc	4c9692b3	2026-01-21	EUR	227.00	t	6e85c335
5daf5ef8	fc55b3c4	2026-01-24	EUR	2187.00	t	1ff87055
fb51463b	8d1f74d7	2026-01-21	EUR	148.00	t	74bd5837
37473bd0	4c9692b3	2026-01-23	EUR	160.00	f	30703f70
fbdf6adf	4c9692b3	2026-01-23	EUR	182.00	t	1f85f9a0
d8d11bb5	e5d181db	2026-01-22	EUR	619.00	t	74bd5837
36c997b9	3aaf0cc6	2026-01-21	EUR	171.00	t	47e3e589
8263bfec	fc55b3c4	2026-01-21	EUR	1538.00	f	6e85c335
d15b5b7d	e5d181db	2026-01-24	EUR	625.00	t	1ff87055
65ff2cf2	8d1f74d7	2026-01-22	EUR	129.00	t	973107bd
875e5067	4c9692b3	2026-01-26	EUR	232.00	f	1ff87055
41f838ce	fc55b3c4	2026-01-25	EUR	1475.00	f	47e3e589
12259f21	4c9692b3	2026-01-22	EUR	204.00	t	30703f70
0c0bc258	4c9692b3	2026-01-25	EUR	216.00	f	2eccc504
bdf2e355	4c9692b3	2026-01-22	EUR	212.00	f	1f85f9a0
24411032	4c9692b3	2026-01-26	EUR	213.00	f	30703f70
1073166b	4c9692b3	2026-01-23	EUR	203.00	f	973107bd
1b28e9cc	86a8b017	2026-01-25	EUR	842.00	t	6e85c335
4839daec	86a8b017	2026-01-20	EUR	780.00	f	47e3e589
d990caf0	86a8b017	2026-01-21	EUR	819.00	f	1f85f9a0
48a6fee7	4c9692b3	2026-01-24	EUR	233.00	t	74bd5837
ec516372	86a8b017	2026-01-25	EUR	561.00	t	973107bd
30674f99	fc55b3c4	2026-01-23	EUR	1327.00	t	6e85c335
d050f7d4	86a8b017	2026-01-26	EUR	402.00	f	2eccc504
a6b7e66f	86a8b017	2026-01-25	EUR	504.00	t	1ff87055
dbce4c19	8d1f74d7	2026-01-26	EUR	81.00	f	2eccc504
fafe0e6a	e5d181db	2026-01-25	EUR	902.00	f	30703f70
c72caca7	86a8b017	2026-01-25	EUR	802.00	f	6e85c335
eb5a7310	e5d181db	2026-01-24	EUR	461.00	f	30703f70
6cffe136	86a8b017	2026-01-27	EUR	849.00	f	74bd5837
569cb6e2	86a8b017	2026-01-20	EUR	579.00	t	30703f70
2b259ceb	4c9692b3	2026-01-21	EUR	202.00	f	74bd5837
c999567e	3aaf0cc6	2026-01-21	EUR	132.00	f	74bd5837
48caa523	86a8b017	2026-01-24	EUR	493.00	t	30703f70
b8487455	8d1f74d7	2026-01-27	EUR	105.00	t	2eccc504
c837d739	3aaf0cc6	2026-01-24	EUR	214.00	t	973107bd
57db9d79	8d1f74d7	2026-01-20	EUR	98.00	t	6e85c335
e46e4b4f	3aaf0cc6	2026-01-20	EUR	214.00	t	1ff87055
2dc338bf	fc55b3c4	2026-01-21	EUR	1280.00	f	1ff87055
577cc0f0	fc55b3c4	2026-01-20	EUR	1392.00	f	30703f70
21bf3ad7	fc55b3c4	2026-01-20	EUR	1966.00	t	74bd5837
5d0a23dd	e5d181db	2026-01-27	EUR	1009.00	f	6e85c335
c640e6f3	4c9692b3	2026-01-23	EUR	183.00	t	1f85f9a0
2d5f4ef7	86a8b017	2026-01-27	EUR	404.00	f	74bd5837
586714ca	e5d181db	2026-01-22	EUR	728.00	f	30703f70
79ca87fe	fc55b3c4	2026-01-25	EUR	1658.00	t	973107bd
2a2e0ff5	8d1f74d7	2026-01-24	EUR	128.00	f	47e3e589
a3ca481a	4c9692b3	2026-01-23	EUR	247.00	t	2eccc504
341d72cb	fc55b3c4	2026-01-20	EUR	1960.00	f	973107bd
85181a3d	8d1f74d7	2026-01-23	EUR	126.00	t	30703f70
8247f57e	3aaf0cc6	2026-01-20	EUR	149.00	f	47e3e589
af6c747b	8d1f74d7	2026-01-20	EUR	115.00	t	6e85c335
d841569d	86a8b017	2026-01-25	EUR	408.00	t	6e85c335
76491bb5	3aaf0cc6	2026-01-22	EUR	155.00	f	74bd5837
323062c7	86a8b017	2026-01-25	EUR	651.00	t	47e3e589
d564c5ab	e5d181db	2026-01-20	EUR	686.00	t	1ff87055
a6482c9c	fc55b3c4	2026-01-22	EUR	2662.00	t	1f85f9a0
653a62a8	fc55b3c4	2026-01-24	EUR	1315.00	f	30703f70
c1b0498c	e5d181db	2026-01-27	EUR	766.00	t	74bd5837
294fcdd1	8d1f74d7	2026-01-27	EUR	113.00	f	30703f70
2cba1655	3aaf0cc6	2026-01-20	EUR	247.00	t	74bd5837
e740f739	4c9692b3	2026-01-20	EUR	223.00	f	30703f70
541b0fc4	86a8b017	2026-01-26	EUR	883.00	f	30703f70
0445e495	8d1f74d7	2026-01-24	EUR	96.00	t	74bd5837
b255d028	8d1f74d7	2026-01-23	EUR	109.00	f	6e85c335
349e222c	3aaf0cc6	2026-01-20	EUR	138.00	t	973107bd
2113fafa	4c9692b3	2026-01-24	EUR	235.00	f	47e3e589
86b52721	4c9692b3	2026-01-24	EUR	218.00	t	47e3e589
5b8c07ca	3aaf0cc6	2026-01-27	EUR	182.00	f	973107bd
25be90e9	86a8b017	2026-01-23	EUR	667.00	f	6e85c335
34097632	fc55b3c4	2026-01-21	EUR	2257.00	f	1ff87055
417919a2	fc55b3c4	2026-01-22	EUR	2209.00	t	2eccc504
647f499e	e5d181db	2026-01-25	EUR	483.00	t	47e3e589
71258a3a	4c9692b3	2026-01-23	EUR	274.00	f	30703f70
119d06f0	3aaf0cc6	2026-01-23	EUR	165.00	t	74bd5837
ddb203a4	e5d181db	2026-01-24	EUR	1010.00	t	973107bd
8c4bf5fc	e5d181db	2026-01-21	EUR	791.00	f	6e85c335
c6d0cacc	8d1f74d7	2026-01-27	EUR	112.00	f	47e3e589
2b2feca1	3aaf0cc6	2026-01-26	EUR	125.00	t	973107bd
774f6dd1	fc55b3c4	2026-01-27	EUR	1613.00	f	973107bd
333d977b	8d1f74d7	2026-01-23	EUR	110.00	t	2eccc504
c64f5115	fc55b3c4	2026-01-23	EUR	2554.00	f	2eccc504
f519dd1c	86a8b017	2026-01-26	EUR	866.00	t	30703f70
02ab8037	e5d181db	2026-01-21	EUR	584.00	f	6e85c335
5cbe3d13	8d1f74d7	2026-01-21	EUR	128.00	t	1ff87055
ff12f904	e5d181db	2026-01-20	EUR	891.00	t	47e3e589
9dd8243a	3aaf0cc6	2026-01-23	EUR	152.00	f	1f85f9a0
1c31a5b4	fc55b3c4	2026-01-25	EUR	1823.00	t	47e3e589
8dcc0449	3aaf0cc6	2026-01-25	EUR	170.00	f	47e3e589
e74bd268	3aaf0cc6	2026-01-23	EUR	161.00	f	2eccc504
7d58eef6	3aaf0cc6	2026-01-25	EUR	218.00	f	30703f70
d162f529	86a8b017	2026-01-25	EUR	488.00	f	6e85c335
9db63b32	8d1f74d7	2026-01-21	EUR	92.00	t	6e85c335
d6df6d45	4c9692b3	2026-01-24	EUR	245.00	t	1ff87055
84613c55	fc55b3c4	2026-01-24	EUR	2881.00	t	47e3e589
bb728051	e5d181db	2026-01-26	EUR	998.00	f	74bd5837
f4d4b388	86a8b017	2026-01-21	EUR	676.00	t	1f85f9a0
0edc42a5	8d1f74d7	2026-01-23	EUR	147.00	f	1f85f9a0
82e85050	fc55b3c4	2026-01-22	EUR	1570.00	t	74bd5837
ee842559	86a8b017	2026-01-21	EUR	874.00	f	973107bd
9799109e	fc55b3c4	2026-01-24	EUR	1604.00	f	47e3e589
e5024b37	3aaf0cc6	2026-01-24	EUR	168.00	t	74bd5837
27ab9573	86a8b017	2026-01-21	EUR	551.00	t	30703f70
419fe54c	3aaf0cc6	2026-01-22	EUR	234.00	f	6e85c335
18fa9004	e5d181db	2026-01-27	EUR	1188.00	t	30703f70
1fabc653	e5d181db	2026-01-26	EUR	977.00	t	30703f70
d289590d	8d1f74d7	2026-01-21	EUR	124.00	f	1f85f9a0
53204535	e5d181db	2026-01-22	EUR	878.00	t	1f85f9a0
ea2565e8	3aaf0cc6	2026-01-23	EUR	185.00	f	2eccc504
7def8736	fc55b3c4	2026-01-20	EUR	2390.00	t	1f85f9a0
fdcbb72f	3aaf0cc6	2026-01-20	EUR	120.00	t	6e85c335
402e684d	86a8b017	2026-01-27	EUR	564.00	t	6e85c335
c5762d6e	1ad4f8c1	2026-01-27	EUR	1355.00	t	30703f70
641cbcbe	1ad4f8c1	2026-01-21	EUR	963.00	f	6e85c335
17c52c43	3aaf0cc6	2026-01-21	EUR	177.00	t	6e85c335
17a54e55	1ad4f8c1	2026-01-27	EUR	1091.00	f	2eccc504
58a8b86e	fc55b3c4	2026-01-21	EUR	1555.00	f	1ff87055
ca6e0ef3	fc55b3c4	2026-01-24	EUR	1582.00	t	1ff87055
82214ff6	8d1f74d7	2026-01-21	EUR	142.00	t	2eccc504
5b523d96	a6065b00	2026-01-26	EUR	1352.00	f	74bd5837
e4191e7b	fc55b3c4	2026-01-26	EUR	1421.00	t	2eccc504
64e1769c	86a8b017	2026-01-20	EUR	639.00	f	1f85f9a0
100ebe67	a6065b00	2026-01-22	EUR	1887.00	t	30703f70
b67a8ebc	a6065b00	2026-01-20	EUR	1752.00	t	30703f70
0b939903	a6065b00	2026-01-26	EUR	1427.00	f	6e85c335
76caed39	3aaf0cc6	2026-01-23	EUR	141.00	t	30703f70
81c2c3d4	e5d181db	2026-01-27	EUR	908.00	t	6e85c335
d2197ae4	fc55b3c4	2026-01-23	EUR	1750.00	t	1ff87055
0de501a6	3aaf0cc6	2026-01-24	EUR	222.00	f	74bd5837
4e6947ca	a6065b00	2026-01-21	EUR	1194.00	f	6e85c335
08980c6b	e5d181db	2026-01-27	EUR	1094.00	f	6e85c335
fe5c96eb	86a8b017	2026-01-26	EUR	473.00	t	2eccc504
ba4ea0ab	fc55b3c4	2026-01-21	EUR	2968.00	f	973107bd
eba4b7e5	a6065b00	2026-01-23	EUR	1241.00	f	1ff87055
d70dace3	8d1f74d7	2026-01-23	EUR	97.00	t	2eccc504
6bc46ad8	e5d181db	2026-01-24	EUR	529.00	f	30703f70
d97f89ec	8d1f74d7	2026-01-23	EUR	125.00	f	1f85f9a0
6ff0ab4b	3aaf0cc6	2026-01-27	EUR	187.00	t	1ff87055
90e3f1a6	1ad4f8c1	2026-01-26	EUR	1315.00	t	47e3e589
c51c63c2	8d1f74d7	2026-01-20	EUR	111.00	t	30703f70
f7990248	fc55b3c4	2026-01-20	EUR	1523.00	t	6e85c335
d19bcecd	a6065b00	2026-01-21	EUR	1235.00	t	47e3e589
f1343a9a	3aaf0cc6	2026-01-21	EUR	199.00	f	74bd5837
26eb49d6	86a8b017	2026-01-27	EUR	515.00	t	973107bd
ae5ab663	86a8b017	2026-01-23	EUR	647.00	t	2eccc504
c4aaaf55	8d1f74d7	2026-01-24	EUR	73.00	t	2eccc504
e41924cb	e5d181db	2026-01-20	EUR	477.00	t	1ff87055
512f641d	1ad4f8c1	2026-01-26	EUR	1311.00	t	1f85f9a0
bad4a65b	1ad4f8c1	2026-01-23	EUR	1068.00	f	47e3e589
d734de72	fc55b3c4	2026-01-24	EUR	2817.00	f	30703f70
807945a3	e5d181db	2026-01-23	EUR	953.00	f	6e85c335
4dca418c	8d1f74d7	2026-01-27	EUR	82.00	f	2eccc504
f7a4dcc0	1ad4f8c1	2026-01-23	EUR	855.00	f	74bd5837
7c3f9daa	a6065b00	2026-01-26	EUR	985.00	f	47e3e589
deef5aa7	1ad4f8c1	2026-01-25	EUR	1436.00	f	973107bd
a277df60	86a8b017	2026-01-22	EUR	458.00	t	2eccc504
e6c9fcdf	e5d181db	2026-01-22	EUR	873.00	f	1ff87055
eb7975d5	8d1f74d7	2026-01-24	EUR	146.00	f	1f85f9a0
daa85040	3aaf0cc6	2026-01-27	EUR	223.00	t	1f85f9a0
74b98da6	a6065b00	2026-01-23	EUR	1449.00	f	6e85c335
092c45a2	86a8b017	2026-01-23	EUR	508.00	t	30703f70
499d7d70	a6065b00	2026-01-24	EUR	1893.00	f	1f85f9a0
5b931e82	1ad4f8c1	2026-01-23	EUR	786.00	f	30703f70
9d337462	3aaf0cc6	2026-01-20	EUR	165.00	f	74bd5837
b55000ee	86a8b017	2026-01-22	EUR	858.00	f	47e3e589
c6f1d260	1ad4f8c1	2026-01-22	EUR	834.00	t	74bd5837
91816d4a	3aaf0cc6	2026-01-26	EUR	156.00	t	973107bd
765f5345	1ad4f8c1	2026-01-25	EUR	734.00	f	6e85c335
839bf406	8d1f74d7	2026-01-21	EUR	138.00	f	6e85c335
1a682d9e	8d1f74d7	2026-01-26	EUR	129.00	f	1ff87055
7d9f3f20	86a8b017	2026-01-20	EUR	873.00	t	1f85f9a0
3be4cd7a	a6065b00	2026-01-26	EUR	1249.00	t	6e85c335
52e2c421	1ad4f8c1	2026-01-23	EUR	858.00	t	30703f70
6ffe998b	fc55b3c4	2026-01-23	EUR	1747.00	t	47e3e589
5644acae	1ad4f8c1	2026-01-25	EUR	1109.00	t	2eccc504
92911933	86a8b017	2026-01-22	EUR	770.00	t	47e3e589
c0ed69e7	8d1f74d7	2026-01-23	EUR	88.00	t	2eccc504
51c611af	e5d181db	2026-01-24	EUR	1115.00	f	973107bd
f2357c58	8d1f74d7	2026-01-22	EUR	106.00	f	1ff87055
eca88a86	1ad4f8c1	2026-01-26	EUR	1049.00	t	2eccc504
c8ac95b6	1ad4f8c1	2026-01-26	EUR	1048.00	t	47e3e589
c8b6a5f9	86a8b017	2026-01-24	EUR	492.00	t	2eccc504
cc67bba9	a6065b00	2026-01-22	EUR	1653.00	f	973107bd
cad059c1	86a8b017	2026-01-26	EUR	500.00	f	973107bd
25ff5849	86a8b017	2026-01-23	EUR	683.00	f	2eccc504
46d92487	1ad4f8c1	2026-01-26	EUR	709.00	f	1f85f9a0
66c30aa8	86a8b017	2026-01-21	EUR	709.00	t	30703f70
898b16ea	86a8b017	2026-01-26	EUR	713.00	t	2eccc504
547c6d69	e5d181db	2026-01-26	EUR	653.00	t	74bd5837
64a47138	fc55b3c4	2026-01-21	EUR	2408.00	t	1ff87055
b752d441	1ad4f8c1	2026-01-24	EUR	1065.00	f	973107bd
5195a3a1	fc55b3c4	2026-01-23	EUR	2944.00	f	47e3e589
f1134029	a6065b00	2026-01-22	EUR	1946.00	t	47e3e589
01f50ba3	e5d181db	2026-01-24	EUR	1191.00	f	30703f70
f77dc6a2	e5d181db	2026-01-25	EUR	786.00	t	30703f70
823b0cd2	e5d181db	2026-01-22	EUR	452.00	f	973107bd
50a1cb56	fc55b3c4	2026-01-20	EUR	1346.00	t	1f85f9a0
d5b7f181	8d1f74d7	2026-01-21	EUR	75.00	t	74bd5837
544c1ea7	fc55b3c4	2026-01-27	EUR	2672.00	f	2eccc504
d89cbe0d	86a8b017	2026-01-23	EUR	558.00	f	1f85f9a0
dd30dd60	86a8b017	2026-01-23	EUR	655.00	t	973107bd
87a9df2f	86a8b017	2026-01-26	EUR	531.00	t	1ff87055
7755b57f	3aaf0cc6	2026-01-22	EUR	221.00	t	973107bd
95b0588b	3aaf0cc6	2026-01-20	EUR	239.00	f	2eccc504
9442b1ad	3aaf0cc6	2026-01-25	EUR	136.00	t	1ff87055
c2adc12c	4c9692b3	2026-01-24	EUR	239.00	t	1f85f9a0
97ef2a0c	fc55b3c4	2026-01-22	EUR	2426.00	t	6e85c335
bfc5c8d8	4c9692b3	2026-01-22	EUR	248.00	f	6e85c335
cd0136d5	3aaf0cc6	2026-01-21	EUR	151.00	t	1ff87055
c53be58f	3aaf0cc6	2026-01-27	EUR	211.00	f	973107bd
62925ad0	fc55b3c4	2026-01-27	EUR	2437.00	f	47e3e589
89568f9d	3aaf0cc6	2026-01-20	EUR	164.00	t	6e85c335
8ab6b1d8	e5d181db	2026-01-26	EUR	595.00	t	47e3e589
d35d2917	86a8b017	2026-01-25	EUR	589.00	t	30703f70
314034ff	86a8b017	2026-01-25	EUR	799.00	t	74bd5837
5625173b	8d1f74d7	2026-01-21	EUR	71.00	f	74bd5837
0c0b4555	4c9692b3	2026-01-24	EUR	272.00	f	973107bd
f4c08b3c	3aaf0cc6	2026-01-24	EUR	186.00	t	74bd5837
77f2d98f	3aaf0cc6	2026-01-20	EUR	204.00	t	973107bd
5134ca90	e5d181db	2026-01-21	EUR	636.00	t	47e3e589
5d0ca742	4c9692b3	2026-01-23	EUR	175.00	t	973107bd
10839f11	fc55b3c4	2026-01-23	EUR	1938.00	t	973107bd
d20c6912	3aaf0cc6	2026-01-24	EUR	166.00	f	30703f70
6dc02fd1	fc55b3c4	2026-01-25	EUR	2691.00	f	1f85f9a0
8e7fbf5b	e5d181db	2026-01-25	EUR	703.00	f	6e85c335
041e759b	3aaf0cc6	2026-01-22	EUR	168.00	f	973107bd
90f98307	4c9692b3	2026-01-20	EUR	244.00	f	74bd5837
6c7a03d9	fc55b3c4	2026-01-27	EUR	2277.00	f	1f85f9a0
1c38cc49	fc55b3c4	2026-01-26	EUR	2047.00	f	74bd5837
b83c9f7c	e5d181db	2026-01-20	EUR	835.00	f	47e3e589
b0e7015f	fc55b3c4	2026-01-20	EUR	2733.00	f	1f85f9a0
36ee3c83	fc55b3c4	2026-01-27	EUR	1508.00	f	47e3e589
bab90241	8d1f74d7	2026-01-21	EUR	106.00	t	1ff87055
ed3b9f2c	4c9692b3	2026-01-23	EUR	238.00	t	1f85f9a0
9a6fe2b7	8d1f74d7	2026-01-25	EUR	77.00	t	6e85c335
ba1cb8b7	e5d181db	2026-01-23	EUR	469.00	t	6e85c335
98bc1bc9	8d1f74d7	2026-01-20	EUR	135.00	t	47e3e589
532ce426	e5d181db	2026-01-27	EUR	457.00	f	30703f70
98ae3ce0	8d1f74d7	2026-01-21	EUR	88.00	t	2eccc504
672c2fd4	86a8b017	2026-01-23	EUR	522.00	f	47e3e589
649fda01	8d1f74d7	2026-01-25	EUR	143.00	t	973107bd
ab8a5308	e5d181db	2026-01-24	EUR	687.00	f	2eccc504
94048fe7	8d1f74d7	2026-01-26	EUR	89.00	t	1f85f9a0
c046eddc	86a8b017	2026-01-25	EUR	557.00	t	2eccc504
c4d3d000	86a8b017	2026-01-21	EUR	562.00	f	1f85f9a0
8cdfbbde	8d1f74d7	2026-01-22	EUR	73.00	t	973107bd
0aebb899	8d1f74d7	2026-01-22	EUR	146.00	t	47e3e589
3e5ec2d5	4c9692b3	2026-01-25	EUR	215.00	f	973107bd
af76fb9d	3aaf0cc6	2026-01-25	EUR	137.00	f	30703f70
c926f132	3aaf0cc6	2026-01-21	EUR	126.00	t	74bd5837
1bc4733f	fc55b3c4	2026-01-23	EUR	1545.00	f	74bd5837
5b49aec2	4c9692b3	2026-01-21	EUR	272.00	f	1ff87055
f896307b	e5d181db	2026-01-21	EUR	1178.00	f	973107bd
0ffdc485	8d1f74d7	2026-01-20	EUR	123.00	f	1f85f9a0
01e91933	8d1f74d7	2026-01-24	EUR	119.00	t	1f85f9a0
e9872307	86a8b017	2026-01-27	EUR	793.00	t	1ff87055
5a334d37	86a8b017	2026-01-26	EUR	615.00	f	6e85c335
27f8481c	3aaf0cc6	2026-01-21	EUR	131.00	f	30703f70
0154b83e	fc55b3c4	2026-01-23	EUR	2840.00	t	6e85c335
f9853beb	a6065b00	2026-01-24	EUR	862.00	t	2eccc504
148314c9	a6065b00	2026-01-24	EUR	1237.00	t	2eccc504
379aa715	3aaf0cc6	2026-01-25	EUR	159.00	f	2eccc504
b2be6cd5	fc55b3c4	2026-01-21	EUR	1720.00	f	2eccc504
da92079c	86a8b017	2026-01-23	EUR	470.00	f	6e85c335
572e465c	8d1f74d7	2026-01-20	EUR	134.00	f	2eccc504
6cb52fca	3aaf0cc6	2026-01-25	EUR	247.00	t	2eccc504
95ca7fd4	86a8b017	2026-01-20	EUR	807.00	t	74bd5837
be25ab0c	a6065b00	2026-01-21	EUR	1153.00	t	6e85c335
6983bc6a	fc55b3c4	2026-01-24	EUR	2470.00	f	1f85f9a0
674549a7	fc55b3c4	2026-01-24	EUR	2415.00	t	74bd5837
69d8cc4a	86a8b017	2026-01-21	EUR	453.00	f	973107bd
752f115b	fc55b3c4	2026-01-23	EUR	2616.00	t	47e3e589
101a48a2	3aaf0cc6	2026-01-27	EUR	235.00	f	973107bd
5c483630	3aaf0cc6	2026-01-20	EUR	205.00	t	1ff87055
a186c69e	e5d181db	2026-01-26	EUR	749.00	f	30703f70
90a4ab48	a6065b00	2026-01-24	EUR	1418.00	f	2eccc504
95ebedc3	e5d181db	2026-01-24	EUR	579.00	f	47e3e589
47afa6de	8d1f74d7	2026-01-25	EUR	123.00	f	1ff87055
e6e621a5	a6065b00	2026-01-24	EUR	1969.00	f	1f85f9a0
a60ed1a9	a6065b00	2026-01-21	EUR	1821.00	f	74bd5837
ee7de801	3aaf0cc6	2026-01-25	EUR	217.00	f	30703f70
23429d78	a6065b00	2026-01-25	EUR	1134.00	f	1f85f9a0
7fc1fca2	3aaf0cc6	2026-01-20	EUR	219.00	f	2eccc504
0809fb98	3aaf0cc6	2026-01-24	EUR	179.00	f	1ff87055
5d6b90a7	fc55b3c4	2026-01-23	EUR	2507.00	t	74bd5837
f2a2722d	1ad4f8c1	2026-01-27	EUR	766.00	t	1f85f9a0
3dbebd99	8d1f74d7	2026-01-22	EUR	78.00	f	973107bd
f0f5d9d2	3aaf0cc6	2026-01-24	EUR	246.00	f	2eccc504
e2361efd	86a8b017	2026-01-21	EUR	849.00	t	30703f70
88cf6e7a	86a8b017	2026-01-23	EUR	740.00	f	6e85c335
48ece069	3aaf0cc6	2026-01-24	EUR	238.00	t	74bd5837
8b690507	1ad4f8c1	2026-01-26	EUR	1220.00	f	30703f70
f8b25092	a6065b00	2026-01-23	EUR	873.00	f	2eccc504
89e91f20	3aaf0cc6	2026-01-22	EUR	143.00	t	47e3e589
e412a05b	3aaf0cc6	2026-01-23	EUR	163.00	t	973107bd
84ac7e46	1ad4f8c1	2026-01-23	EUR	1226.00	f	47e3e589
918d1d6b	3aaf0cc6	2026-01-24	EUR	155.00	f	30703f70
b0bdbae5	8d1f74d7	2026-01-27	EUR	100.00	f	74bd5837
f7aad1bc	fc55b3c4	2026-01-27	EUR	1410.00	t	6e85c335
6a128067	e5d181db	2026-01-20	EUR	794.00	f	1ff87055
408302f6	86a8b017	2026-01-22	EUR	613.00	f	74bd5837
7e5483e3	a6065b00	2026-01-25	EUR	1585.00	f	973107bd
9fd7c19a	a6065b00	2026-01-24	EUR	1804.00	f	47e3e589
c28a0b7a	a6065b00	2026-01-25	EUR	814.00	t	6e85c335
66a088d8	a6065b00	2026-01-25	EUR	806.00	t	2eccc504
36a8e1aa	a6065b00	2026-01-20	EUR	1908.00	f	6e85c335
05fcbcbd	a6065b00	2026-01-23	EUR	1487.00	f	1ff87055
6bb15256	a6065b00	2026-01-25	EUR	1366.00	t	2eccc504
44415adc	a6065b00	2026-01-27	EUR	1674.00	f	74bd5837
0b087823	a6065b00	2026-01-23	EUR	1392.00	t	47e3e589
ad7fe7dc	a6065b00	2026-01-22	EUR	1616.00	f	1f85f9a0
7730896a	a6065b00	2026-01-22	EUR	1630.00	t	1ff87055
8264c443	a6065b00	2026-01-27	EUR	1391.00	f	47e3e589
2d76e24a	a6065b00	2026-01-25	EUR	1884.00	f	47e3e589
bb224b1a	a6065b00	2026-01-27	EUR	1772.00	t	47e3e589
879e1eef	a6065b00	2026-01-21	EUR	1201.00	t	30703f70
e8125cf5	a6065b00	2026-01-26	EUR	1612.00	t	6e85c335
de453e36	a6065b00	2026-01-20	EUR	1627.00	f	1ff87055
fa8289b0	a6065b00	2026-01-27	EUR	1396.00	f	30703f70
c6765b22	a6065b00	2026-01-22	EUR	1204.00	t	1f85f9a0
3fd0a5d2	a6065b00	2026-01-23	EUR	1777.00	f	973107bd
e05bfdab	a6065b00	2026-01-26	EUR	1336.00	f	6e85c335
106a374b	a6065b00	2026-01-26	EUR	973.00	t	30703f70
1cb06c91	a6065b00	2026-01-21	EUR	1678.00	f	2eccc504
b13fa5d4	a6065b00	2026-01-21	EUR	1658.00	t	2eccc504
eaee6e67	a6065b00	2026-01-21	EUR	1043.00	t	30703f70
e8485d3e	a6065b00	2026-01-23	EUR	1310.00	t	2eccc504
51f10dd9	a6065b00	2026-01-26	EUR	1616.00	f	6e85c335
6bda9fdc	a6065b00	2026-01-22	EUR	1689.00	f	6e85c335
36bbb6df	a6065b00	2026-01-22	EUR	1308.00	t	74bd5837
cfc0df68	a6065b00	2026-01-23	EUR	1718.00	f	47e3e589
bbc328d8	a6065b00	2026-01-21	EUR	1696.00	t	1ff87055
84083521	a6065b00	2026-01-27	EUR	1095.00	f	47e3e589
4d480ad7	a6065b00	2026-01-26	EUR	1329.00	t	6e85c335
7b456864	a6065b00	2026-01-24	EUR	1042.00	t	973107bd
8e325d6a	a6065b00	2026-01-24	EUR	1210.00	f	30703f70
ae792eae	a6065b00	2026-01-26	EUR	1320.00	f	74bd5837
95f2cbe9	a6065b00	2026-01-24	EUR	1298.00	t	74bd5837
53f0e0e9	a6065b00	2026-01-26	EUR	1731.00	t	74bd5837
92fd8900	a6065b00	2026-01-20	EUR	1920.00	t	973107bd
d9793f09	a6065b00	2026-01-26	EUR	1348.00	t	1f85f9a0
a28962d3	a6065b00	2026-01-23	EUR	1505.00	f	1f85f9a0
18922680	a6065b00	2026-01-25	EUR	1208.00	t	2eccc504
f8663d74	a6065b00	2026-01-20	EUR	1681.00	t	973107bd
0a3a9911	1ad4f8c1	2026-01-27	EUR	1469.00	f	74bd5837
a7e2d3e6	1ad4f8c1	2026-01-22	EUR	1486.00	t	1f85f9a0
c2d5453a	1ad4f8c1	2026-01-23	EUR	1291.00	t	6e85c335
94df7a9c	1ad4f8c1	2026-01-20	EUR	1165.00	f	2eccc504
e1f20eeb	1ad4f8c1	2026-01-21	EUR	694.00	f	1ff87055
a53630d6	1ad4f8c1	2026-01-25	EUR	1278.00	f	30703f70
79c3fc92	1ad4f8c1	2026-01-24	EUR	1000.00	f	1ff87055
7450758e	1ad4f8c1	2026-01-22	EUR	1172.00	f	2eccc504
e2b038e8	1ad4f8c1	2026-01-20	EUR	835.00	f	2eccc504
c6a07a5e	1ad4f8c1	2026-01-27	EUR	1155.00	t	1f85f9a0
ae79524d	1ad4f8c1	2026-01-25	EUR	1439.00	f	30703f70
dcfed747	1ad4f8c1	2026-01-25	EUR	1208.00	f	47e3e589
1ceb7cbc	1ad4f8c1	2026-01-24	EUR	742.00	f	30703f70
d5ef2e68	1ad4f8c1	2026-01-25	EUR	1233.00	t	2eccc504
d1f997ec	1ad4f8c1	2026-01-26	EUR	825.00	f	74bd5837
4a66a5c1	1ad4f8c1	2026-01-26	EUR	1461.00	f	1ff87055
5c19ad08	1ad4f8c1	2026-01-21	EUR	1408.00	f	6e85c335
5a6d8530	1ad4f8c1	2026-01-25	EUR	1236.00	t	1ff87055
681f7178	1ad4f8c1	2026-01-21	EUR	715.00	t	1ff87055
f837e3a5	1ad4f8c1	2026-01-25	EUR	1307.00	f	973107bd
aee80933	1ad4f8c1	2026-01-24	EUR	1352.00	t	1ff87055
aa65bb71	1ad4f8c1	2026-01-21	EUR	932.00	t	1ff87055
3b529ea0	1ad4f8c1	2026-01-23	EUR	820.00	t	973107bd
faee38bb	1ad4f8c1	2026-01-27	EUR	761.00	t	30703f70
7cc142a2	1ad4f8c1	2026-01-23	EUR	760.00	f	74bd5837
79d9285f	1ad4f8c1	2026-01-21	EUR	1463.00	t	30703f70
4069b570	1ad4f8c1	2026-01-25	EUR	1436.00	f	47e3e589
b3d5aadd	1ad4f8c1	2026-01-25	EUR	1195.00	t	30703f70
cada7385	1ad4f8c1	2026-01-22	EUR	816.00	t	6e85c335
007b5924	1ad4f8c1	2026-01-22	EUR	726.00	f	973107bd
20b0746e	1ad4f8c1	2026-01-23	EUR	790.00	f	973107bd
91f26eeb	1ad4f8c1	2026-01-21	EUR	1454.00	f	6e85c335
daebc1dc	4c9692b3	2026-01-27	EUR	181.00	t	74bd5837
11118990	4c9692b3	2026-01-23	EUR	233.00	f	6e85c335
2369598b	4c9692b3	2026-01-21	EUR	229.00	t	1f85f9a0
b3bf1611	4c9692b3	2026-01-27	EUR	156.00	f	1f85f9a0
96660247	4c9692b3	2026-01-24	EUR	253.00	f	1f85f9a0
c8c3ba47	4c9692b3	2026-01-26	EUR	222.00	t	30703f70
80cf7161	4c9692b3	2026-01-22	EUR	240.00	f	1ff87055
83c46723	4c9692b3	2026-01-24	EUR	178.00	f	1f85f9a0
93945e94	4c9692b3	2026-01-21	EUR	149.00	t	1ff87055
f3d3731e	4c9692b3	2026-01-23	EUR	232.00	f	1f85f9a0
f26c4168	4c9692b3	2026-01-27	EUR	183.00	t	74bd5837
6911e386	4c9692b3	2026-01-22	EUR	155.00	f	1f85f9a0
ed94646f	4c9692b3	2026-01-20	EUR	218.00	f	1ff87055
de011f89	4c9692b3	2026-01-27	EUR	175.00	t	973107bd
e9ad40cc	4c9692b3	2026-01-26	EUR	195.00	f	1f85f9a0
516c1d9e	4c9692b3	2026-01-23	EUR	177.00	t	1f85f9a0
5b4f4322	4c9692b3	2026-01-21	EUR	228.00	f	30703f70
db56e869	4c9692b3	2026-01-20	EUR	183.00	f	2eccc504
315e48f7	4c9692b3	2026-01-27	EUR	257.00	t	2eccc504
4d1d9a4d	4c9692b3	2026-01-23	EUR	154.00	f	973107bd
dca9ba6b	4c9692b3	2026-01-22	EUR	267.00	t	2eccc504
a72a38f7	4c9692b3	2026-01-26	EUR	197.00	t	6e85c335
edd795b2	4c9692b3	2026-01-22	EUR	223.00	f	1ff87055
\.


--
-- Data for Name: hotels; Type: TABLE DATA; Schema: travel; Owner: postgres
--

COPY travel.hotels (hotel_id, name, chain, city, country, lat, lon, stars) FROM stdin;
3aaf0cc6	Hotel Centro	UrbanStay	Madrid	Spain	40.416800	-3.703800	4
4c9692b3	Hotel Mar	CoastInn	Barcelona	Spain	41.385100	2.173400	4
1ad4f8c1	Le Meurice	Hotels	Paris	France	48.865800	2.327500	5
86a8b017	Hotel Cap Rocat	Hotel	Palma	Spain	39.533100	2.581900	5
a6065b00	The Plaza	FamousHotels	New York	USA	40.764400	-73.974200	5
fc55b3c4	Burj Al Arab Jumeirah	LuxuryStays	Dubai	UAE	25.141200	55.185300	5
8d1f74d7	Los Tajibos Hotel	Hotel	Santa Cruz	Bolivia	-17.775600	-63.197400	3
e5d181db	The Savoy	Hotel	London	United Kingdom	51.510500	-0.120700	5
\.


--
-- Data for Name: inventory; Type: TABLE DATA; Schema: travel; Owner: postgres
--

COPY travel.inventory (inventory_id, hotel_id, date, allotment_total, allotment_sold, release_period_days) FROM stdin;
297e3f78	3aaf0cc6	2026-01-20	25	17	0
060437e0	3aaf0cc6	2026-01-21	32	2	3
a64455d8	3aaf0cc6	2026-01-22	34	22	0
d4f6fe10	3aaf0cc6	2026-01-23	35	24	0
86d7b986	3aaf0cc6	2026-01-24	38	29	0
98d27381	3aaf0cc6	2026-01-25	26	11	0
9aac39b5	3aaf0cc6	2026-01-26	35	7	3
3e81844b	3aaf0cc6	2026-01-27	39	26	1
06c226f0	4c9692b3	2026-01-20	17	5	3
f61ce7d7	4c9692b3	2026-01-21	31	5	2
390681f3	4c9692b3	2026-01-22	16	12	3
53cff984	4c9692b3	2026-01-23	26	9	2
96153b4a	4c9692b3	2026-01-24	38	3	3
d6f767a5	4c9692b3	2026-01-25	19	3	2
11961d12	4c9692b3	2026-01-26	30	4	1
2f07854f	4c9692b3	2026-01-27	39	3	3
2ede2bf7	1ad4f8c1	2026-01-20	10	9	3
bc2862c5	1ad4f8c1	2026-01-21	39	2	2
e048447d	1ad4f8c1	2026-01-22	13	3	1
7dfcc45b	1ad4f8c1	2026-01-23	21	6	1
da27bb7f	1ad4f8c1	2026-01-24	29	22	3
5c4ba26a	1ad4f8c1	2026-01-25	29	16	1
f66ee8f8	1ad4f8c1	2026-01-26	24	5	2
398af756	1ad4f8c1	2026-01-27	22	5	2
e7fd0f47	86a8b017	2026-01-20	30	17	3
6d0ea40d	86a8b017	2026-01-21	37	16	3
8577a9f7	86a8b017	2026-01-22	38	25	2
5aca4860	86a8b017	2026-01-23	31	17	0
730d1893	86a8b017	2026-01-24	25	7	3
a2a67c25	86a8b017	2026-01-25	11	3	1
6fe5a3df	86a8b017	2026-01-26	35	24	2
77ac29fd	86a8b017	2026-01-27	35	3	1
0312a5ee	a6065b00	2026-01-21	38	23	3
4704ac1e	a6065b00	2026-01-22	35	15	3
28a04a1c	a6065b00	2026-01-23	29	27	1
14b8bf36	a6065b00	2026-01-24	23	5	2
e3cdc412	a6065b00	2026-01-25	14	4	1
1436e1ca	a6065b00	2026-01-26	30	23	2
ada04bf1	a6065b00	2026-01-27	26	17	0
f90ed11c	fc55b3c4	2026-01-20	14	9	1
055d00c8	fc55b3c4	2026-01-21	10	3	1
eb5b74f0	fc55b3c4	2026-01-22	36	8	0
13ddf273	fc55b3c4	2026-01-23	21	8	0
7f28947a	fc55b3c4	2026-01-24	38	30	3
10ac40fb	fc55b3c4	2026-01-25	12	11	2
35ff87bc	fc55b3c4	2026-01-26	10	3	3
3cc0d7a8	fc55b3c4	2026-01-27	16	2	3
6c8ed661	8d1f74d7	2026-01-20	16	1	3
0dc094dc	8d1f74d7	2026-01-21	26	15	1
f64a92d5	8d1f74d7	2026-01-22	40	19	2
aa4758ff	8d1f74d7	2026-01-23	19	12	0
1061b139	8d1f74d7	2026-01-24	27	9	3
3d53afbd	8d1f74d7	2026-01-25	31	22	0
f6c0197c	8d1f74d7	2026-01-26	21	2	1
cca17c47	8d1f74d7	2026-01-27	13	10	3
e55d1c96	e5d181db	2026-01-20	31	14	0
e51beeb8	e5d181db	2026-01-21	30	14	0
6fdd1100	e5d181db	2026-01-22	37	24	3
3c584bba	e5d181db	2026-01-23	17	9	0
2be17949	e5d181db	2026-01-25	38	9	2
868d0291	e5d181db	2026-01-26	30	12	2
f1327448	e5d181db	2026-01-27	40	21	3
454ed013	a6065b00	2026-01-20	38	3	3
807b2d30	e5d181db	2026-01-24	24	5	1
\.


--
-- Data for Name: payments; Type: TABLE DATA; Schema: travel; Owner: postgres
--

COPY travel.payments (payment_id, method, amount, currency, status, authorization_code, created_at, customer_id) FROM stdin;
4862d582	CARD	165.77	EUR	CONFIRMED	c13c4bf9	2026-02-04 12:50:01+01	8a4b2262
c95d9b05	PAYPAL	861.22	EUR	AUTORIZED	3a96180d	2026-02-05 07:29:19+01	aa0c0083
05fad19a	CARD	173.03	EUR	AUTORIZED	9a6a8eaf	2026-02-03 02:39:51+01	d40b3a36
b261a1ed	PAYPAL	73.81	EUR	FAILED	d85b37aa	2026-02-05 09:39:31+01	325086de
33e09c42	PAYPAL	54.45	EUR	AUTORIZED	bef06b19	2026-01-24 18:11:03+01	518abb91
c90ea7f1	CARD	75.02	EUR	AUTORIZED	4f1adc6d	2026-02-07 00:46:52+01	6f3df24c
de8b8991	CARD	9474.85	EUR	CANCELLED	b4894d2d	2026-02-07 00:46:52+01	51229442
80cd901e	CARD	2551.43	EUR	FAILED	7dbe21d1	2026-02-07 00:46:52+01	94ba147e
4f65dcac	PAYPAL	7755.19	EUR	CONFIRMED	f467245d	2026-02-05 07:37:23+01	95239495
341a84c0	CARD	324.85	EUR	CONFIRMED	92d140bb	2026-02-05 15:48:53+01	0acd98ff
37828cf6	CARD	133.00	EUR	FAILED	d4299a36	2026-02-05 09:39:31+01	94ba147e
fc765369	CARD	386.91	EUR	AUTORIZED	e95eb371	2026-01-24 18:11:03+01	9d70c17c
bbcd664f	CARD	214.33	EUR	FAILED	baef64fc	2026-01-31 11:03:50+01	f104edbc
27f176b8	PAYPAL	230.11	EUR	CANCELLED	e51d0ad2	2026-01-27 21:14:25+01	2fee01ed
91623ff0	CARD	469.50	EUR	CANCELLED	5167a7b3	2026-01-27 21:14:25+01	c62981b9
0bbd51f2	CARD	145.20	EUR	CANCELLED	65314251	2026-02-02 05:37:32+01	114db53d
48275bcf	CARD	79.86	EUR	AUTORIZED	1fc005bc	2026-02-03 02:39:51+01	3d5bf0c3
1ba39744	CARD	5461.47	EUR	AUTORIZED	54d01311	2026-02-05 07:37:23+01	e3c87aa6
0ee86e72	PAYPAL	248.80	EUR	CONFIRMED	9ca662e8	2026-02-05 07:29:19+01	5c285415
d791afb6	CARD	99.22	EUR	CANCELLED	c0e9e6d9	2026-02-06 11:21:02+01	cc6a14d7
4c8c1094	CARD	2741.29	EUR	AUTORIZED	1fb4ad86	2026-02-05 09:39:31+01	a74190bc
6e3db31b	PAYPAL	186.34	EUR	FAILED	7f238d68	2026-02-04 12:50:01+01	1269c89f
b5cba010	CARD	9634.91	EUR	FAILED	d68085e5	2026-02-05 07:29:19+01	4515e051
93a362cb	CARD	1730.39	EUR	AUTORIZED	ec2d1945	2026-02-06 11:21:02+01	8582671b
b07802d8	PAYPAL	187.55	EUR	CONFIRMED	8d5e8738	2026-02-05 15:48:53+01	402defd3
10bb024a	CARD	1734.74	EUR	CANCELLED	b1ea4bdb	2026-02-01 23:42:05+01	d2423176
a101a26b	CARD	198.83	EUR	AUTORIZED	0952b06b	2026-02-02 05:37:32+01	1bd5ed57
b26ddeb0	PAYPAL	2286.68	EUR	FAILED	b4d44029	2026-02-03 02:39:51+01	70fe874b
1ad42e91	CARD	13684.93	EUR	FAILED	6771fafa	2026-02-07 00:46:52+01	0e4f72f2
4f2233c5	PAYPAL	116.16	EUR	CANCELLED	1c29b10f	2026-02-05 07:37:23+01	b81e911b
91e3239c	CARD	135.52	EUR	CONFIRMED	4ebdcb45	2026-01-27 21:14:25+01	99f2e8b7
00c21c57	CARD	661.34	EUR	AUTORIZED	ee36620e	2026-02-06 11:21:02+01	01a4334e
95681cb0	PAYPAL	48.40	EUR	CANCELLED	7fe86b7a	2026-02-05 07:37:23+01	063de543
1de3c039	CARD	87.12	EUR	AUTORIZED	f11280e1	2026-02-05 15:48:53+01	9e88aaa4
3726ce70	CARD	642.15	EUR	FAILED	6660a257	2026-01-31 11:03:50+01	c75f27fb
00ce414a	CARD	3016.32	EUR	CONFIRMED	31baaa68	2026-02-01 22:15:19+01	caee2576
db6c83ae	PAYPAL	19252.17	EUR	AUTORIZED	da0c568d	2026-02-01 23:42:05+01	b3a28585
ba4d6a6f	PAYPAL	6624.42	EUR	FAILED	02f01e79	2026-02-07 00:46:52+01	b3a28585
8bfcc34e	PAYPAL	463.97	EUR	CANCELLED	d9281dd0	2026-02-01 18:02:24+01	e96e3c94
7366392e	CARD	5158.22	EUR	CONFIRMED	13e4a0bb	2026-02-04 12:50:01+01	57905a5c
01420040	CARD	88.33	EUR	AUTORIZED	0de22f74	2026-02-02 05:37:32+01	03f27563
f0b8c829	CARD	143.99	EUR	CANCELLED	e7b500fd	2026-02-06 11:21:02+01	29e8ff76
76caf852	CARD	76.23	EUR	CONFIRMED	565e29c5	2026-02-04 12:50:01+01	02b5a103
27593029	PAYPAL	853.93	EUR	AUTORIZED	c4f9d37a	2026-01-24 18:11:03+01	02b5a103
26448e6d	CARD	473.93	EUR	CONFIRMED	ea8fbc79	2026-02-05 09:39:31+01	bd357688
7a532508	CARD	88.33	EUR	AUTORIZED	f641deba	2026-01-31 11:03:50+01	e9bec207
59655c2e	PAYPAL	2424.62	EUR	CONFIRMED	374d227b	2026-02-06 11:21:02+01	74e941eb
84f774a3	CARD	1514.77	EUR	AUTORIZED	c3ee69e1	2026-02-05 07:37:23+01	bd8d258c
8d43750f	CARD	114.95	EUR	AUTORIZED	707a2f1e	2026-02-01 18:02:24+01	0c004ba0
949cd8e0	PAYPAL	1757.15	EUR	CONFIRMED	41afd8b9	2026-02-05 09:39:31+01	406416dd
42ea6fb4	CARD	55.66	EUR	CONFIRMED	6864deee	2026-02-01 18:02:24+01	107484d5
b50c9e6d	PAYPAL	136.73	EUR	CANCELLED	b9994822	2026-02-06 11:21:02+01	f215ee7a
f89ae312	PAYPAL	645.10	EUR	CONFIRMED	0ec31412	2026-02-03 02:39:51+01	5c1272b3
c5794d64	CARD	153.83	EUR	CANCELLED	2187a225	2026-02-07 00:46:52+01	9d70c17c
1b3a933d	PAYPAL	1312.88	EUR	CANCELLED	1c304c95	2026-02-01 18:02:24+01	edfd3a41
66a06d1e	CARD	134.31	EUR	CONFIRMED	0edbf5dd	2026-02-02 05:37:32+01	ca875942
36426e49	CARD	4112.69	EUR	FAILED	dc2da913	2026-02-04 12:50:01+01	1bd5ed57
7a011334	PAYPAL	2282.29	EUR	CONFIRMED	3cbcdc8f	2026-02-05 07:37:23+01	25c4b28f
0a9a77f3	CARD	18809.96	EUR	CONFIRMED	cf76164b	2026-02-02 05:37:32+01	8a4b2262
1f635f49	PAYPAL	70.18	EUR	FAILED	291bf0c7	2026-01-31 11:03:50+01	74ecdd17
86001ef5	PAYPAL	583.87	EUR	AUTORIZED	0511462c	2026-02-05 07:29:19+01	a88786fe
14864095	PAYPAL	137.94	EUR	CANCELLED	fd8758a5	2026-02-05 07:29:19+01	51229442
47e5aa84	PAYPAL	153.83	EUR	AUTORIZED	8d718922	2026-02-01 23:42:05+01	8c9cd4c2
fb908809	CARD	56.87	EUR	FAILED	4be2036d	2026-01-24 18:11:03+01	6b3097b6
396e7074	PAYPAL	118.58	EUR	CANCELLED	9e2e1c60	2026-02-07 00:46:52+01	f8b1e349
56ff2c8f	PAYPAL	1733.53	EUR	AUTORIZED	5b026346	2026-02-02 05:37:32+01	be170500
73d36564	CARD	284.38	EUR	AUTORIZED	b883cab7	2026-01-31 11:03:50+01	9e88aaa4
3697b657	CARD	929.33	EUR	CONFIRMED	85db1e95	2026-02-01 23:42:05+01	a8e00fa8
f97a7c1e	PAYPAL	117.37	EUR	AUTORIZED	03594f35	2026-02-01 23:42:05+01	0acd98ff
0008ed71	PAYPAL	84.70	EUR	CONFIRMED	bedb2bad	2026-02-05 15:48:53+01	01a4334e
c58c28ee	PAYPAL	93.17	EUR	AUTORIZED	9a5fc50f	2026-02-01 22:15:19+01	76a74baf
c9043717	CARD	2835.67	EUR	CANCELLED	520f8cea	2026-02-07 00:46:52+01	3dada837
c7b7a074	PAYPAL	929.33	EUR	AUTORIZED	fcc4fd53	2026-02-05 07:29:19+01	77e848b5
3ffcd1f0	CARD	1366.73	EUR	AUTORIZED	aa29e943	2026-02-05 07:29:19+01	01a4334e
00ffaf5f	PAYPAL	84.70	EUR	FAILED	19a61e8b	2026-01-24 18:11:03+01	6b6b6da2
f2e8540b	PAYPAL	1318.26	EUR	CONFIRMED	4f8d35fa	2026-02-04 12:50:01+01	fa5ea4c5
bb058fa5	PAYPAL	143.99	EUR	CANCELLED	5b0f784f	2026-02-06 11:21:02+01	9360edf2
ab5a7771	CARD	8791.19	EUR	CONFIRMED	157862f6	2026-02-05 09:39:31+01	1af22276
7a5e408f	PAYPAL	805.44	EUR	AUTORIZED	7844a1ac	2026-01-27 21:14:25+01	29696027
68e0d9d5	CARD	88.33	EUR	CANCELLED	8a4aae68	2026-02-01 18:02:24+01	4fb1a934
cfcd4e4c	CARD	116.16	EUR	CONFIRMED	2271821c	2026-02-05 09:39:31+01	de869752
1c338c01	PAYPAL	11132.12	EUR	CANCELLED	a6cb7a2d	2026-02-01 18:02:24+01	59540e34
d873f7f4	CARD	102.85	EUR	AUTORIZED	8a509f34	2026-02-01 22:15:19+01	ff5c0ad3
a2127cdd	PAYPAL	231.96	EUR	AUTORIZED	307845f2	2026-02-05 07:37:23+01	f8701f78
e32d43bb	CARD	922.41	EUR	CONFIRMED	4cc369b3	2026-02-05 07:29:19+01	aa914110
4b2ec42c	CARD	180.29	EUR	CONFIRMED	6698480b	2026-02-01 18:02:24+01	b43fdba1
49a4c099	CARD	2785.37	EUR	CANCELLED	8d41aa76	2026-01-31 11:03:50+01	c5007c53
b0526ecb	CARD	178.50	EUR	AUTORIZED	c0af67a3	2026-02-06 11:21:02+01	f08f881b
c26ab270	CARD	170.61	EUR	FAILED	a497cc84	2026-02-06 11:21:02+01	844f140d
c377254d	PAYPAL	187.55	EUR	CANCELLED	045057e6	2026-02-05 15:48:53+01	e1118880
c6b8b220	CARD	66.55	EUR	FAILED	c9c8b82a	2026-02-01 23:42:05+01	43480a39
af22a5b6	CARD	158.51	EUR	AUTORIZED	fb724f8d	2026-01-27 21:14:25+01	74ecdd17
3130dbe6	CARD	12284.96	EUR	FAILED	5862a9ae	2026-02-05 07:37:23+01	5881435d
2a06466d	PAYPAL	3151.14	EUR	FAILED	5c56b5bf	2026-02-03 02:39:51+01	497fb030
337caea4	CARD	2424.62	EUR	CANCELLED	a461323c	2026-02-03 02:39:51+01	107484d5
0b554954	PAYPAL	1069.31	EUR	AUTORIZED	46646750	2026-02-03 02:39:51+01	13e9a3ab
082406d1	PAYPAL	454.45	EUR	AUTORIZED	01a91d34	2026-02-01 18:02:24+01	cb047f4f
3d364908	PAYPAL	1734.74	EUR	FAILED	15dae672	2026-02-06 11:21:02+01	5c1272b3
9539b53c	PAYPAL	99.22	EUR	AUTORIZED	dc93afd5	2026-02-05 07:29:19+01	baebc1a2
a6f0149f	PAYPAL	182.71	EUR	CANCELLED	11c17f44	2026-01-27 21:14:25+01	6881d5df
d97bef90	CARD	2723.42	EUR	FAILED	095e5677	2026-02-05 07:37:23+01	3dada837
6e4ba709	CARD	2551.43	EUR	CONFIRMED	efc5ffde	2026-02-07 00:46:52+01	c3fc1ab2
1fc3237b	PAYPAL	1059.04	EUR	CONFIRMED	126cc87d	2026-01-24 18:11:03+01	344c0cc0
30419e20	CARD	147.62	EUR	FAILED	17cbebd6	2026-01-27 21:14:25+01	c8828009
c9f6c792	CARD	248.80	EUR	CONFIRMED	8f5761f8	2026-02-01 23:42:05+01	c17aa6c1
c74ec9e2	CARD	219.30	EUR	AUTORIZED	173e67ff	2026-02-05 07:37:23+01	13567de0
03b8190c	PAYPAL	156.09	EUR	AUTORIZED	06bcfad3	2026-02-07 00:46:52+01	262106e5
37827f0d	PAYPAL	77.44	EUR	CANCELLED	52fd567f	2026-01-27 21:14:25+01	b65a4092
4ea3bc2e	PAYPAL	84.70	EUR	FAILED	9bff66eb	2026-02-02 05:37:32+01	1f9779a5
a92b2952	CARD	71.39	EUR	AUTORIZED	ddd81b25	2026-01-27 21:14:25+01	aa914110
49fc0cac	PAYPAL	89.54	EUR	CANCELLED	7388b575	2026-01-31 11:03:50+01	267866bf
b8a0732d	PAYPAL	4522.75	EUR	CANCELLED	14e91895	2026-02-05 07:37:23+01	e094871a
64e6cfdb	CARD	174.24	EUR	FAILED	1de7a74a	2026-02-05 07:37:23+01	90eb48ab
2ae70d8a	CARD	1526.06	EUR	CANCELLED	ff214649	2026-02-01 18:02:24+01	4f911c69
7cfbfd72	CARD	81.07	EUR	CANCELLED	bb7413b0	2026-02-01 18:02:24+01	1269c89f
ea9df50e	CARD	73.81	EUR	FAILED	84cc2798	2026-02-01 18:02:24+01	8b4b7180
d5516cb0	PAYPAL	899.34	EUR	CANCELLED	86414d82	2026-02-01 22:15:19+01	a88786fe
1d20585c	PAYPAL	3524.96	EUR	FAILED	7cb6ac0d	2026-02-03 02:39:51+01	26f1e58a
85302dc9	PAYPAL	2741.29	EUR	AUTORIZED	9549b0a8	2026-02-01 22:15:19+01	77e848b5
ee58f18e	CARD	1676.41	EUR	CANCELLED	b2d79a03	2026-02-05 07:29:19+01	e9bec207
29653923	CARD	754.77	EUR	FAILED	2c7ceed9	2026-02-06 11:21:02+01	c3fc1ab2
0642ae21	PAYPAL	6740.74	EUR	FAILED	57516279	2026-02-05 09:39:31+01	6b6b6da2
704087c5	CARD	49.61	EUR	CONFIRMED	7a7edcac	2026-02-04 12:50:01+01	a8e00fa8
664f0ae6	CARD	2813.74	EUR	FAILED	044eefd2	2026-02-01 23:42:05+01	82adbcfd
840e0873	CARD	151.25	EUR	CONFIRMED	9565e725	2026-02-01 23:42:05+01	4f911c69
a1f7f374	CARD	568.11	EUR	CONFIRMED	19ca20fa	2026-01-24 18:11:03+01	a187c1d1
88d04176	CARD	198.62	EUR	CANCELLED	7a4ab80f	2026-02-05 09:39:31+01	d40b3a36
847bb90a	CARD	188.76	EUR	CANCELLED	45fa234e	2026-02-05 15:48:53+01	35f566c6
390c3bd8	CARD	2613.74	EUR	FAILED	45d6ebc5	2026-02-02 05:37:32+01	167ca9bd
7bb23a04	PAYPAL	386.91	EUR	CANCELLED	82f21dba	2026-02-07 00:46:52+01	56dc7d44
5150f5ad	CARD	710.15	EUR	FAILED	fef3215b	2026-02-03 02:39:51+01	1c1f026d
6aa767d7	PAYPAL	3928.67	EUR	AUTORIZED	6c62fe80	2026-02-01 23:42:05+01	b19cb829
2a97b14a	PAYPAL	71.39	EUR	FAILED	6b905e7b	2026-01-24 18:11:03+01	cb047f4f
b05a9e5d	PAYPAL	98.01	EUR	CANCELLED	0def44f1	2026-02-07 00:46:52+01	01a4334e
37414db6	CARD	2181.25	EUR	FAILED	6b608f2a	2026-02-01 18:02:24+01	4f911c69
4a5d756f	CARD	183.92	EUR	FAILED	55183821	2026-02-05 15:48:53+01	8ef3a63a
beb49c1e	CARD	61.71	EUR	FAILED	38a2d19b	2026-02-01 18:02:24+01	497fb030
202beb46	PAYPAL	1730.39	EUR	FAILED	9200e83b	2026-02-03 02:39:51+01	cc6a14d7
bf055e86	CARD	134.31	EUR	CONFIRMED	06a4d3f2	2026-02-05 09:39:31+01	102a243d
ddad5383	PAYPAL	3547.20	EUR	CONFIRMED	39f106c3	2026-02-01 23:42:05+01	a8e00fa8
a3fdc2b9	PAYPAL	3451.96	EUR	CANCELLED	86ff5d61	2026-02-02 05:37:32+01	ce10922d
d8e02784	CARD	54.45	EUR	AUTORIZED	bdfebcb5	2026-02-01 18:02:24+01	5c285415
4b505f4d	PAYPAL	231.54	EUR	AUTORIZED	325a0e11	2026-01-27 21:14:25+01	1e6cf74d
45a77b95	CARD	93.17	EUR	CONFIRMED	f8c79f0b	2026-02-02 05:37:32+01	2f284839
75d3a004	CARD	173.62	EUR	CANCELLED	4e70ebc5	2026-02-01 23:42:05+01	7b81aa91
cdd222fb	CARD	284.38	EUR	AUTORIZED	b9c70372	2026-02-06 11:21:02+01	3d53babf
77730b31	PAYPAL	104.06	EUR	AUTORIZED	f15db59f	2026-02-07 00:46:52+01	25c4b28f
4a1cecbb	PAYPAL	1063.08	EUR	FAILED	3fb51cb6	2026-02-05 09:39:31+01	bd63282d
171d762d	CARD	175.45	EUR	CONFIRMED	34e1e5a9	2026-02-01 18:02:24+01	0f58766b
e2297c10	PAYPAL	73.81	EUR	CANCELLED	ca24822d	2026-02-05 07:37:23+01	e10e2423
ea2bcb8e	PAYPAL	153.83	EUR	CONFIRMED	d4862888	2026-02-04 12:50:01+01	518abb91
1ed22130	PAYPAL	301.62	EUR	CONFIRMED	fc3b150f	2026-01-31 11:03:50+01	8c9cd4c2
109de626	PAYPAL	2177.87	EUR	AUTORIZED	9b76e759	2026-02-03 02:39:51+01	079f1c0e
20ca9f3a	CARD	192.39	EUR	CONFIRMED	6cc33fdd	2026-02-01 23:42:05+01	7d2899a3
4be3b3a4	PAYPAL	56.87	EUR	AUTORIZED	995bd7bf	2026-02-01 23:42:05+01	f1cf4895
82341f2e	PAYPAL	246.66	EUR	CANCELLED	4e1178a2	2026-02-07 00:46:52+01	00c9b43b
19d618ee	PAYPAL	183.92	EUR	CONFIRMED	7eaa0168	2026-02-05 15:48:53+01	869aa9e5
991d4913	CARD	85.91	EUR	AUTORIZED	d7f46178	2026-02-05 09:39:31+01	e9bec207
4c456d3e	CARD	143.99	EUR	CONFIRMED	1f67e1c2	2026-02-01 18:02:24+01	6f3df24c
376f6c0f	CARD	94.38	EUR	AUTORIZED	e351f04d	2026-02-01 18:02:24+01	7ae79fd3
1e65d8cf	CARD	88.33	EUR	FAILED	bb11a7a2	2026-01-24 18:11:03+01	cb047f4f
60c7a1c4	CARD	85.91	EUR	FAILED	5576fa91	2026-01-31 11:03:50+01	1a8afe2d
a58d78bf	CARD	341.15	EUR	AUTORIZED	ee89d106	2026-02-05 09:39:31+01	0f58766b
8090476a	PAYPAL	877.98	EUR	CANCELLED	1f384443	2026-02-05 07:29:19+01	96dc0e89
f2e902c3	PAYPAL	161.58	EUR	FAILED	d71ebdcb	2026-02-03 02:39:51+01	114db53d
e8ab29b9	CARD	375.81	EUR	CONFIRMED	58db7d71	2026-02-01 22:15:19+01	5e1740c0
b8671c73	CARD	50.82	EUR	CANCELLED	212332e4	2026-02-05 15:48:53+01	c8828009
b6c28896	PAYPAL	2948.36	EUR	AUTORIZED	b3a43d6e	2026-02-06 11:21:02+01	3e4caae1
a7210977	CARD	250.78	EUR	CANCELLED	c7805335	2026-02-05 09:39:31+01	7b81aa91
3107eee5	CARD	444.13	EUR	FAILED	0f040463	2026-02-04 12:50:01+01	dd7b7f1a
279027fc	PAYPAL	639.88	EUR	CANCELLED	5e6e9f5c	2026-02-03 02:39:51+01	b1fa0584
21249615	PAYPAL	139.16	EUR	AUTORIZED	091bee2f	2026-02-01 22:15:19+01	ecb4f6e8
dcadc54c	PAYPAL	53.24	EUR	CANCELLED	981c3e8a	2026-02-03 02:39:51+01	99f2e8b7
2b61a38b	PAYPAL	486.12	EUR	CANCELLED	062330e1	2026-02-05 09:39:31+01	b83d9ca7
0246df83	CARD	192.39	EUR	CANCELLED	397bcc02	2026-02-05 07:37:23+01	f76bd670
5257156d	CARD	136.73	EUR	CANCELLED	1dee20d0	2026-02-05 07:37:23+01	3df5a8d0
9b17d63a	PAYPAL	767.77	EUR	AUTORIZED	c1d72c82	2026-02-02 05:37:32+01	2e673cd9
008d251f	CARD	188.76	EUR	CANCELLED	0f5f28a9	2026-02-07 00:46:52+01	11339f9b
c09d0bbe	PAYPAL	156.09	EUR	CONFIRMED	db306170	2026-02-01 23:42:05+01	d2dd249d
fadb812a	CARD	515.94	EUR	CONFIRMED	0fd819d7	2026-02-02 05:37:32+01	71119e2b
adddfae2	PAYPAL	169.40	EUR	CANCELLED	649556c0	2026-02-03 02:39:51+01	9e88aaa4
43e0f653	PAYPAL	846.21	EUR	FAILED	8361e6e9	2026-02-05 09:39:31+01	875d2dbe
3107a523	PAYPAL	216.78	EUR	CONFIRMED	9b7164af	2026-01-27 21:14:25+01	77e848b5
13c9a90c	CARD	104.06	EUR	FAILED	0a48bd8f	2026-02-05 15:48:53+01	95239495
58f769a2	CARD	13888.98	EUR	AUTORIZED	522d1b8e	2026-02-06 11:21:02+01	0e00aa5f
496b459e	PAYPAL	369.66	EUR	FAILED	28dffd58	2026-01-31 11:03:50+01	90eb48ab
9e169e3e	PAYPAL	102.85	EUR	FAILED	5512fad1	2026-02-01 23:42:05+01	94ba147e
4180783d	PAYPAL	50.82	EUR	FAILED	4a6b9660	2026-02-05 15:48:53+01	01a4334e
e889d5f3	PAYPAL	248.43	EUR	AUTORIZED	1035130e	2026-02-01 18:02:24+01	a74190bc
976e8aa9	PAYPAL	1077.74	EUR	CONFIRMED	92703b0f	2026-02-02 05:37:32+01	102a243d
45879144	PAYPAL	134.31	EUR	CANCELLED	b747ccfc	2026-01-24 18:11:03+01	a8e00fa8
146ee9b8	PAYPAL	13888.98	EUR	CONFIRMED	11e20d34	2026-02-04 12:50:01+01	1fa35020
011aedae	PAYPAL	192.39	EUR	FAILED	5071bbaf	2026-02-02 05:37:32+01	102a243d
f016f28d	PAYPAL	108.90	EUR	AUTORIZED	a0a41ffa	2026-02-01 18:02:24+01	3df5a8d0
34970735	PAYPAL	94.38	EUR	FAILED	1052f333	2026-02-01 22:15:19+01	13567de0
786f8a9d	CARD	4697.08	EUR	CONFIRMED	3182060d	2026-02-04 12:50:01+01	f3c36c86
cc422d2a	PAYPAL	66.55	EUR	FAILED	9960db7f	2026-02-05 07:37:23+01	ed104453
d633d05b	CARD	2507.41	EUR	AUTORIZED	87995194	2026-02-05 15:48:53+01	f1f66adf
8e35b5c1	PAYPAL	265.92	EUR	CONFIRMED	31817355	2026-02-06 11:21:02+01	484bf739
17b446a1	CARD	143.99	EUR	AUTORIZED	5ee5c569	2026-02-05 09:39:31+01	e3c87aa6
f5350edb	CARD	139.15	EUR	CANCELLED	67441906	2026-01-31 11:03:50+01	402defd3
7fe00c5f	CARD	180.29	EUR	AUTORIZED	cbb9e38d	2026-02-05 15:48:53+01	344c0cc0
7005f396	PAYPAL	369.66	EUR	CONFIRMED	81ab0167	2026-02-07 00:46:52+01	7b81aa91
18c97aac	PAYPAL	147.62	EUR	FAILED	a49906cd	2026-02-01 23:42:05+01	63832a3d
d5a13f3e	PAYPAL	767.77	EUR	CONFIRMED	4a688065	2026-01-24 18:11:03+01	80a7a207
f7c6529b	CARD	100.43	EUR	CONFIRMED	92df7b9d	2026-01-31 11:03:50+01	1c1f026d
de5ba1f6	CARD	8209.68	EUR	FAILED	aece859c	2026-01-31 11:03:50+01	e3a6f945
78cd864b	CARD	76.23	EUR	CONFIRMED	f86c90a4	2026-02-01 23:42:05+01	d25a636b
16b275d6	PAYPAL	93.17	EUR	CANCELLED	79a224ad	2026-02-05 07:37:23+01	b6912e98
f16ff0b5	CARD	276.87	EUR	CONFIRMED	9c298601	2026-02-07 00:46:52+01	8b4b7180
35c5b81f	PAYPAL	2370.12	EUR	CANCELLED	e00e3ef2	2026-01-31 11:03:50+01	077545c0
3a0c267f	CARD	1357.67	EUR	CONFIRMED	3f076bf5	2026-02-04 12:50:01+01	01eed269
31526b7d	PAYPAL	127.05	EUR	CONFIRMED	dede92c2	2026-02-05 15:48:53+01	e094871a
b59eda40	CARD	1653.16	EUR	FAILED	ca889027	2026-02-01 22:15:19+01	4f911c69
8d761c68	CARD	60.50	EUR	FAILED	6bf4456a	2026-02-02 05:37:32+01	24712329
5d16a2f0	PAYPAL	909.82	EUR	FAILED	9b568857	2026-02-05 09:39:31+01	f8701f78
982ed180	PAYPAL	8411.79	EUR	AUTORIZED	5c1cdfd2	2026-02-05 07:29:19+01	5e1740c0
efb5d277	CARD	4565.84	EUR	CONFIRMED	f8c94086	2026-02-05 07:29:19+01	5c1272b3
e062ca8e	PAYPAL	136.73	EUR	CANCELLED	928a4dbb	2026-02-04 12:50:01+01	639ab155
609cda69	CARD	645.10	EUR	CONFIRMED	b4ae64a1	2026-02-05 07:37:23+01	a8362c2e
dc475fb8	PAYPAL	17890.77	EUR	CONFIRMED	a1c4e743	2026-02-01 22:15:19+01	406416dd
1a7cb086	CARD	627.07	EUR	FAILED	656d3a17	2026-02-03 02:39:51+01	3d53babf
770cb766	CARD	2424.78	EUR	FAILED	dc79237c	2026-02-06 11:21:02+01	ab4afad1
9574b42a	PAYPAL	48.40	EUR	CONFIRMED	49fe8244	2026-02-05 09:39:31+01	c4f7cdd5
f0eccdaa	PAYPAL	161.58	EUR	CANCELLED	61129c2f	2026-02-05 09:39:31+01	c4d00b37
2862abc0	PAYPAL	785.82	EUR	FAILED	652a734b	2026-02-04 12:50:01+01	75e79786
a3226a7c	PAYPAL	189.97	EUR	CONFIRMED	f10ca1b9	2026-01-24 18:11:03+01	b81e911b
5d9ffa83	PAYPAL	137.94	EUR	CONFIRMED	6cdad53f	2026-02-06 11:21:02+01	9d70c17c
d91c3694	CARD	828.77	EUR	AUTORIZED	073098d7	2026-01-31 11:03:50+01	5620c9cc
386f9d5e	PAYPAL	438.24	EUR	CONFIRMED	3c77bcc8	2026-02-05 07:37:23+01	107484d5
2010e184	PAYPAL	49.61	EUR	CONFIRMED	1e3727d5	2026-02-01 18:02:24+01	dfe87ee6
0a13e193	CARD	164.56	EUR	CANCELLED	c0cd673b	2026-02-01 18:02:24+01	bd63282d
0245acb7	CARD	9194.54	EUR	CONFIRMED	927b0765	2026-01-31 11:03:50+01	f3c36c86
5d836799	PAYPAL	1353.81	EUR	CANCELLED	6eb24fd3	2026-02-01 18:02:24+01	344c0cc0
abc40a60	CARD	118.58	EUR	FAILED	cf68cc31	2026-02-07 00:46:52+01	1f9779a5
a6d6bb16	PAYPAL	197.70	EUR	FAILED	f91578ec	2026-02-05 07:29:19+01	ca875942
a4cd2eb9	PAYPAL	1420.42	EUR	FAILED	db8190d2	2026-02-05 09:39:31+01	13e9a3ab
aa53ddd7	PAYPAL	17924.88	EUR	AUTORIZED	7e3c3b93	2026-02-04 12:50:01+01	4623e2e5
03751d5b	PAYPAL	214.33	EUR	CONFIRMED	923f0ecd	2026-02-05 09:39:31+01	f8b1e349
4fb35782	PAYPAL	91.96	EUR	AUTORIZED	db82832b	2026-01-31 11:03:50+01	0f58766b
f6d1ecda	CARD	2930.82	EUR	CANCELLED	016edbbb	2026-02-05 09:39:31+01	f8b1e349
e3905fd1	CARD	143.99	EUR	CONFIRMED	77dc47cb	2026-02-01 18:02:24+01	8665e7ee
52bab395	PAYPAL	1661.15	EUR	CANCELLED	dfdff566	2026-02-05 15:48:53+01	5ce4eb4c
c2ebe649	CARD	1238.35	EUR	FAILED	5e0332ac	2026-02-03 02:39:51+01	cb047f4f
fd09f5ed	CARD	17890.77	EUR	CONFIRMED	828b713f	2026-01-27 21:14:25+01	46898e5c
1e38c229	PAYPAL	502.61	EUR	AUTORIZED	b4544eff	2026-01-24 18:11:03+01	8f0fefb7
85dddd47	CARD	451.37	EUR	AUTORIZED	aa0b3363	2026-02-03 02:39:51+01	6c707f62
66e93f2d	CARD	2473.52	EUR	CONFIRMED	0e958d6c	2026-02-02 05:37:32+01	2f284839
08cf66cb	PAYPAL	1991.53	EUR	AUTORIZED	7b0e0224	2026-02-01 22:15:19+01	f3c36c86
e8ba5ebb	PAYPAL	1169.69	EUR	FAILED	548d39ca	2026-02-01 22:15:19+01	ca875942
839c6cf0	PAYPAL	133.96	EUR	FAILED	ab654b5d	2026-02-01 18:02:24+01	0f58766b
a4076af1	CARD	4684.04	EUR	CANCELLED	4a3cfe0d	2026-02-05 07:29:19+01	79489de3
f8a6e8f7	CARD	2023.10	EUR	CONFIRMED	499c7e5f	2026-02-02 05:37:32+01	b65a4092
7aacdc82	PAYPAL	156.13	EUR	CANCELLED	10e1deda	2026-02-03 02:39:51+01	fd085fbe
1fccaa4f	PAYPAL	186.34	EUR	CANCELLED	01eacf3f	2026-02-01 18:02:24+01	f8b1e349
fd986fe7	CARD	118.58	EUR	CANCELLED	24810517	2026-02-05 09:39:31+01	f8701f78
62c33f5a	PAYPAL	54.45	EUR	AUTORIZED	29a5b28a	2026-01-24 18:11:03+01	f8b1e349
822edff2	CARD	10019.81	EUR	CONFIRMED	259d5178	2026-02-01 23:42:05+01	a88786fe
bc7feb2c	CARD	473.93	EUR	CANCELLED	11c76327	2026-02-05 07:29:19+01	59540e34
5690596e	CARD	173.03	EUR	FAILED	77ac71f7	2026-02-05 15:48:53+01	80a7a207
e8b45acd	CARD	65.34	EUR	CANCELLED	60e9dd8a	2026-01-24 18:11:03+01	ff205bc9
69c1fec0	CARD	231.54	EUR	FAILED	a5aecaf0	2026-02-01 18:02:24+01	8fd62e85
7807267c	PAYPAL	156.09	EUR	CONFIRMED	fdcf4c72	2026-02-04 12:50:01+01	23b01d07
7e84874b	PAYPAL	1733.53	EUR	CONFIRMED	d48802ee	2026-02-01 23:42:05+01	2d5a6086
457b1a78	PAYPAL	3535.36	EUR	FAILED	74c934b0	2026-02-05 07:37:23+01	bd357688
d25c8e88	CARD	6296.47	EUR	CANCELLED	17be4d81	2026-02-01 22:15:19+01	b48a4586
ee914fe3	PAYPAL	333.29	EUR	CANCELLED	23dc7ea3	2026-01-31 11:03:50+01	f8701f78
e38ee545	CARD	50.82	EUR	CANCELLED	b1dea7bc	2026-02-02 05:37:32+01	5620c9cc
afcd66db	CARD	188.76	EUR	FAILED	867392e3	2026-02-01 23:42:05+01	baebc1a2
b024c39c	PAYPAL	52.03	EUR	CONFIRMED	19964a25	2026-02-01 23:42:05+01	2f284839
41374f7f	CARD	7837.25	EUR	CONFIRMED	a491992d	2026-02-04 12:50:01+01	4623e2e5
584a6b36	PAYPAL	101.64	EUR	CANCELLED	940b71ac	2026-02-05 07:37:23+01	4fb1a934
51276416	CARD	2480.70	EUR	AUTORIZED	4a034ad0	2026-02-01 23:42:05+01	80a7a207
e5931fea	CARD	169.40	EUR	FAILED	2da8194e	2026-02-03 02:39:51+01	5c99ab61
c63dae1d	CARD	544.29	EUR	AUTORIZED	641831b5	2026-02-02 05:37:32+01	95239495
7be0feda	CARD	685.54	EUR	CONFIRMED	20553654	2026-02-05 07:29:19+01	cae6a133
08336c0c	PAYPAL	373.96	EUR	FAILED	a162d86c	2026-02-05 15:48:53+01	262106e5
2f48cfb6	CARD	1410.80	EUR	CONFIRMED	3ed917f0	2026-02-07 00:46:52+01	1269c89f
6b27904a	PAYPAL	95.59	EUR	AUTORIZED	6f64b477	2026-02-02 05:37:32+01	1bd5ed57
0636cf9b	PAYPAL	67.76	EUR	AUTORIZED	7e362cab	2026-02-02 05:37:32+01	406416dd
c7cc3d96	PAYPAL	48.40	EUR	CANCELLED	13b0700b	2026-02-01 22:15:19+01	82a92316
d4196bd8	PAYPAL	3347.89	EUR	FAILED	60f215b5	2026-02-06 11:21:02+01	f1f66adf
77fc76b0	PAYPAL	130.68	EUR	CONFIRMED	e6e402b0	2026-02-02 05:37:32+01	c62981b9
c7f37b1e	CARD	89.54	EUR	AUTORIZED	d12e0fdf	2026-02-05 07:29:19+01	e176c4a4
4b646b4b	CARD	1238.35	EUR	AUTORIZED	d62f7621	2026-01-27 21:14:25+01	8f0bad12
3197efa0	PAYPAL	84.70	EUR	CANCELLED	73e08435	2026-02-07 00:46:52+01	9360edf2
57568a8f	CARD	2519.48	EUR	CANCELLED	79ba3cf6	2026-02-05 07:29:19+01	e9e45e35
d82d8ffa	CARD	166.98	EUR	CANCELLED	619f3137	2026-02-04 12:50:01+01	869aa9e5
2fc6a409	CARD	3374.17	EUR	FAILED	c25c8638	2026-02-01 22:15:19+01	df3d971c
cc86346d	CARD	173.03	EUR	AUTORIZED	862f3646	2026-02-05 09:39:31+01	c5007c53
81624094	PAYPAL	1556.13	EUR	FAILED	c0eb49d9	2026-02-05 09:39:31+01	e0c7d58b
50ccc613	PAYPAL	151.25	EUR	CONFIRMED	8bb5ce40	2026-02-01 23:42:05+01	8582671b
cbb874d8	CARD	473.93	EUR	CONFIRMED	01c251a3	2026-02-02 05:37:32+01	19b3cc88
89ee725e	CARD	62.92	EUR	FAILED	8653890a	2026-02-05 09:39:31+01	88821e8b
4169c900	CARD	4236.42	EUR	AUTORIZED	423c7188	2026-01-24 18:11:03+01	51229442
1e1d2b7b	PAYPAL	4699.99	EUR	CANCELLED	70a56f6e	2026-02-03 02:39:51+01	99f2e8b7
996dd4c3	PAYPAL	2282.29	EUR	CANCELLED	0cc7a263	2026-01-24 18:11:03+01	2d5a6086
f0f409e5	PAYPAL	99.22	EUR	CANCELLED	a8944087	2026-02-01 23:42:05+01	f1f66adf
5a2f1f0c	PAYPAL	87.12	EUR	CONFIRMED	e6bba95e	2026-02-05 07:37:23+01	b6912e98
4e566f0f	PAYPAL	102.85	EUR	FAILED	88d34ada	2026-02-03 02:39:51+01	1d3d2bda
b88e960b	PAYPAL	3696.49	EUR	AUTORIZED	489dd078	2026-02-02 05:37:32+01	35b3b902
3934c09c	CARD	154.88	EUR	FAILED	58e81d2b	2026-02-04 12:50:01+01	6881d5df
c6dd6f37	PAYPAL	174.24	EUR	CANCELLED	30ce0c21	2026-01-24 18:11:03+01	cae6a133
75be4bb5	PAYPAL	54.45	EUR	CONFIRMED	93b47199	2026-02-05 15:48:53+01	20a706d1
9338d493	CARD	98.01	EUR	CANCELLED	b5de6e9b	2026-02-03 02:39:51+01	707f7374
2f0ce1aa	CARD	173.03	EUR	FAILED	55712da3	2026-01-24 18:11:03+01	60da3a78
202e2e7f	CARD	829.91	EUR	AUTORIZED	6f901526	2026-02-06 11:21:02+01	f104edbc
67591146	CARD	1113.74	EUR	CONFIRMED	b35220c6	2026-02-06 11:21:02+01	77e848b5
eff42ffc	CARD	49.61	EUR	AUTORIZED	e9f30230	2026-02-06 11:21:02+01	bd357688
b5fc3b19	CARD	5708.42	EUR	CANCELLED	b58aae9f	2026-02-05 15:48:53+01	bd63282d
4053c42e	PAYPAL	642.75	EUR	CONFIRMED	5fdae261	2026-02-01 23:42:05+01	30aa13f0
68201693	PAYPAL	399.45	EUR	CANCELLED	514794d6	2026-02-05 09:39:31+01	02961c5a
ed375c70	CARD	54.45	EUR	CANCELLED	9824c8d2	2026-01-27 21:14:25+01	875d2dbe
9e9131a4	PAYPAL	83.49	EUR	CONFIRMED	c049976c	2026-02-05 07:29:19+01	4515e051
516f0cae	CARD	65.34	EUR	FAILED	61782fe4	2026-02-05 07:29:19+01	c5007c53
a0c84d66	PAYPAL	319.07	EUR	CONFIRMED	9984c76c	2026-02-05 07:29:19+01	3e4caae1
c35c6229	CARD	98.01	EUR	CANCELLED	90d3a8a7	2026-02-05 07:37:23+01	4f911c69
bf4d6d16	CARD	107.69	EUR	CANCELLED	3aac0040	2026-02-05 09:39:31+01	25c4b28f
075e9e38	PAYPAL	362.47	EUR	FAILED	44b4af21	2026-01-31 11:03:50+01	3c6e644e
d4c43b02	CARD	192.39	EUR	CONFIRMED	ac6648fe	2026-01-24 18:11:03+01	b6912e98
268838be	CARD	113.74	EUR	AUTORIZED	b7a77d0c	2026-02-05 07:29:19+01	6f3df24c
55eccff4	CARD	76.23	EUR	AUTORIZED	d3df8382	2026-02-04 12:50:01+01	c4f7cdd5
04adacb0	CARD	805.44	EUR	CONFIRMED	0cd64f32	2026-01-27 21:14:25+01	26f1e58a
bc45b226	CARD	1202.01	EUR	FAILED	1bfc70e6	2026-02-05 15:48:53+01	95239495
2f0a5e70	CARD	1923.46	EUR	CANCELLED	1e725315	2026-02-01 22:15:19+01	fc6fa769
831c3046	CARD	154.88	EUR	CANCELLED	f2693eb0	2026-02-06 11:21:02+01	4f911c69
40524681	PAYPAL	153.67	EUR	CONFIRMED	fb9f76df	2026-02-05 15:48:53+01	6f3df24c
c430a771	PAYPAL	3264.64	EUR	CONFIRMED	c52376d9	2026-02-01 18:02:24+01	08096c1f
e3480b65	CARD	118.58	EUR	FAILED	cc6b2e71	2026-02-03 02:39:51+01	b9a46334
981c6392	CARD	6388.20	EUR	CANCELLED	9b094530	2026-02-05 09:39:31+01	13567de0
5b4691f0	PAYPAL	347.19	EUR	AUTORIZED	7e95aca8	2026-01-31 11:03:50+01	325086de
98bdab41	CARD	188.76	EUR	CANCELLED	6c2f7e49	2026-01-24 18:11:03+01	f215ee7a
4b49ccca	PAYPAL	828.77	EUR	FAILED	152847d8	2026-02-04 12:50:01+01	e0c7d58b
5c7454b4	CARD	64.13	EUR	CONFIRMED	e6fb0b32	2026-01-24 18:11:03+01	2a8cf94b
b19a881f	CARD	25293.71	EUR	AUTORIZED	ce3df328	2026-02-01 23:42:05+01	90eb48ab
bbd1e43c	CARD	60.50	EUR	FAILED	7864897e	2026-02-01 23:42:05+01	7aca74a5
d28f7c0c	CARD	177.87	EUR	CONFIRMED	b4045357	2026-02-05 07:29:19+01	0235d7e9
a625e77d	PAYPAL	118.58	EUR	CANCELLED	45652241	2026-02-03 02:39:51+01	fc22dc2a
5ac1d012	PAYPAL	5834.78	EUR	CONFIRMED	2060dbf2	2026-01-31 11:03:50+01	166e13bf
74f5a0b3	CARD	4738.53	EUR	CONFIRMED	95da74e8	2026-02-05 07:37:23+01	b81e911b
7baa1039	PAYPAL	203.27	EUR	CANCELLED	42c4c651	2026-02-05 07:29:19+01	874dd800
46a2cd6b	CARD	9194.54	EUR	CANCELLED	219b181b	2026-02-01 22:15:19+01	7a846c2f
0974243a	CARD	173.03	EUR	AUTORIZED	63ecff0c	2026-02-05 07:29:19+01	a963f399
3e6e429e	CARD	93.17	EUR	CONFIRMED	cdfafee8	2026-02-03 02:39:51+01	23b01d07
c4bfd3c5	CARD	216.42	EUR	FAILED	36d73347	2026-02-01 22:15:19+01	8ca22a46
d731092f	CARD	19443.90	EUR	AUTORIZED	7b134020	2026-02-05 07:37:23+01	edfd3a41
75143f62	PAYPAL	50.82	EUR	CANCELLED	ef1b368a	2026-01-31 11:03:50+01	001d93f0
e412a4dd	PAYPAL	146.41	EUR	CONFIRMED	6dd1845c	2026-02-01 23:42:05+01	0e4f72f2
3a113e63	PAYPAL	102.85	EUR	CONFIRMED	8cc595cd	2026-02-06 11:21:02+01	13e2c732
5e22cef2	CARD	119.79	EUR	AUTORIZED	99997fe0	2026-02-05 09:39:31+01	975a8d58
a24aa6b7	PAYPAL	106.48	EUR	CONFIRMED	b318cf04	2026-01-27 21:14:25+01	4d970a7f
a43aa59f	CARD	143.99	EUR	FAILED	dc64f87a	2026-02-02 05:37:32+01	c5007c53
7fefcb80	CARD	143.99	EUR	AUTORIZED	a2cf0452	2026-02-01 22:15:19+01	b3a28585
670c2d39	CARD	6991.89	EUR	FAILED	d87508e0	2026-01-24 18:11:03+01	d2423176
e9f79c7d	PAYPAL	18809.96	EUR	FAILED	fad45e06	2026-02-07 00:46:52+01	5c285415
6fdcc31a	CARD	2023.10	EUR	AUTORIZED	74333e85	2026-01-31 11:03:50+01	c17aa6c1
293b2323	PAYPAL	171.82	EUR	FAILED	1a2ebdae	2026-02-03 02:39:51+01	0da5fb99
c24bf985	PAYPAL	49.61	EUR	CONFIRMED	44f1ff52	2026-01-31 11:03:50+01	57905a5c
13026e9e	PAYPAL	318.56	EUR	FAILED	f295c26b	2026-01-24 18:11:03+01	dcd0d3ee
fd673775	PAYPAL	65.34	EUR	CONFIRMED	81ddd29c	2026-02-05 15:48:53+01	caee2576
f121e0fd	CARD	168.19	EUR	FAILED	910079af	2026-02-01 18:02:24+01	d541002a
767c6e74	CARD	1445.43	EUR	AUTORIZED	29092bdc	2026-02-01 22:15:19+01	02b5a103
a6312cba	CARD	93.17	EUR	CONFIRMED	3059de88	2026-02-01 23:42:05+01	5620c9cc
8db915c7	PAYPAL	65.34	EUR	CONFIRMED	75456074	2026-02-03 02:39:51+01	e1118880
d97051ca	CARD	53.24	EUR	AUTORIZED	948cd7f2	2026-01-24 18:11:03+01	60da3a78
c903818b	CARD	1304.94	EUR	CONFIRMED	a25f98f5	2026-02-07 00:46:52+01	8f0bad12
86fc91eb	CARD	1271.72	EUR	FAILED	f095a70d	2026-02-07 00:46:52+01	99f2e8b7
4d4955fa	CARD	2796.10	EUR	CONFIRMED	972a6b77	2026-02-05 07:37:23+01	1d18dcb6
5e3d7f97	CARD	5649.18	EUR	AUTORIZED	ac05473f	2026-02-01 18:02:24+01	4515e051
b50aae61	CARD	173.03	EUR	CANCELLED	f5139ee2	2026-01-24 18:11:03+01	54cd9417
1015f1a5	PAYPAL	131.89	EUR	CANCELLED	5f63922a	2026-02-01 22:15:19+01	0c9ea52e
8c7929d0	PAYPAL	14481.56	EUR	AUTORIZED	6a906058	2026-02-01 23:42:05+01	636a90e5
a2c15b08	PAYPAL	3533.01	EUR	FAILED	946bf8a8	2026-02-06 11:21:02+01	8f0fefb7
8e38d111	PAYPAL	108.90	EUR	FAILED	2b2f1553	2026-01-24 18:11:03+01	47a5134a
ba75cdd7	PAYPAL	1357.96	EUR	CONFIRMED	d28870dd	2026-02-05 07:29:19+01	db5421b9
03c2404e	CARD	96.80	EUR	CONFIRMED	58087683	2026-01-27 21:14:25+01	869aa9e5
a9cba939	CARD	78.65	EUR	CANCELLED	798bf871	2026-02-06 11:21:02+01	497fb030
bdf57614	PAYPAL	179.08	EUR	FAILED	5bf383de	2026-02-05 07:29:19+01	90eb48ab
61e28bb3	PAYPAL	188.76	EUR	AUTORIZED	81a9ee80	2026-02-05 09:39:31+01	1529c111
d8a5ac85	PAYPAL	642.15	EUR	CANCELLED	79f77d36	2026-02-05 07:29:19+01	1811b73c
d2785601	CARD	246.66	EUR	CONFIRMED	9ab446ff	2026-02-05 07:37:23+01	e9e45e35
58a53697	PAYPAL	186.34	EUR	FAILED	1c7dfb88	2026-02-01 18:02:24+01	0acd98ff
bd09a498	CARD	228.92	EUR	AUTORIZED	ee0e5d32	2026-02-01 18:02:24+01	5c285415
21578bae	CARD	169.40	EUR	FAILED	431f990a	2026-02-07 00:46:52+01	167ca9bd
c913d86a	PAYPAL	2930.82	EUR	FAILED	99a788de	2026-02-05 09:39:31+01	de8c2926
755c87fe	PAYPAL	180.29	EUR	CANCELLED	5f3c1957	2026-02-05 07:29:19+01	74e941eb
3d47080b	CARD	2852.40	EUR	FAILED	b6a08ec6	2026-02-05 15:48:53+01	166e13bf
1265e950	PAYPAL	68.97	EUR	FAILED	ed5e14dd	2026-01-31 11:03:50+01	f9b1da8c
5fd17ed1	CARD	203.27	EUR	CANCELLED	31804aa2	2026-02-03 02:39:51+01	b83d9ca7
63ecd724	CARD	159.72	EUR	AUTORIZED	caa81b4e	2026-02-05 15:48:53+01	636a90e5
422a750a	PAYPAL	75.02	EUR	CANCELLED	2e3700be	2026-02-05 07:37:23+01	8047f4c9
35a8081f	CARD	178.50	EUR	AUTORIZED	9760b695	2026-01-24 18:11:03+01	114db53d
7eaaa0d6	CARD	1572.80	EUR	CANCELLED	0250501b	2026-01-27 21:14:25+01	eaa0defc
773fd8bb	PAYPAL	4382.54	EUR	AUTORIZED	e87bc8ec	2026-02-01 23:42:05+01	063de543
4ee5d222	PAYPAL	153.83	EUR	CONFIRMED	43dacded	2026-02-01 23:42:05+01	4623e2e5
2273ee28	PAYPAL	240.39	EUR	FAILED	71e8dd66	2026-02-04 12:50:01+01	e6720a59
b30ee2b2	CARD	245.55	EUR	CONFIRMED	45facfd5	2026-02-03 02:39:51+01	497fb030
7338150a	PAYPAL	6296.47	EUR	CONFIRMED	960a6f9d	2026-02-04 12:50:01+01	15345b41
51dfb869	PAYPAL	570.74	EUR	FAILED	f854ee78	2026-02-05 09:39:31+01	d40b3a36
a6bf3740	PAYPAL	116.16	EUR	AUTORIZED	35854f4f	2026-02-05 07:37:23+01	f104edbc
24524dbe	CARD	1769.31	EUR	FAILED	34916d5a	2026-02-01 23:42:05+01	5c285415
076dae01	PAYPAL	2507.41	EUR	CANCELLED	9c9a0e48	2026-02-01 18:02:24+01	baebc1a2
894f2a51	CARD	102.85	EUR	CANCELLED	17db2f1b	2026-01-24 18:11:03+01	063de543
b68689af	CARD	164.56	EUR	FAILED	25c0d085	2026-02-05 09:39:31+01	ad734ead
be792660	PAYPAL	66.55	EUR	AUTORIZED	a11d4230	2026-01-31 11:03:50+01	26f1e58a
7b667b2f	CARD	4437.13	EUR	CANCELLED	f996f08f	2026-02-03 02:39:51+01	1d3d2bda
cc411e45	CARD	4385.27	EUR	CANCELLED	6da771d3	2026-02-03 02:39:51+01	077545c0
92d952e2	PAYPAL	7419.44	EUR	AUTORIZED	740d8e55	2026-02-05 15:48:53+01	8ef3a63a
b222c42b	PAYPAL	805.44	EUR	AUTORIZED	e8029315	2026-02-05 09:39:31+01	08096c1f
3d316b05	PAYPAL	139.16	EUR	CANCELLED	d6fd03ba	2026-02-02 05:37:32+01	3dada837
06cd39ff	PAYPAL	1572.80	EUR	CANCELLED	a87d781a	2026-02-05 09:39:31+01	b83d9ca7
a8f7b347	CARD	117.37	EUR	CONFIRMED	54126922	2026-02-06 11:21:02+01	f8701f78
9a8f4ea6	PAYPAL	119.79	EUR	CANCELLED	56feb02a	2026-01-27 21:14:25+01	8f8a6047
858603d8	CARD	2804.10	EUR	CONFIRMED	772732a8	2026-02-01 23:42:05+01	0e00aa5f
18cc95f6	CARD	93.17	EUR	CONFIRMED	49112624	2026-02-02 05:37:32+01	b65a4092
de07ece2	CARD	119.79	EUR	AUTORIZED	fdbcfcbc	2026-02-07 00:46:52+01	f1f66adf
a71659d1	PAYPAL	370.95	EUR	FAILED	24d7a960	2026-01-31 11:03:50+01	6f3df24c
018d557a	CARD	7499.29	EUR	CANCELLED	456d6647	2026-02-03 02:39:51+01	422d896c
48894108	CARD	1950.67	EUR	AUTORIZED	e45b8dd7	2026-01-27 21:14:25+01	d2dd249d
495ab7c5	CARD	54.45	EUR	AUTORIZED	f9ddfd29	2026-02-02 05:37:32+01	15345b41
27948d83	CARD	164.56	EUR	CANCELLED	91500f3e	2026-01-27 21:14:25+01	b19cb829
69280170	PAYPAL	108.90	EUR	FAILED	be48d973	2026-02-05 15:48:53+01	8fd62e85
b08c49a5	CARD	4893.98	EUR	CONFIRMED	8435583a	2026-02-03 02:39:51+01	15345b41
33f384de	PAYPAL	177.87	EUR	FAILED	c0b6cddd	2026-02-06 11:21:02+01	9a0ff9f0
f3da21a5	PAYPAL	454.45	EUR	AUTORIZED	e26c2d3b	2026-02-06 11:21:02+01	c03c69c5
6e9a8524	CARD	6991.89	EUR	CONFIRMED	a08b5d58	2026-02-05 07:29:19+01	b83d9ca7
28980449	CARD	85.91	EUR	FAILED	4752974c	2026-02-06 11:21:02+01	e3c87aa6
3041201a	CARD	509.68	EUR	AUTORIZED	c0aed20f	2026-02-06 11:21:02+01	5c99ab61
ceb7dc5c	PAYPAL	101.64	EUR	AUTORIZED	b5dc4e4c	2026-02-01 23:42:05+01	6e8afdb9
f7069cd4	PAYPAL	1552.89	EUR	CONFIRMED	6098b026	2026-02-03 02:39:51+01	844f140d
77352c9f	PAYPAL	667.07	EUR	FAILED	cde33a8e	2026-02-05 07:29:19+01	6881d5df
6678eb44	CARD	48.40	EUR	AUTORIZED	db456a11	2026-02-02 05:37:32+01	6881d5df
f491002e	PAYPAL	77.44	EUR	FAILED	40a0aeec	2026-02-01 18:02:24+01	c3fc1ab2
7a957f5b	CARD	3606.27	EUR	CANCELLED	783680fb	2026-02-01 23:42:05+01	b1947cb6
3c646162	PAYPAL	7419.44	EUR	AUTORIZED	340e4585	2026-02-07 00:46:52+01	df3d971c
57097844	CARD	163.35	EUR	CANCELLED	3f285bb3	2026-02-01 18:02:24+01	0c004ba0
fa991ada	PAYPAL	19443.90	EUR	AUTORIZED	5f36140c	2026-02-05 09:39:31+01	484bf739
d701e8c8	PAYPAL	3642.49	EUR	AUTORIZED	8dd34073	2026-02-05 09:39:31+01	8fa493ce
346b1f37	PAYPAL	174.24	EUR	FAILED	aad53d05	2026-02-06 11:21:02+01	ff205bc9
00db3037	CARD	75.02	EUR	CONFIRMED	26ab1dd0	2026-01-27 21:14:25+01	c62981b9
988e5ae3	PAYPAL	87.12	EUR	CANCELLED	6d880061	2026-02-05 07:37:23+01	1bd5ed57
4723d806	PAYPAL	106.48	EUR	FAILED	61c24126	2026-02-05 09:39:31+01	28f5bac6
f2790a17	PAYPAL	4163.82	EUR	FAILED	79b42a1b	2026-01-27 21:14:25+01	89e2635c
f5c30807	PAYPAL	7127.23	EUR	FAILED	7ca13929	2026-01-27 21:14:25+01	82adbcfd
08fed1d1	PAYPAL	1705.22	EUR	CANCELLED	8cfee4e8	2026-02-07 00:46:52+01	3df5a8d0
ec100eba	CARD	570.74	EUR	CONFIRMED	c32dc0ca	2026-02-05 09:39:31+01	7dec65b5
74c7c54e	PAYPAL	137.94	EUR	CONFIRMED	979a9f80	2026-01-27 21:14:25+01	b1fa0584
d9e74656	PAYPAL	84.70	EUR	CANCELLED	a5f5a6a9	2026-01-27 21:14:25+01	29696027
50badb95	PAYPAL	4699.99	EUR	CANCELLED	5184e432	2026-02-02 05:37:32+01	763b5033
f08a0e8f	PAYPAL	13684.93	EUR	CANCELLED	690ac12a	2026-02-07 00:46:52+01	1e5c3e96
8b808814	CARD	428.34	EUR	CONFIRMED	71591519	2026-02-05 15:48:53+01	371f8a70
c8ba2e17	CARD	541.92	EUR	CANCELLED	2fdea2be	2026-01-24 18:11:03+01	2ab6f6bc
a566b45e	CARD	101.64	EUR	CANCELLED	a61d9bd0	2026-02-04 12:50:01+01	8f0fefb7
a95bd75d	PAYPAL	98.01	EUR	FAILED	daaa37de	2026-02-03 02:39:51+01	3d53babf
94000bd1	PAYPAL	2258.63	EUR	CONFIRMED	d61987be	2026-01-24 18:11:03+01	15ae9ac7
ef14290c	CARD	72.60	EUR	AUTORIZED	090cd8fc	2026-01-27 21:14:25+01	46898e5c
c3fad056	CARD	55.66	EUR	FAILED	988103f7	2026-02-03 02:39:51+01	02b5a103
f341c80a	PAYPAL	117.37	EUR	FAILED	98f28f7c	2026-02-01 23:42:05+01	063de543
8c85e4bc	CARD	76.23	EUR	FAILED	239c16dc	2026-01-24 18:11:03+01	c75f27fb
07ad883a	CARD	3151.14	EUR	FAILED	13188547	2026-02-07 00:46:52+01	13e2c732
424b748c	CARD	2785.37	EUR	FAILED	d457c1c7	2026-02-01 22:15:19+01	9a0ff9f0
954a713f	PAYPAL	3264.64	EUR	CONFIRMED	701c0cd6	2026-02-05 15:48:53+01	1a8afe2d
013bc88f	CARD	169.40	EUR	FAILED	313ff2f5	2026-01-31 11:03:50+01	2fee01ed
c4b01efb	PAYPAL	7625.32	EUR	FAILED	0e3648eb	2026-01-27 21:14:25+01	19b3cc88
ab23464e	PAYPAL	806.49	EUR	FAILED	2bd3279e	2026-01-27 21:14:25+01	371f8a70
c1953ab8	PAYPAL	140.36	EUR	FAILED	d555a290	2026-02-01 22:15:19+01	c8828009
d01edef1	CARD	96.80	EUR	AUTORIZED	4438feb0	2026-02-06 11:21:02+01	1c1f026d
c05261af	PAYPAL	1238.35	EUR	CANCELLED	9e3acb55	2026-01-27 21:14:25+01	e0c7d58b
cac554ba	PAYPAL	574.73	EUR	FAILED	b6b33271	2026-02-05 07:37:23+01	2e673cd9
6e9c33ac	CARD	88.33	EUR	FAILED	9b4bbfec	2026-02-07 00:46:52+01	9d70c17c
691ff8b7	PAYPAL	354.68	EUR	CANCELLED	23a68171	2026-02-01 22:15:19+01	a8362c2e
30fdc528	CARD	72.60	EUR	FAILED	7b9939f2	2026-02-05 07:37:23+01	1e6cf74d
1edaeb5d	CARD	391.99	EUR	CANCELLED	49b02fef	2026-02-05 09:39:31+01	76a74baf
496b431f	CARD	3642.49	EUR	AUTORIZED	c15d3df2	2026-02-05 07:29:19+01	30aa13f0
c56fccaa	PAYPAL	1351.33	EUR	FAILED	feebae77	2026-02-02 05:37:32+01	0e903fb3
970b09c0	CARD	2418.70	EUR	FAILED	68d71bab	2026-02-01 22:15:19+01	1e6cf74d
5e0deccf	CARD	143.99	EUR	AUTORIZED	2e258c13	2026-02-01 18:02:24+01	59540e34
d59b997e	CARD	15402.76	EUR	AUTORIZED	c5e7a778	2026-02-05 09:39:31+01	0acd98ff
41b0a419	CARD	388.56	EUR	AUTORIZED	8ed36f4a	2026-02-01 18:02:24+01	406416dd
ceb46c1b	PAYPAL	11401.53	EUR	CONFIRMED	8f0beb16	2026-02-05 09:39:31+01	cadc8163
90e7b530	PAYPAL	4697.30	EUR	CANCELLED	f205f149	2026-02-05 07:37:23+01	02961c5a
17e92ff9	CARD	73.81	EUR	CONFIRMED	03a684f8	2026-02-07 00:46:52+01	ecb4f6e8
5573983f	PAYPAL	2715.95	EUR	FAILED	2f72f7c6	2026-02-05 07:29:19+01	b6eceef7
172750cb	PAYPAL	192.39	EUR	CANCELLED	cdcaa8b4	2026-01-31 11:03:50+01	5b807a60
cad8e88a	PAYPAL	177.87	EUR	CANCELLED	1358ec96	2026-02-02 05:37:32+01	b43fdba1
6d728a74	CARD	93.17	EUR	AUTORIZED	de835167	2026-02-03 02:39:51+01	d2dd249d
384bced1	CARD	6975.92	EUR	AUTORIZED	cf7c2194	2026-01-31 11:03:50+01	c03c69c5
7cb28b4c	PAYPAL	93.17	EUR	CANCELLED	4088c923	2026-02-05 07:37:23+01	de869752
6671a935	PAYPAL	2852.40	EUR	CANCELLED	44d31aa5	2026-01-31 11:03:50+01	1d18dcb6
257b5b78	CARD	60.50	EUR	CONFIRMED	22b70438	2026-02-05 09:39:31+01	00c9b43b
19858cfe	CARD	2223.44	EUR	CANCELLED	9bd549e5	2026-02-05 09:39:31+01	9e881897
bf45e61b	PAYPAL	14153.67	EUR	FAILED	8429d990	2026-01-27 21:14:25+01	844f140d
aa91d219	CARD	1710.76	EUR	AUTORIZED	c02c477c	2026-02-01 22:15:19+01	8ca22a46
5cc3428e	PAYPAL	1001.52	EUR	FAILED	5c521875	2026-02-01 22:15:19+01	73ed2115
5960f87c	PAYPAL	2202.41	EUR	FAILED	376a301d	2026-02-01 18:02:24+01	9558385a
b3acccbc	CARD	1353.81	EUR	CONFIRMED	5855cec5	2026-02-01 22:15:19+01	ecb4f6e8
550ae761	PAYPAL	112.53	EUR	AUTORIZED	7f63252a	2026-02-03 02:39:51+01	cc6a14d7
4d5f4015	PAYPAL	53.24	EUR	CANCELLED	1ca23886	2026-02-04 12:50:01+01	f5f465cf
d1b1a5c9	CARD	2286.68	EUR	CONFIRMED	9821d048	2026-02-04 12:50:01+01	107484d5
f5c695ec	CARD	3973.78	EUR	CANCELLED	ce37045a	2026-02-05 09:39:31+01	f8701f78
5f215221	CARD	61.71	EUR	CANCELLED	ebc8506f	2026-01-24 18:11:03+01	e96e3c94
800fdc43	CARD	442.31	EUR	FAILED	c85452cb	2026-02-04 12:50:01+01	707f7374
26c0bab1	CARD	785.42	EUR	CANCELLED	b4971ec7	2026-02-01 18:02:24+01	9a0ff9f0
b43ba049	PAYPAL	1077.74	EUR	FAILED	a206d529	2026-02-03 02:39:51+01	08096c1f
9c421323	CARD	89.54	EUR	FAILED	02d40990	2026-02-01 23:42:05+01	88821e8b
a925c89d	CARD	197.70	EUR	CANCELLED	84d8080b	2026-02-02 05:37:32+01	9e881897
44406f0b	PAYPAL	877.55	EUR	CANCELLED	975674ab	2026-02-06 11:21:02+01	60911f71
fc6b28f3	PAYPAL	2945.47	EUR	CONFIRMED	367f51ac	2026-02-05 15:48:53+01	08096c1f
26958f78	CARD	112.53	EUR	CONFIRMED	5fdabe98	2026-02-04 12:50:01+01	497fb030
bd791b4e	CARD	2761.52	EUR	CANCELLED	a3b886e9	2026-02-06 11:21:02+01	a357c1d4
c0458ed4	CARD	101.64	EUR	FAILED	63ed2efe	2026-02-01 23:42:05+01	eaa0defc
565ab699	PAYPAL	710.15	EUR	CONFIRMED	00c58d8c	2026-01-31 11:03:50+01	e6720a59
a9486bf1	PAYPAL	168.19	EUR	CONFIRMED	6f46e932	2026-01-31 11:03:50+01	6e8afdb9
50580438	PAYPAL	5369.31	EUR	CONFIRMED	7d376cf2	2026-02-04 12:50:01+01	6f3df24c
67207724	CARD	54.45	EUR	AUTORIZED	a9bc835b	2026-02-04 12:50:01+01	5ce4eb4c
87a330f6	PAYPAL	107.69	EUR	FAILED	c9be4d90	2026-02-05 07:29:19+01	e1118880
a0938e0e	CARD	3294.63	EUR	CONFIRMED	b307d118	2026-02-01 18:02:24+01	73ed2115
b19654a3	CARD	197.70	EUR	AUTORIZED	a0974456	2026-02-06 11:21:02+01	9a0ff9f0
8b811246	CARD	101.64	EUR	CANCELLED	b8e185ea	2026-02-05 09:39:31+01	e4c1f1b9
08a014bf	CARD	2221.52	EUR	FAILED	488095a5	2026-02-06 11:21:02+01	51229442
93b0e427	PAYPAL	1674.73	EUR	AUTORIZED	0a4a7713	2026-02-01 22:15:19+01	dc161f95
c1cf157b	CARD	184.85	EUR	CONFIRMED	4f4035dc	2026-01-24 18:11:03+01	28f5bac6
52796836	PAYPAL	6073.03	EUR	CONFIRMED	88c29902	2026-02-05 07:29:19+01	2029a7b2
19126173	CARD	186.34	EUR	CANCELLED	17a3dcc5	2026-02-01 23:42:05+01	1e44fee8
4bfcb017	CARD	4522.75	EUR	CANCELLED	a4b49545	2026-02-05 07:29:19+01	abda005a
e49675a4	PAYPAL	169.40	EUR	AUTORIZED	afc98afa	2026-02-06 11:21:02+01	147b4c93
771760e9	PAYPAL	7837.25	EUR	FAILED	eb149866	2026-02-02 05:37:32+01	03f27563
74614381	PAYPAL	1169.69	EUR	AUTORIZED	bfb6b36f	2026-02-04 12:50:01+01	1fa35020
33c435cf	CARD	2258.63	EUR	FAILED	7bb1bea5	2026-02-05 15:48:53+01	f1cf4895
cd674e26	PAYPAL	1868.26	EUR	CANCELLED	d0360e96	2026-02-06 11:21:02+01	1f9779a5
7699f096	PAYPAL	2130.94	EUR	CANCELLED	2fd91997	2026-01-24 18:11:03+01	b3a28585
26a68337	PAYPAL	65.34	EUR	CONFIRMED	53b4bf74	2026-02-07 00:46:52+01	d2dd249d
99040da2	CARD	65.34	EUR	AUTORIZED	b11f8b0c	2026-02-01 23:42:05+01	4515e051
4c86161b	CARD	75.02	EUR	CONFIRMED	f184c497	2026-01-31 11:03:50+01	8665e7ee
9e83ac8c	CARD	72.60	EUR	AUTORIZED	b052877a	2026-02-01 23:42:05+01	13e2c732
5746a85d	CARD	3350.83	EUR	AUTORIZED	dbdb9319	2026-02-01 22:15:19+01	ca875942
6cb6947d	CARD	13888.98	EUR	FAILED	70405453	2026-01-27 21:14:25+01	1bd5ed57
7dc4bc27	CARD	139.15	EUR	CANCELLED	a65c2a6d	2026-02-05 09:39:31+01	1d18dcb6
0d15a9fd	PAYPAL	682.50	EUR	AUTORIZED	74c26472	2026-02-01 23:42:05+01	3dada837
566ba085	PAYPAL	181.50	EUR	CANCELLED	394b18e9	2026-01-31 11:03:50+01	3d5bf0c3
6d912acd	PAYPAL	133.10	EUR	CANCELLED	c8962d8d	2026-02-04 12:50:01+01	267866bf
97668cd7	CARD	1214.70	EUR	CONFIRMED	0b2cb5bf	2026-02-01 23:42:05+01	df3d971c
be427e6b	CARD	1757.15	EUR	FAILED	3bc34623	2026-02-06 11:21:02+01	15345b41
04c12519	CARD	3606.99	EUR	CONFIRMED	218aab0b	2026-02-05 09:39:31+01	da44ffe6
b6bb1aa8	CARD	785.42	EUR	FAILED	169931fe	2026-01-24 18:11:03+01	11339f9b
4cbad35b	PAYPAL	338.93	EUR	FAILED	bdbb7529	2026-02-05 15:48:53+01	e0c7d58b
9a1c1403	CARD	177.87	EUR	AUTORIZED	7ceef09d	2026-01-24 18:11:03+01	7db037a9
c09222bb	PAYPAL	146.41	EUR	CONFIRMED	9a943663	2026-01-27 21:14:25+01	4623e2e5
a4d54fdf	PAYPAL	2332.07	EUR	AUTORIZED	2095043b	2026-02-05 09:39:31+01	83d402cd
fb76e455	CARD	1059.04	EUR	CANCELLED	182bd9a5	2026-02-06 11:21:02+01	8f0bad12
6f6d5197	CARD	323.66	EUR	AUTORIZED	6244d953	2026-02-02 05:37:32+01	2ab6f6bc
5682ea00	PAYPAL	711.93	EUR	AUTORIZED	9421b015	2026-02-03 02:39:51+01	74ecdd17
bb40fc11	PAYPAL	4684.04	EUR	AUTORIZED	fc6ad398	2026-02-01 18:02:24+01	767dbf58
01cb3c45	PAYPAL	2613.74	EUR	FAILED	95eea47d	2026-02-01 23:42:05+01	b1fa0584
eb3a26ff	CARD	248.16	EUR	CANCELLED	74b181dd	2026-02-02 05:37:32+01	4f911c69
b8ee6e50	CARD	180.29	EUR	FAILED	30ff0d0e	2026-02-05 09:39:31+01	1811b73c
7cdec823	PAYPAL	83.49	EUR	FAILED	d3b288f9	2026-01-24 18:11:03+01	8fd62e85
e3c69252	CARD	509.68	EUR	CONFIRMED	6626d530	2026-02-05 09:39:31+01	aeaca7e5
76ee733b	PAYPAL	36804.70	EUR	CANCELLED	11a5349c	2026-02-02 05:37:32+01	02b5a103
46f9489a	CARD	60.50	EUR	CONFIRMED	444ddb4b	2026-02-01 23:42:05+01	aa914110
\.


--
-- Data for Name: prices; Type: TABLE DATA; Schema: travel; Owner: postgres
--

COPY travel.prices (price_id, inventory_id, currency, base_fare, taxes, total_fare, valid_until_ts) FROM stdin;
c9e3484d	7f603ddd	EUR	137.70	24.30	162.00	2026-01-22 22:30:01.254317+01
bb324741	1a756767	EUR	507.45	89.55	597.00	2026-01-22 22:30:01.254355+01
f54149e9	bbc88085	EUR	68.00	12.00	80.00	2026-01-22 22:30:01.254436+01
84acdcc6	19bcc1c8	EUR	145.35	25.65	171.00	2026-01-22 22:30:01.254501+01
a94f4015	a13cfe88	EUR	815.15	143.85	959.00	2026-01-22 22:30:01.254525+01
654dac1c	87442d2f	EUR	1011.50	178.50	1190.00	2026-01-22 22:30:01.254544+01
c74697df	a9a947d4	EUR	112.20	19.80	132.00	2026-01-22 22:30:01.254564+01
8ba73112	a2c9e268	EUR	143.65	25.35	169.00	2026-01-22 22:30:01.254582+01
7840658b	1a1f9303	EUR	128.35	22.65	151.00	2026-01-22 22:30:01.2546+01
d6c0493c	25d4a4c4	EUR	77.35	13.65	91.00	2026-01-22 22:30:01.254631+01
42b239fd	ec7ee85b	EUR	485.35	85.65	571.00	2026-01-22 22:30:01.254648+01
060bcef7	acef57bb	EUR	477.70	84.30	562.00	2026-01-22 22:30:01.254666+01
58ad880d	079ebfbc	EUR	1035.30	182.70	1218.00	2026-01-22 22:30:01.254688+01
e713f30e	182a629e	EUR	111.35	19.65	131.00	2026-01-22 22:30:01.254706+01
51e61eee	6a35e1cb	EUR	102.85	18.15	121.00	2026-01-22 22:30:01.254723+01
be7a1be0	2d6bcdd6	EUR	80.75	14.25	95.00	2026-01-22 22:30:01.254741+01
9903efe3	0735e897	EUR	178.50	31.50	210.00	2026-01-22 22:30:01.254759+01
3dcb16e9	f50eda5e	EUR	883.15	155.85	1039.00	2026-01-22 22:30:01.254776+01
8674f163	4d6b9a07	EUR	163.20	28.80	192.00	2026-01-22 22:30:01.254794+01
8b8e8944	e8b3c29d	EUR	107.95	19.05	127.00	2026-01-22 22:30:01.254811+01
6e7fdfcb	86286ebd	EUR	111.35	19.65	131.00	2026-01-22 22:30:01.254831+01
8c3933a4	e92511b1	EUR	190.40	33.60	224.00	2026-01-22 22:30:01.254864+01
8cb3b3ff	09ccc4a4	EUR	831.30	146.70	978.00	2026-01-22 22:30:01.2549+01
13668013	e32bd2be	EUR	178.50	31.50	210.00	2026-01-22 22:30:01.254939+01
271789c8	c79be629	EUR	831.30	146.70	978.00	2026-01-22 22:30:01.254975+01
965d34d1	1176f5ba	EUR	351.05	61.95	413.00	2026-01-22 22:30:01.255007+01
b8780594	0b217b6c	EUR	616.25	108.75	725.00	2026-01-22 22:30:01.25505+01
a818d705	4bae348d	EUR	148.75	26.25	175.00	2026-01-22 22:30:01.255071+01
daf9dc8c	03543bdd	EUR	389.30	68.70	458.00	2026-01-22 22:30:01.255089+01
0ce670d0	c5692cf7	EUR	873.80	154.20	1028.00	2026-01-22 22:30:01.255107+01
f58ce23b	761aaef2	EUR	141.10	24.90	166.00	2026-01-22 22:30:01.255125+01
dbe68b19	7ec06642	EUR	181.90	32.10	214.00	2026-01-22 22:30:01.255142+01
8a4a109a	89786590	EUR	857.65	151.35	1009.00	2026-01-22 22:30:01.25516+01
51f159b0	32fd737e	EUR	770.10	135.90	906.00	2026-01-22 22:30:01.255178+01
2ace7600	98ca8d2a	EUR	147.05	25.95	173.00	2026-01-22 22:30:01.255196+01
cbf7a909	c0ce8d93	EUR	422.45	74.55	497.00	2026-01-22 22:30:01.255213+01
6630e4aa	269c0c40	EUR	147.05	25.95	173.00	2026-01-22 22:30:01.255234+01
c5123ffa	afd4a13a	EUR	905.25	159.75	1065.00	2026-01-22 22:30:01.255252+01
784611de	7d0d846d	EUR	522.75	92.25	615.00	2026-01-22 22:30:01.25527+01
d0500d8b	936817ec	EUR	150.45	26.55	177.00	2026-01-22 22:30:01.255287+01
f0586e43	180b5b3a	EUR	97.75	17.25	115.00	2026-01-22 22:30:01.255305+01
c67f7723	1b385885	EUR	111.35	19.65	131.00	2026-01-22 22:30:01.255323+01
cc17d006	88bf0b5b	EUR	145.35	25.65	171.00	2026-01-22 22:30:01.255341+01
0f64e9d8	21352c44	EUR	777.75	137.25	915.00	2026-01-22 22:30:01.255358+01
c6efbe42	5c818c02	EUR	967.30	170.70	1138.00	2026-01-22 22:30:01.255375+01
5d91dac1	03a9f203	EUR	191.25	33.75	225.00	2026-01-22 22:30:01.255392+01
07237e69	0d33a0f3	EUR	838.95	148.05	987.00	2026-01-22 22:30:01.255409+01
892ae3f2	fff072cf	EUR	200.60	35.40	236.00	2026-01-22 22:30:01.255427+01
8cff8c62	419b678d	EUR	476.00	84.00	560.00	2026-01-22 22:30:01.255447+01
6b3e5613	0298ebf7	EUR	102.85	18.15	121.00	2026-01-22 22:30:01.255464+01
816f044c	96e58ddf	EUR	719.10	126.90	846.00	2026-01-22 22:30:01.255481+01
0c161288	7f08df74	EUR	100.30	17.70	118.00	2026-01-22 22:30:01.255498+01
a7af1395	7d62c323	EUR	139.40	24.60	164.00	2026-01-22 22:30:01.255517+01
d62cb4b1	1d5a4006	EUR	160.65	28.35	189.00	2026-01-22 22:30:01.255535+01
ce259cc7	dddfc586	EUR	722.50	127.50	850.00	2026-01-22 22:30:01.255553+01
518c5640	c6746ed4	EUR	63.75	11.25	75.00	2026-01-22 22:30:01.25557+01
f90400fb	61604aab	EUR	158.95	28.05	187.00	2026-01-22 22:30:01.255588+01
bf61f77f	9e1ba53f	EUR	754.80	133.20	888.00	2026-01-22 22:30:01.255606+01
2e03e3a4	b78b5e95	EUR	98.60	17.40	116.00	2026-01-22 22:30:01.255623+01
e639eb90	026fb1d2	EUR	852.55	150.45	1003.00	2026-01-22 22:30:01.255641+01
126d9bee	4e12e251	EUR	104.55	18.45	123.00	2026-01-22 22:30:01.25566+01
ff320335	ffe631be	EUR	76.50	13.50	90.00	2026-01-22 22:30:01.255678+01
a307f68f	5ea0faf9	EUR	396.10	69.90	466.00	2026-01-22 22:30:01.255695+01
31f16a1a	12c73a81	EUR	723.35	127.65	851.00	2026-01-22 22:30:01.255713+01
82108632	b1fe0d8c	EUR	97.75	17.25	115.00	2026-01-22 22:30:01.255732+01
eff199da	8dfd0494	EUR	933.30	164.70	1098.00	2026-01-22 22:30:01.255749+01
9da2fb15	65d6bc9d	EUR	165.75	29.25	195.00	2026-01-22 22:30:01.255767+01
5420ed5b	64ed60cc	EUR	1014.05	178.95	1193.00	2026-01-22 22:30:01.255784+01
763c8e5e	3987203b	EUR	113.90	20.10	134.00	2026-01-22 22:30:01.255801+01
3a2349ce	be3ed0a3	EUR	491.30	86.70	578.00	2026-01-22 22:30:01.255818+01
25e796ac	1c62b754	EUR	666.40	117.60	784.00	2026-01-22 22:30:01.255837+01
708f6f4c	7d116f81	EUR	152.15	26.85	179.00	2026-01-22 22:30:01.255855+01
cf9d9463	e4565e31	EUR	842.35	148.65	991.00	2026-01-22 22:30:01.255876+01
29cde82f	caa7eaa5	EUR	804.10	141.90	946.00	2026-01-22 22:30:01.255894+01
4854866e	86d8c639	EUR	596.70	105.30	702.00	2026-01-22 22:30:01.255912+01
810c72e8	27c49d2b	EUR	149.60	26.40	176.00	2026-01-22 22:30:01.25593+01
29a93717	698ae65b	EUR	90.10	15.90	106.00	2026-01-22 22:30:01.255951+01
3f30edfb	e25c5391	EUR	681.70	120.30	802.00	2026-01-22 22:30:01.255969+01
f137acec	3b5af0d5	EUR	85.85	15.15	101.00	2026-01-22 22:30:01.255987+01
2d780caa	8945538e	EUR	203.15	35.85	239.00	2026-01-22 22:30:01.256004+01
6679db0f	1b03efb9	EUR	152.15	26.85	179.00	2026-01-22 22:30:01.256022+01
da99b9f3	5cf84ffe	EUR	140.25	24.75	165.00	2026-01-22 22:30:01.256051+01
83413c43	d96cd8b3	EUR	141.10	24.90	166.00	2026-01-22 22:30:01.25607+01
0beb1ef0	cf12a2eb	EUR	164.05	28.95	193.00	2026-01-22 22:30:01.256088+01
3c49732a	7471c470	EUR	509.15	89.85	599.00	2026-01-22 22:30:01.256108+01
8b67e63b	ab39f4aa	EUR	141.10	24.90	166.00	2026-01-22 22:30:01.256126+01
75b12734	59ca361a	EUR	90.95	16.05	107.00	2026-01-22 22:30:01.256143+01
fc3ca1f3	d8a1412c	EUR	142.80	25.20	168.00	2026-01-22 22:30:01.256161+01
d66e361a	a3bdaa4d	EUR	136.85	24.15	161.00	2026-01-22 22:30:01.256179+01
ec416826	cc08fed7	EUR	166.60	29.40	196.00	2026-01-22 22:30:01.256197+01
eac9fd77	02abf562	EUR	169.15	29.85	199.00	2026-01-22 22:30:01.256216+01
3ed012a7	ebf4797d	EUR	1017.45	179.55	1197.00	2026-01-22 22:30:01.256233+01
9af125d2	44c46fbe	EUR	778.60	137.40	916.00	2026-01-22 22:30:01.256252+01
6a29169b	e61eadf6	EUR	228.65	40.35	269.00	2026-01-22 22:30:01.25627+01
4bedcf52	d2c3f458	EUR	104.55	18.45	123.00	2026-01-22 22:30:01.256288+01
dd0d2f44	28fad541	EUR	115.60	20.40	136.00	2026-01-22 22:30:01.256305+01
8f3be761	316ddcff	EUR	529.55	93.45	623.00	2026-01-22 22:30:01.256325+01
f8a2ea1e	272c7287	EUR	165.75	29.25	195.00	2026-01-22 22:30:01.256343+01
f1b6a037	e6acd99e	EUR	87.55	15.45	103.00	2026-01-22 22:30:01.25636+01
07733126	d76c952c	EUR	170.85	30.15	201.00	2026-01-22 22:30:01.256377+01
d1d6dc6d	d77eb540	EUR	92.65	16.35	109.00	2026-01-22 22:30:01.256395+01
e318dbe6	6122d790	EUR	131.75	23.25	155.00	2026-01-22 22:30:01.256413+01
89d850be	cfb313ae	EUR	994.50	175.50	1170.00	2026-01-22 22:30:01.256431+01
1fa0db5e	c8cdf8ff	EUR	145.35	25.65	171.00	2026-01-22 22:30:01.256449+01
3d5702de	94948a44	EUR	653.65	115.35	769.00	2026-01-22 22:30:01.256467+01
c82d4684	e3360d8c	EUR	1029.35	181.65	1211.00	2026-01-22 22:30:01.256485+01
c96fd17d	90ddc0ad	EUR	751.40	132.60	884.00	2026-01-22 22:30:01.256503+01
da8104f6	e45ae7d5	EUR	51.85	9.15	61.00	2026-01-22 22:30:01.25652+01
512a7f85	963b71ec	EUR	203.15	35.85	239.00	2026-01-22 22:30:01.256541+01
82a0a13e	39ad7c7f	EUR	101.15	17.85	119.00	2026-01-22 22:30:01.256559+01
21be6ac8	dddff4f5	EUR	71.40	12.60	84.00	2026-01-22 22:30:01.256577+01
c81ba979	09bff9fb	EUR	153.00	27.00	180.00	2026-01-22 22:30:01.256594+01
00069848	203d3fb0	EUR	119.00	21.00	140.00	2026-01-22 22:30:01.256611+01
28439791	c19248f8	EUR	76.50	13.50	90.00	2026-01-22 22:30:01.256629+01
c5f7104e	c172ecd5	EUR	118.15	20.85	139.00	2026-01-22 22:30:01.256647+01
cc7dd0cd	8b79d9f4	EUR	738.65	130.35	869.00	2026-01-22 22:30:01.256665+01
79e9a309	92ac1296	EUR	52.70	9.30	62.00	2026-01-22 22:30:01.256682+01
66c8eafa	482eb46d	EUR	157.25	27.75	185.00	2026-01-22 22:30:01.2567+01
45335463	13fb9e89	EUR	542.30	95.70	638.00	2026-01-22 22:30:01.256717+01
ad46a2a6	83d04bb7	EUR	867.85	153.15	1021.00	2026-01-22 22:30:01.256735+01
aeab0941	279ef534	EUR	179.35	31.65	211.00	2026-01-22 22:30:01.256756+01
069d3322	580fd2b3	EUR	578.00	102.00	680.00	2026-01-22 22:30:01.256774+01
bb4c2427	d0a70e10	EUR	748.85	132.15	881.00	2026-01-22 22:30:01.256791+01
d4c52680	c91c078c	EUR	979.20	172.80	1152.00	2026-01-22 22:30:01.256809+01
14536c8e	26722a0a	EUR	885.70	156.30	1042.00	2026-01-22 22:30:01.256826+01
0372b5b8	b06a7b7a	EUR	1087.15	191.85	1279.00	2026-01-22 22:30:01.256843+01
42575a28	c1942cbd	EUR	210.80	37.20	248.00	2026-01-22 22:30:01.256861+01
5d7347f9	83850167	EUR	495.55	87.45	583.00	2026-01-22 22:30:01.256878+01
1b67d10a	f4563519	EUR	690.20	121.80	812.00	2026-01-22 22:30:01.256896+01
8d0574ca	84545cd3	EUR	123.25	21.75	145.00	2026-01-22 22:30:01.256915+01
f19db85b	0fd3f161	EUR	113.05	19.95	133.00	2026-01-22 22:30:01.256932+01
cf971f46	8f1ba2bc	EUR	93.50	16.50	110.00	2026-01-22 22:30:01.25695+01
ba6213fb	c762f863	EUR	182.75	32.25	215.00	2026-01-22 22:30:01.256969+01
8fbe3155	51d9c4cc	EUR	357.00	63.00	420.00	2026-01-22 22:30:01.256987+01
6d385f2b	94bb2809	EUR	69.70	12.30	82.00	2026-01-22 22:30:01.257005+01
81fa3017	45dd1fcf	EUR	136.00	24.00	160.00	2026-01-22 22:30:01.257022+01
f4b214c2	24476452	EUR	105.40	18.60	124.00	2026-01-22 22:30:01.257051+01
f3099645	ddd33353	EUR	158.10	27.90	186.00	2026-01-22 22:30:01.25707+01
e0b561ea	4fc29afc	EUR	184.45	32.55	217.00	2026-01-22 22:30:01.257088+01
d6936424	568e39c9	EUR	364.65	64.35	429.00	2026-01-22 22:30:01.257105+01
16eba1ad	6813b113	EUR	229.50	40.50	270.00	2026-01-22 22:30:01.257123+01
e45b366e	9e3b310b	EUR	86.70	15.30	102.00	2026-01-22 22:30:01.257141+01
c540f1cb	928defd3	EUR	545.70	96.30	642.00	2026-01-22 22:30:01.257159+01
065fd3ed	890ffeb0	EUR	136.00	24.00	160.00	2026-01-22 22:30:01.257176+01
8846c01b	6dca1bfb	EUR	883.15	155.85	1039.00	2026-01-22 22:30:01.257196+01
6e26cd5e	4c72b816	EUR	161.50	28.50	190.00	2026-01-22 22:30:01.257213+01
46981bc4	c56acbbb	EUR	59.50	10.50	70.00	2026-01-22 22:30:01.257231+01
c717b8f9	abcdf557	EUR	553.35	97.65	651.00	2026-01-22 22:30:01.257249+01
0fcde4ea	1896af3c	EUR	109.65	19.35	129.00	2026-01-22 22:30:01.257267+01
95f07287	a2b25fe2	EUR	188.70	33.30	222.00	2026-01-22 22:30:01.257285+01
de7ccda9	ffc034ee	EUR	156.40	27.60	184.00	2026-01-22 22:30:01.257303+01
d0fd0e8d	7a84e2fe	EUR	646.85	114.15	761.00	2026-01-22 22:30:01.257321+01
0c2d19cd	22c8a440	EUR	96.05	16.95	113.00	2026-01-22 22:30:01.257339+01
6df619b0	df754512	EUR	807.50	142.50	950.00	2026-01-22 22:30:01.257356+01
c1922e19	ec4ce0a6	EUR	890.80	157.20	1048.00	2026-01-22 22:30:01.257374+01
d331f83a	bd619f30	EUR	637.50	112.50	750.00	2026-01-22 22:30:01.257392+01
5311a689	75f1883f	EUR	624.75	110.25	735.00	2026-01-22 22:30:01.257411+01
c40a57b2	a6e916e2	EUR	209.95	37.05	247.00	2026-01-22 22:30:01.25743+01
8c24f4a6	edf081f8	EUR	73.95	13.05	87.00	2026-01-22 22:30:01.257448+01
7f652f62	18b879ba	EUR	895.90	158.10	1054.00	2026-01-22 22:30:01.257466+01
5abe3cd8	1eb2784a	EUR	119.00	21.00	140.00	2026-01-22 22:30:01.257483+01
e644988e	4e1e17ef	EUR	149.60	26.40	176.00	2026-01-22 22:30:01.2575+01
cf20f53c	c5f1b9a2	EUR	822.80	145.20	968.00	2026-01-22 22:30:01.257518+01
2e301c8f	2c328e39	EUR	210.80	37.20	248.00	2026-01-22 22:30:01.257536+01
325b916e	fbb1cb4d	EUR	120.70	21.30	142.00	2026-01-22 22:30:01.257553+01
bb704daa	ed810b2c	EUR	861.05	151.95	1013.00	2026-01-22 22:30:01.257571+01
c1d4524e	6e3b0348	EUR	161.50	28.50	190.00	2026-01-22 22:30:01.257589+01
b3d730a6	f93b8f51	EUR	844.05	148.95	993.00	2026-01-22 22:30:01.257608+01
87c7c8a6	7fec8049	EUR	495.55	87.45	583.00	2026-01-22 22:30:01.257627+01
cfd8288c	a0c4cad5	EUR	169.15	29.85	199.00	2026-01-22 22:30:01.257645+01
4a254fd5	edf1409a	EUR	229.50	40.50	270.00	2026-01-22 22:30:01.257662+01
20457ce1	43c5126c	EUR	808.35	142.65	951.00	2026-01-22 22:30:01.25768+01
92835e22	64835154	EUR	145.35	25.65	171.00	2026-01-22 22:30:01.257698+01
65f25577	af11ca2b	EUR	473.45	83.55	557.00	2026-01-22 22:30:01.257716+01
84924343	85b993d2	EUR	111.35	19.65	131.00	2026-01-22 22:30:01.257734+01
d454b227	11611611	EUR	583.10	102.90	686.00	2026-01-22 22:30:01.257751+01
004a784a	4403ba95	EUR	634.95	112.05	747.00	2026-01-22 22:30:01.257769+01
db34c2e1	ec691ebb	EUR	110.50	19.50	130.00	2026-01-22 22:30:01.257787+01
da0d8692	b8258b29	EUR	163.20	28.80	192.00	2026-01-22 22:30:01.257804+01
779df468	86bba08e	EUR	716.55	126.45	843.00	2026-01-22 22:30:01.257822+01
41405799	6dd32692	EUR	205.70	36.30	242.00	2026-01-22 22:30:01.257841+01
9bd00314	4ba2ae3c	EUR	421.60	74.40	496.00	2026-01-22 22:30:01.257858+01
e4987c5f	b6767a05	EUR	989.40	174.60	1164.00	2026-01-22 22:30:01.257876+01
dde41d92	586aaf16	EUR	617.10	108.90	726.00	2026-01-22 22:30:01.257893+01
93ef8277	6d5900cc	EUR	684.25	120.75	805.00	2026-01-22 22:30:01.257911+01
72ea3534	67d21d56	EUR	129.20	22.80	152.00	2026-01-22 22:30:01.257928+01
f87b612e	5f9026d2	EUR	198.05	34.95	233.00	2026-01-22 22:30:01.257946+01
55fbae8e	d876ebd7	EUR	215.90	38.10	254.00	2026-01-22 22:30:01.257963+01
6296a62c	12742065	EUR	970.70	171.30	1142.00	2026-01-22 22:30:01.25798+01
3c4fc947	d9adabff	EUR	524.45	92.55	617.00	2026-01-22 22:30:01.257998+01
a2375b32	9ea63450	EUR	146.20	25.80	172.00	2026-01-22 22:30:01.258015+01
68d9313e	5825a974	EUR	536.35	94.65	631.00	2026-01-22 22:30:01.258038+01
c2d62d10	174b0a5f	EUR	503.20	88.80	592.00	2026-01-22 22:30:01.258071+01
87fc7ae3	0d9d696b	EUR	914.60	161.40	1076.00	2026-01-22 22:30:01.258089+01
e25afc75	6a4e4393	EUR	198.90	35.10	234.00	2026-01-22 22:30:01.258106+01
bcb9c1be	c1e3c7cb	EUR	151.30	26.70	178.00	2026-01-22 22:30:01.258124+01
e1776c7a	1b59ad83	EUR	822.80	145.20	968.00	2026-01-22 22:30:01.258141+01
63e71eab	5d2b2ff4	EUR	167.45	29.55	197.00	2026-01-22 22:30:01.258159+01
911e3505	ffc73b61	EUR	157.25	27.75	185.00	2026-01-22 22:30:01.258177+01
b50016a1	9ad94c70	EUR	510.00	90.00	600.00	2026-01-22 22:30:01.258195+01
bd86b51b	d1286b15	EUR	1026.80	181.20	1208.00	2026-01-22 22:30:01.258213+01
a34c1cb5	97ce5a98	EUR	637.50	112.50	750.00	2026-01-22 22:30:01.258231+01
b9805717	75b450ce	EUR	85.00	15.00	100.00	2026-01-22 22:30:01.258248+01
940b5213	3d051d7f	EUR	124.10	21.90	146.00	2026-01-22 22:30:01.258266+01
0349a9bc	7a965a3b	EUR	127.50	22.50	150.00	2026-01-22 22:30:01.258286+01
7890528f	d27a520e	EUR	162.35	28.65	191.00	2026-01-22 22:30:01.258303+01
2bd9c5ba	6625aa22	EUR	836.40	147.60	984.00	2026-01-22 22:30:01.25832+01
73b21b15	2baac813	EUR	96.90	17.10	114.00	2026-01-22 22:30:01.258338+01
e2b7eb2c	94e3a859	EUR	886.55	156.45	1043.00	2026-01-22 22:30:01.258356+01
724ed3db	a4628772	EUR	119.85	21.15	141.00	2026-01-22 22:30:01.258374+01
e975ac58	f1f48c98	EUR	469.20	82.80	552.00	2026-01-22 22:30:01.258392+01
d842face	e1790659	EUR	721.65	127.35	849.00	2026-01-22 22:30:01.258409+01
a7eacfa6	5365c8cc	EUR	550.80	97.20	648.00	2026-01-22 22:30:01.258427+01
33113611	ddf79b77	EUR	711.45	125.55	837.00	2026-01-22 22:30:01.258444+01
6c36206f	ca11811e	EUR	720.80	127.20	848.00	2026-01-22 22:30:01.258462+01
4acd1535	b50021c3	EUR	650.25	114.75	765.00	2026-01-22 22:30:01.258479+01
d5ee3eb7	716be590	EUR	396.10	69.90	466.00	2026-01-22 22:30:01.258499+01
cc2a8660	2a84846d	EUR	1011.50	178.50	1190.00	2026-01-22 22:30:01.258517+01
ac284386	0cb9452f	EUR	498.95	88.05	587.00	2026-01-22 22:30:01.25854+01
c7f064bf	6e10ae8b	EUR	450.50	79.50	530.00	2026-01-22 22:30:01.258573+01
17c369e3	640fbbd7	EUR	119.85	21.15	141.00	2026-01-22 22:30:01.258613+01
65dca0a8	fa373702	EUR	567.80	100.20	668.00	2026-01-22 22:30:01.25865+01
f17df707	3782ae50	EUR	1042.10	183.90	1226.00	2026-01-22 22:30:01.258693+01
5ae96247	25748d2d	EUR	51.85	9.15	61.00	2026-01-22 22:30:01.258734+01
ff504d8b	6091d620	EUR	586.50	103.50	690.00	2026-01-22 22:30:01.258777+01
b0cad7cc	708111c5	EUR	903.55	159.45	1063.00	2026-01-22 22:30:01.258816+01
c09566d2	345467d8	EUR	779.45	137.55	917.00	2026-01-22 22:30:01.258855+01
80b5220f	03a60d91	EUR	149.60	26.40	176.00	2026-01-22 22:30:01.25889+01
d5639ff0	66ca893c	EUR	899.30	158.70	1058.00	2026-01-22 22:30:01.258936+01
bc7e4458	3bae1adb	EUR	972.40	171.60	1144.00	2026-01-22 22:30:01.258975+01
a7fc8503	8d858c79	EUR	124.95	22.05	147.00	2026-01-22 22:30:01.259013+01
dfa96c7a	cfe4d20d	EUR	71.40	12.60	84.00	2026-01-22 22:30:01.259062+01
ceb95682	fa138575	EUR	101.15	17.85	119.00	2026-01-22 22:30:01.259103+01
82d7dedb	79b21b0d	EUR	122.40	21.60	144.00	2026-01-22 22:30:01.259141+01
5147209f	975d8040	EUR	699.55	123.45	823.00	2026-01-22 22:30:01.259186+01
832cdbd7	da162d00	EUR	652.80	115.20	768.00	2026-01-22 22:30:01.259229+01
b7f698be	6db50a73	EUR	916.30	161.70	1078.00	2026-01-22 22:30:01.25932+01
0e2cb467	dda65562	EUR	192.95	34.05	227.00	2026-01-22 22:30:01.259379+01
a67b8b76	d4dcae51	EUR	79.05	13.95	93.00	2026-01-22 22:30:01.259415+01
d8bba1f3	6a851479	EUR	112.20	19.80	132.00	2026-01-22 22:30:01.259453+01
d896c4c7	dea219e6	EUR	82.45	14.55	97.00	2026-01-22 22:30:01.259492+01
1745e251	6ac3c2c0	EUR	51.85	9.15	61.00	2026-01-22 22:30:01.259531+01
8935f494	f467ac37	EUR	670.65	118.35	789.00	2026-01-22 22:30:01.25957+01
d5da7a91	b4279d1f	EUR	113.90	20.10	134.00	2026-01-22 22:30:01.259604+01
17774dbf	a3f9598c	EUR	185.30	32.70	218.00	2026-01-22 22:30:01.259636+01
65dd6216	0b11cb4c	EUR	1011.50	178.50	1190.00	2026-01-22 22:30:01.259668+01
53a3c200	0810a36e	EUR	144.50	25.50	170.00	2026-01-22 22:30:01.259701+01
7ee1681c	5f3a285c	EUR	116.45	20.55	137.00	2026-01-22 22:30:01.259735+01
9657c9e9	a5097b9f	EUR	532.10	93.90	626.00	2026-01-22 22:30:01.259768+01
288d9884	3116d049	EUR	551.65	97.35	649.00	2026-01-22 22:30:01.259799+01
4fbc12e8	404ed9a7	EUR	784.55	138.45	923.00	2026-01-22 22:30:01.259831+01
f0ae35f6	49c70ab5	EUR	1048.90	185.10	1234.00	2026-01-22 22:30:01.259863+01
a61c1dd1	f122f448	EUR	71.40	12.60	84.00	2026-01-22 22:30:01.259899+01
30da468b	b5b6f92a	EUR	169.15	29.85	199.00	2026-01-22 22:30:01.259931+01
822b0f03	8d5baa24	EUR	558.45	98.55	657.00	2026-01-22 22:30:01.259963+01
b31bbfc7	0c0d540f	EUR	878.05	154.95	1033.00	2026-01-22 22:30:01.259995+01
439ed12b	7a61ecf5	EUR	156.40	27.60	184.00	2026-01-22 22:30:01.260027+01
8bc60f5f	15440b6f	EUR	910.35	160.65	1071.00	2026-01-22 22:30:01.26007+01
849d2d4b	1b609546	EUR	207.40	36.60	244.00	2026-01-22 22:30:01.260104+01
80022c16	447f444c	EUR	901.00	159.00	1060.00	2026-01-22 22:30:01.260143+01
46773da1	6d1f0113	EUR	171.70	30.30	202.00	2026-01-22 22:30:01.260179+01
d916b71d	35af263d	EUR	192.95	34.05	227.00	2026-01-22 22:30:01.260212+01
b9161ce1	6f5b9d6a	EUR	884.85	156.15	1041.00	2026-01-22 22:30:01.260244+01
79ff8969	9ee2e7dd	EUR	953.70	168.30	1122.00	2026-01-22 22:30:01.260286+01
96438e1e	a4f5b63f	EUR	747.15	131.85	879.00	2026-01-22 22:30:01.260544+01
b6eace5a	efd6387e	EUR	94.35	16.65	111.00	2026-01-22 22:30:01.260577+01
ffdec28e	91294e02	EUR	887.40	156.60	1044.00	2026-01-22 22:30:01.260605+01
fc97ec00	a1379dc9	EUR	867.85	153.15	1021.00	2026-01-22 22:30:01.260635+01
73ac81d3	86d7bbd7	EUR	185.30	32.70	218.00	2026-01-22 22:30:01.260665+01
9174e6b3	2b69106a	EUR	183.60	32.40	216.00	2026-01-22 22:30:01.260696+01
4ed8e823	e73e9911	EUR	167.45	29.55	197.00	2026-01-22 22:30:01.260726+01
542c4fdf	f680f30a	EUR	91.80	16.20	108.00	2026-01-22 22:30:01.260754+01
9df4e7ad	5d865812	EUR	106.25	18.75	125.00	2026-01-22 22:30:01.260784+01
e507d88c	06b57f73	EUR	126.65	22.35	149.00	2026-01-22 22:30:01.260813+01
a9e15e81	4c17b2f8	EUR	683.40	120.60	804.00	2026-01-22 22:30:01.260846+01
9ac66a1e	8329c6f3	EUR	899.30	158.70	1058.00	2026-01-22 22:30:01.260876+01
4eec3972	1f953d20	EUR	922.25	162.75	1085.00	2026-01-22 22:30:01.260912+01
0922e1f5	279a8133	EUR	200.60	35.40	236.00	2026-01-22 22:30:01.260948+01
72d34d98	031c4c61	EUR	795.60	140.40	936.00	2026-01-22 22:30:01.260986+01
963f5f40	41380a6c	EUR	87.55	15.45	103.00	2026-01-22 22:30:01.261023+01
d83c8125	392bcc3c	EUR	127.50	22.50	150.00	2026-01-22 22:30:01.261097+01
69e185c7	c498f90a	EUR	1031.90	182.10	1214.00	2026-01-22 22:30:01.261132+01
fd11a517	5eb163b5	EUR	88.40	15.60	104.00	2026-01-22 22:30:01.261164+01
6341e54f	f6e2d5d5	EUR	112.20	19.80	132.00	2026-01-22 22:30:01.261197+01
f52b4c90	b83c0ce5	EUR	918.85	162.15	1081.00	2026-01-22 22:30:01.261234+01
b759520e	c57876aa	EUR	1003.00	177.00	1180.00	2026-01-22 22:30:01.261268+01
fb9fae21	81e69a0c	EUR	90.95	16.05	107.00	2026-01-22 22:30:01.261301+01
df564b7f	052e52b8	EUR	136.85	24.15	161.00	2026-01-22 22:30:01.261332+01
1519f6f4	0b592abd	EUR	182.75	32.25	215.00	2026-01-22 22:30:01.261373+01
7861c543	7897b85b	EUR	777.75	137.25	915.00	2026-01-22 22:30:01.261416+01
bc75077d	61603d4b	EUR	652.80	115.20	768.00	2026-01-22 22:30:01.261449+01
488af1bb	ac35c64d	EUR	745.45	131.55	877.00	2026-01-22 22:30:01.261481+01
02352547	8530d84d	EUR	149.60	26.40	176.00	2026-01-22 22:30:01.261513+01
96c96797	fceab4a2	EUR	198.90	35.10	234.00	2026-01-22 22:30:01.261545+01
49e688d0	8584626a	EUR	85.85	15.15	101.00	2026-01-22 22:30:01.261577+01
dc909edf	5d49705e	EUR	154.70	27.30	182.00	2026-01-22 22:30:01.261608+01
2f31ffac	64e67700	EUR	200.60	35.40	236.00	2026-01-22 22:30:01.26164+01
a9f88d83	4b6c346d	EUR	122.40	21.60	144.00	2026-01-22 22:30:01.26168+01
d6a73d09	6caed0b8	EUR	561.00	99.00	660.00	2026-01-22 22:30:01.261713+01
97f14d18	85780d27	EUR	147.90	26.10	174.00	2026-01-22 22:30:01.261745+01
e86bbe52	9161ea19	EUR	71.40	12.60	84.00	2026-01-22 22:30:01.261782+01
b0d842b6	5cbf0ed3	EUR	107.95	19.05	127.00	2026-01-22 22:30:01.261813+01
01c01459	d61b0be9	EUR	662.15	116.85	779.00	2026-01-22 22:30:01.261845+01
a5e160c1	d4b31f54	EUR	1093.95	193.05	1287.00	2026-01-22 22:30:01.261876+01
6caaca59	44d8ca14	EUR	75.65	13.35	89.00	2026-01-22 22:30:01.261907+01
228ce1f1	8a0460f7	EUR	148.75	26.25	175.00	2026-01-22 22:30:01.261938+01
9c50a6e8	8f459819	EUR	76.50	13.50	90.00	2026-01-22 22:30:01.26197+01
f08b72fc	58241332	EUR	153.85	27.15	181.00	2026-01-22 22:30:01.262001+01
15c799c7	f04cf016	EUR	91.80	16.20	108.00	2026-01-22 22:30:01.262044+01
58f7fa5b	2d30a7e4	EUR	936.70	165.30	1102.00	2026-01-22 22:30:01.262068+01
f5a9818e	5bd00d8f	EUR	142.80	25.20	168.00	2026-01-22 22:30:01.262086+01
10d0f83e	b7934b48	EUR	232.05	40.95	273.00	2026-01-22 22:30:01.262105+01
f528e1ee	6dbfa96e	EUR	1093.10	192.90	1286.00	2026-01-22 22:30:01.262125+01
3739f06d	fa61f4cd	EUR	140.25	24.75	165.00	2026-01-22 22:30:01.262144+01
e44df348	a454984d	EUR	180.20	31.80	212.00	2026-01-22 22:30:01.262162+01
ea8595e1	f4eb6254	EUR	79.90	14.10	94.00	2026-01-22 22:30:01.26218+01
1076155c	c1f2aaed	EUR	801.55	141.45	943.00	2026-01-22 22:30:01.262198+01
11b0ab9d	98ffe236	EUR	97.75	17.25	115.00	2026-01-22 22:30:01.262215+01
d003520a	5fe507d9	EUR	108.80	19.20	128.00	2026-01-22 22:30:01.262233+01
1c608c2c	56556680	EUR	495.55	87.45	583.00	2026-01-22 22:30:01.262251+01
f6be2061	2af166f6	EUR	884.00	156.00	1040.00	2026-01-22 22:30:01.262268+01
46afca7b	9d5222d4	EUR	113.90	20.10	134.00	2026-01-22 22:30:01.262286+01
3057c93b	9955b850	EUR	80.75	14.25	95.00	2026-01-22 22:30:01.262305+01
e8fce718	b0c45d78	EUR	457.30	80.70	538.00	2026-01-22 22:30:01.262323+01
1f09835e	57a18099	EUR	194.65	34.35	229.00	2026-01-22 22:30:01.262343+01
a494590d	38954ee5	EUR	106.25	18.75	125.00	2026-01-22 22:30:01.26236+01
beea8760	ea4fffc1	EUR	817.70	144.30	962.00	2026-01-22 22:30:01.262378+01
90f3340c	b183b0dd	EUR	169.15	29.85	199.00	2026-01-22 22:30:01.262396+01
c11edc4b	03abd9e2	EUR	142.80	25.20	168.00	2026-01-22 22:30:01.262413+01
961e951f	04a5b602	EUR	79.05	13.95	93.00	2026-01-22 22:30:01.262431+01
228eafb5	1d6fcefd	EUR	869.55	153.45	1023.00	2026-01-22 22:30:01.262449+01
c0f635cb	b0000982	EUR	141.95	25.05	167.00	2026-01-22 22:30:01.262467+01
1522a6e5	cfc52905	EUR	170.00	30.00	200.00	2026-01-22 22:30:01.262486+01
637a8880	7e9b5a83	EUR	622.20	109.80	732.00	2026-01-22 22:30:01.262503+01
53e050f6	d2875201	EUR	521.05	91.95	613.00	2026-01-22 22:30:01.262521+01
e93c07c1	84c4301a	EUR	105.40	18.60	124.00	2026-01-22 22:30:01.262538+01
8ebb6e38	93d6dbe6	EUR	148.75	26.25	175.00	2026-01-22 22:30:01.262559+01
7a037249	df72b196	EUR	221.00	39.00	260.00	2026-01-22 22:30:01.262576+01
49db1938	44cac1ef	EUR	95.20	16.80	112.00	2026-01-22 22:30:01.262594+01
50dcd2a7	08696bcc	EUR	130.05	22.95	153.00	2026-01-22 22:30:01.262612+01
a01d3c1d	9021b31a	EUR	87.55	15.45	103.00	2026-01-22 22:30:01.262629+01
8df134cf	e8f2a960	EUR	878.90	155.10	1034.00	2026-01-22 22:30:01.262648+01
1526a952	7b1c6fb5	EUR	406.30	71.70	478.00	2026-01-22 22:30:01.262688+01
5917fc7f	2e3e9898	EUR	193.80	34.20	228.00	2026-01-22 22:30:01.262729+01
f9e22085	2d7875e4	EUR	809.20	142.80	952.00	2026-01-22 22:30:01.262761+01
218358e6	814bf763	EUR	403.75	71.25	475.00	2026-01-22 22:30:01.262793+01
c6076835	ff8566a5	EUR	135.15	23.85	159.00	2026-01-22 22:30:01.262824+01
51c35e74	e22f4e5f	EUR	376.55	66.45	443.00	2026-01-22 22:30:01.262856+01
eabca2b6	6450e4bf	EUR	782.00	138.00	920.00	2026-01-22 22:30:01.26289+01
ef08bd20	d282ebf0	EUR	96.05	16.95	113.00	2026-01-22 22:30:01.262922+01
816a625b	a49afc04	EUR	674.90	119.10	794.00	2026-01-22 22:30:01.262953+01
5eb8afb9	cb207c39	EUR	157.25	27.75	185.00	2026-01-22 22:30:01.262986+01
3f3c4d6a	a180f814	EUR	910.35	160.65	1071.00	2026-01-22 22:30:01.263019+01
9058688a	63f00354	EUR	90.95	16.05	107.00	2026-01-22 22:30:01.263057+01
9de7da99	a64fa99f	EUR	101.15	17.85	119.00	2026-01-22 22:30:01.263076+01
c7152a3a	4972c6ee	EUR	104.55	18.45	123.00	2026-01-22 22:30:01.263094+01
7aaa64e2	055b3276	EUR	75.65	13.35	89.00	2026-01-22 22:30:01.263112+01
109efcc2	0393bc71	EUR	236.30	41.70	278.00	2026-01-22 22:30:01.263139+01
1748ac6f	3ce4158d	EUR	119.00	21.00	140.00	2026-01-22 22:30:01.263167+01
fb7caeca	3201a7fc	EUR	697.00	123.00	820.00	2026-01-22 22:30:01.263196+01
67a3c785	9c39eb0b	EUR	107.10	18.90	126.00	2026-01-22 22:30:01.263235+01
5660599c	ae3a2f26	EUR	995.35	175.65	1171.00	2026-01-22 22:30:01.263259+01
896e03fb	df7c159d	EUR	64.60	11.40	76.00	2026-01-22 22:30:01.263277+01
d70b9a81	702b84b7	EUR	1001.30	176.70	1178.00	2026-01-22 22:30:01.263295+01
166fd97a	b7491076	EUR	162.35	28.65	191.00	2026-01-22 22:30:01.263722+01
d4228171	7ed45bb1	EUR	98.60	17.40	116.00	2026-01-22 22:30:01.26377+01
64d6eda7	a582788c	EUR	675.75	119.25	795.00	2026-01-22 22:30:01.263802+01
3af184ff	48b2fdfe	EUR	85.00	15.00	100.00	2026-01-22 22:30:01.263832+01
b1b0a2f5	9a6ad45b	EUR	119.00	21.00	140.00	2026-01-22 22:30:01.26388+01
c909fd79	5da561e9	EUR	101.15	17.85	119.00	2026-01-22 22:30:01.26391+01
0c3ed6f3	a6ad67e6	EUR	508.30	89.70	598.00	2026-01-22 22:30:01.263939+01
68775290	b69b3b5d	EUR	69.70	12.30	82.00	2026-01-22 22:30:01.263968+01
f0f4b2e2	3306590e	EUR	127.50	22.50	150.00	2026-01-22 22:30:01.264001+01
9800c036	f13873e5	EUR	135.15	23.85	159.00	2026-01-22 22:30:01.26403+01
284d5974	82743a4a	EUR	160.65	28.35	189.00	2026-01-22 22:30:01.264065+01
b80a4eaf	37e19f3b	EUR	147.90	26.10	174.00	2026-01-22 22:30:01.264082+01
35feb95e	7a3d7466	EUR	149.60	26.40	176.00	2026-01-22 22:30:01.264098+01
9a7b1168	1ded74f0	EUR	785.40	138.60	924.00	2026-01-22 22:30:01.264114+01
15977352	45d1133d	EUR	80.75	14.25	95.00	2026-01-22 22:30:01.264129+01
7a77ae21	e8fdb068	EUR	739.50	130.50	870.00	2026-01-22 22:30:01.264144+01
abd4f89e	b0ea75b2	EUR	164.05	28.95	193.00	2026-01-22 22:30:01.264159+01
464e9e90	19dfad8d	EUR	181.05	31.95	213.00	2026-01-22 22:30:01.264174+01
6a0a1aa2	fe1934c3	EUR	59.50	10.50	70.00	2026-01-22 22:30:01.264189+01
b05b4f45	a0152c28	EUR	516.80	91.20	608.00	2026-01-22 22:30:01.264204+01
8bdb3f58	e8b0c7bd	EUR	65.45	11.55	77.00	2026-01-22 22:30:01.264222+01
0915928d	241beabe	EUR	129.20	22.80	152.00	2026-01-22 22:30:01.264238+01
ab677781	1f9feb68	EUR	815.15	143.85	959.00	2026-01-22 22:30:01.264253+01
c90567f2	f8362d4d	EUR	578.00	102.00	680.00	2026-01-22 22:30:01.264268+01
62cf7042	daedb7e2	EUR	70.55	12.45	83.00	2026-01-22 22:30:01.264287+01
237f2736	a807f8b3	EUR	90.95	16.05	107.00	2026-01-22 22:30:01.264323+01
0222e1a3	c4688e0a	EUR	90.95	16.05	107.00	2026-01-22 22:30:01.264361+01
90e7528e	53f8587a	EUR	116.45	20.55	137.00	2026-01-22 22:30:01.264393+01
01021964	7d315374	EUR	79.90	14.10	94.00	2026-01-22 22:30:01.264409+01
31d0e8e8	8e9610d4	EUR	649.40	114.60	764.00	2026-01-22 22:30:01.264436+01
b7f56a71	c3a483f5	EUR	563.55	99.45	663.00	2026-01-22 22:30:01.264466+01
b00bb1e3	ee4489aa	EUR	82.45	14.55	97.00	2026-01-22 22:30:01.2645+01
b52e91a9	4de43b66	EUR	788.80	139.20	928.00	2026-01-22 22:30:01.264533+01
613675fb	1f27025f	EUR	973.25	171.75	1145.00	2026-01-22 22:30:01.264562+01
05175e90	f9162ed0	EUR	168.30	29.70	198.00	2026-01-22 22:30:01.264591+01
df91139f	926a389f	EUR	98.60	17.40	116.00	2026-01-22 22:30:01.26462+01
ab2f01e2	b89ef842	EUR	884.00	156.00	1040.00	2026-01-22 22:30:01.264652+01
09ecd679	eec1d69e	EUR	83.30	14.70	98.00	2026-01-22 22:30:01.264681+01
8f82e6fd	14a6b4a2	EUR	727.60	128.40	856.00	2026-01-22 22:30:01.264712+01
944a680f	81484929	EUR	96.90	17.10	114.00	2026-01-22 22:30:01.264741+01
46a5a407	c52d5019	EUR	861.90	152.10	1014.00	2026-01-22 22:30:01.264771+01
e7713150	fec6ef6e	EUR	231.20	40.80	272.00	2026-01-22 22:30:01.2648+01
62927c36	9bd66d78	EUR	114.75	20.25	135.00	2026-01-22 22:30:01.264829+01
b28326f1	8b485f28	EUR	113.05	19.95	133.00	2026-01-22 22:30:01.264858+01
b386ef35	a9ed3457	EUR	965.60	170.40	1136.00	2026-01-22 22:30:01.264892+01
adfc5594	ac906538	EUR	386.75	68.25	455.00	2026-01-22 22:30:01.264921+01
d74b9c6a	579834a2	EUR	496.40	87.60	584.00	2026-01-22 22:30:01.264951+01
dfb9a0e3	63441be5	EUR	76.50	13.50	90.00	2026-01-22 22:30:01.264981+01
b0266020	37b3f642	EUR	589.05	103.95	693.00	2026-01-22 22:30:01.265011+01
4a445532	8c98b2fd	EUR	923.95	163.05	1087.00	2026-01-22 22:30:01.265049+01
476fc57d	022fceae	EUR	52.70	9.30	62.00	2026-01-22 22:30:01.26508+01
ebb60a8d	ecc08c48	EUR	76.50	13.50	90.00	2026-01-22 22:30:01.26511+01
d1d3439c	16f211a4	EUR	229.50	40.50	270.00	2026-01-22 22:30:01.265141+01
3325e245	076bae85	EUR	930.75	164.25	1095.00	2026-01-22 22:30:01.26517+01
83d2dca3	7a5e6c59	EUR	599.25	105.75	705.00	2026-01-22 22:30:01.2652+01
5a563ad5	650a5a84	EUR	918.85	162.15	1081.00	2026-01-22 22:30:01.26523+01
3d08e4b7	7c69b06d	EUR	438.60	77.40	516.00	2026-01-22 22:30:01.265264+01
085c1263	6e77fe4f	EUR	117.30	20.70	138.00	2026-01-22 22:30:01.265293+01
fb434462	c2f3523a	EUR	119.00	21.00	140.00	2026-01-22 22:30:01.265326+01
89b4cb18	aca37865	EUR	107.95	19.05	127.00	2026-01-22 22:30:01.26535+01
ce731c37	68ebe21e	EUR	677.45	119.55	797.00	2026-01-22 22:30:01.265375+01
a9e39131	0da158a7	EUR	102.85	18.15	121.00	2026-01-22 22:30:01.265405+01
8b269b52	37c71017	EUR	66.30	11.70	78.00	2026-01-22 22:30:01.265427+01
1ae0bf65	c3380367	EUR	179.35	31.65	211.00	2026-01-22 22:30:01.265456+01
e91f4244	389d2a06	EUR	985.15	173.85	1159.00	2026-01-22 22:30:01.26548+01
52f382a9	ccec04ee	EUR	123.25	21.75	145.00	2026-01-22 22:30:01.265504+01
8413258f	739dc960	EUR	221.85	39.15	261.00	2026-01-22 22:30:01.265532+01
90191d04	e22d7e45	EUR	73.95	13.05	87.00	2026-01-22 22:30:01.265556+01
5a1b211a	3a1b00c4	EUR	925.65	163.35	1089.00	2026-01-22 22:30:01.265593+01
4b7b8021	55dc98c9	EUR	171.70	30.30	202.00	2026-01-22 22:30:01.265632+01
fd8898d1	6608348a	EUR	225.25	39.75	265.00	2026-01-22 22:30:01.265668+01
78c807f6	450f0516	EUR	787.95	139.05	927.00	2026-01-22 22:30:01.265687+01
67bb5643	ac895627	EUR	352.75	62.25	415.00	2026-01-22 22:30:01.265703+01
c66387d5	8a04481f	EUR	990.25	174.75	1165.00	2026-01-22 22:30:01.265718+01
a9548231	b9ebc703	EUR	624.75	110.25	735.00	2026-01-22 22:30:01.265734+01
8cd37543	307f2822	EUR	410.55	72.45	483.00	2026-01-22 22:30:01.265749+01
3467c92f	bf6dd350	EUR	1009.80	178.20	1188.00	2026-01-22 22:30:01.265764+01
f08ab86e	8621d89c	EUR	810.90	143.10	954.00	2026-01-22 22:30:01.26578+01
25dfa398	9605c453	EUR	993.65	175.35	1169.00	2026-01-22 22:30:01.265795+01
7d57c98b	0974cdba	EUR	207.40	36.60	244.00	2026-01-22 22:30:01.26581+01
f4f9258d	931f4cd5	EUR	234.60	41.40	276.00	2026-01-22 22:30:01.26584+01
678318f1	1c74ac64	EUR	146.20	25.80	172.00	2026-01-22 22:30:01.265856+01
b4bbf77c	5855d702	EUR	209.10	36.90	246.00	2026-01-22 22:30:01.265871+01
89758a9d	8a4d3bb2	EUR	93.50	16.50	110.00	2026-01-22 22:30:01.265885+01
e5500f09	7fcde98a	EUR	119.85	21.15	141.00	2026-01-22 22:30:01.265915+01
43254cbf	8dae869e	EUR	115.60	20.40	136.00	2026-01-22 22:30:01.265931+01
5b662c57	6f1cb634	EUR	225.25	39.75	265.00	2026-01-22 22:30:01.265946+01
531991fa	e77dae70	EUR	85.85	15.15	101.00	2026-01-22 22:30:01.265961+01
315d1a46	585ba7ef	EUR	784.55	138.45	923.00	2026-01-22 22:30:01.265977+01
7f4f96dc	05c63705	EUR	196.35	34.65	231.00	2026-01-22 22:30:01.265992+01
28a7cfe9	9ccd9065	EUR	97.75	17.25	115.00	2026-01-22 22:30:01.266007+01
26d776ac	05d09ba3	EUR	671.50	118.50	790.00	2026-01-22 22:30:01.266022+01
00a59b86	19d908d5	EUR	663.85	117.15	781.00	2026-01-22 22:30:01.266053+01
4c3283ea	86027dbe	EUR	141.95	25.05	167.00	2026-01-22 22:30:01.266071+01
b1b5be27	07cf3811	EUR	880.60	155.40	1036.00	2026-01-22 22:30:01.266087+01
9b5fc5c5	c6a067b0	EUR	986.00	174.00	1160.00	2026-01-22 22:30:01.266103+01
9f51e2b9	582ea48d	EUR	124.95	22.05	147.00	2026-01-22 22:30:01.266118+01
66d852f2	47130a44	EUR	794.75	140.25	935.00	2026-01-22 22:30:01.266133+01
50e8e4b8	90cc6e1f	EUR	53.55	9.45	63.00	2026-01-22 22:30:01.26615+01
e5896480	f59e4757	EUR	68.85	12.15	81.00	2026-01-22 22:30:01.266165+01
7243bea1	958e6a7f	EUR	107.10	18.90	126.00	2026-01-22 22:30:01.26618+01
99e36567	d10a2f28	EUR	187.00	33.00	220.00	2026-01-22 22:30:01.266196+01
458f9beb	4e0cd3f7	EUR	124.10	21.90	146.00	2026-01-22 22:30:01.266212+01
876e6dd8	1b04ba58	EUR	550.80	97.20	648.00	2026-01-22 22:30:01.266227+01
ebe8699c	5259e0dc	EUR	232.90	41.10	274.00	2026-01-22 22:30:01.266244+01
4277068d	ea6cc118	EUR	979.20	172.80	1152.00	2026-01-22 22:30:01.26626+01
22f5eb67	b8c56f52	EUR	85.85	15.15	101.00	2026-01-22 22:30:01.266275+01
b137a1c7	7b586102	EUR	97.75	17.25	115.00	2026-01-22 22:30:01.26629+01
e4954227	d1b55756	EUR	807.50	142.50	950.00	2026-01-22 22:30:01.266305+01
9eed7c7e	ad113212	EUR	214.20	37.80	252.00	2026-01-22 22:30:01.26632+01
8648809e	9d47a779	EUR	209.95	37.05	247.00	2026-01-22 22:30:01.266335+01
52fab11a	143be571	EUR	97.75	17.25	115.00	2026-01-22 22:30:01.26635+01
e1200d48	fef53b68	EUR	103.70	18.30	122.00	2026-01-22 22:30:01.266365+01
7837c32b	d781039b	EUR	76.50	13.50	90.00	2026-01-22 22:30:01.26638+01
1cd09668	76bf7e30	EUR	559.30	98.70	658.00	2026-01-22 22:30:01.266395+01
fe819484	b916aeb5	EUR	61.20	10.80	72.00	2026-01-22 22:30:01.266411+01
302dfe11	cfa17dcc	EUR	382.50	67.50	450.00	2026-01-22 22:30:01.266428+01
69b158f6	3a8721f0	EUR	566.10	99.90	666.00	2026-01-22 22:30:01.266443+01
ea74c77c	31b890a1	EUR	775.20	136.80	912.00	2026-01-22 22:30:01.266458+01
a108a27d	a6d66d88	EUR	147.05	25.95	173.00	2026-01-22 22:30:01.266474+01
3674d6b3	be33be57	EUR	827.05	145.95	973.00	2026-01-22 22:30:01.266489+01
8559536a	55ab6723	EUR	147.90	26.10	174.00	2026-01-22 22:30:01.266505+01
2da32dc0	dd103704	EUR	982.60	173.40	1156.00	2026-01-22 22:30:01.26652+01
31e77cbb	995ef96f	EUR	148.75	26.25	175.00	2026-01-22 22:30:01.266536+01
085c9f01	cc2cf5cb	EUR	209.95	37.05	247.00	2026-01-22 22:30:01.266565+01
3ec8a80b	0b65b60a	EUR	969.85	171.15	1141.00	2026-01-22 22:30:01.266581+01
475a1983	d94277af	EUR	961.35	169.65	1131.00	2026-01-22 22:30:01.266612+01
459d9900	ec6f4f0d	EUR	92.65	16.35	109.00	2026-01-22 22:30:01.266659+01
1a1e6899	7c07cfc6	EUR	169.15	29.85	199.00	2026-01-22 22:30:01.266705+01
59369ad0	934b6b9f	EUR	74.80	13.20	88.00	2026-01-22 22:30:01.266721+01
a9cf44ea	814295a7	EUR	896.75	158.25	1055.00	2026-01-22 22:30:01.266737+01
d2f20d95	c4817da0	EUR	105.40	18.60	124.00	2026-01-22 22:30:01.266791+01
64ddc290	c16bbc94	EUR	188.70	33.30	222.00	2026-01-22 22:30:01.266807+01
569e63e5	ff187ede	EUR	493.00	87.00	580.00	2026-01-22 22:30:01.266823+01
ece98bdc	85dec497	EUR	94.35	16.65	111.00	2026-01-22 22:30:01.266839+01
4816a5d5	308224c2	EUR	147.05	25.95	173.00	2026-01-22 22:30:01.266854+01
ef5686f1	9158dcc8	EUR	193.80	34.20	228.00	2026-01-22 22:30:01.26687+01
cba600ae	d7addf49	EUR	1032.75	182.25	1215.00	2026-01-22 22:30:01.266886+01
311a1a5e	fe8335e3	EUR	126.65	22.35	149.00	2026-01-22 22:30:01.266904+01
91e24d1d	07c79a91	EUR	76.50	13.50	90.00	2026-01-22 22:30:01.266921+01
8f604f67	d54e77dd	EUR	96.05	16.95	113.00	2026-01-22 22:30:01.266942+01
9d9770e1	5db05d09	EUR	779.45	137.55	917.00	2026-01-22 22:30:01.266958+01
a40fa3d6	9225d2d9	EUR	1103.30	194.70	1298.00	2026-01-22 22:30:01.266973+01
ea8a738d	1c81e489	EUR	731.85	129.15	861.00	2026-01-22 22:30:01.26699+01
cf77201a	d56c62ec	EUR	71.40	12.60	84.00	2026-01-22 22:30:01.267007+01
f94a5f87	9b183ce4	EUR	104.55	18.45	123.00	2026-01-22 22:30:01.267024+01
526780e5	e7ef5106	EUR	195.50	34.50	230.00	2026-01-22 22:30:01.267056+01
77ef58c8	611fd6e8	EUR	109.65	19.35	129.00	2026-01-22 22:30:01.267106+01
6d9f4794	4b233964	EUR	86.70	15.30	102.00	2026-01-22 22:30:01.267121+01
7f3cc070	c635a91a	EUR	977.50	172.50	1150.00	2026-01-22 22:30:01.267172+01
8644ab9a	7370cb6e	EUR	508.30	89.70	598.00	2026-01-22 22:30:01.267208+01
ec75470d	049193d6	EUR	69.70	12.30	82.00	2026-01-22 22:30:01.267279+01
6a03a9b2	227b2553	EUR	731.00	129.00	860.00	2026-01-22 22:30:01.267331+01
4a5cd1b5	cf70d848	EUR	181.05	31.95	213.00	2026-01-22 22:30:01.267361+01
14b9d4e8	693198a5	EUR	762.45	134.55	897.00	2026-01-22 22:30:01.267391+01
6b3b25f0	62ea59ec	EUR	92.65	16.35	109.00	2026-01-22 22:30:01.267421+01
84f99c75	43c6880a	EUR	116.45	20.55	137.00	2026-01-22 22:30:01.267454+01
44313d8b	1e1db6c1	EUR	90.95	16.05	107.00	2026-01-22 22:30:01.267489+01
0afeb36a	946e390d	EUR	768.40	135.60	904.00	2026-01-22 22:30:01.26753+01
a1c8b024	ad9e7dc6	EUR	160.65	28.35	189.00	2026-01-22 22:30:01.267578+01
d791c8d5	839c2ed3	EUR	936.70	165.30	1102.00	2026-01-22 22:30:01.267614+01
26916c5c	871c4000	EUR	130.90	23.10	154.00	2026-01-22 22:30:01.267652+01
b08a8465	95a85bfd	EUR	741.20	130.80	872.00	2026-01-22 22:30:01.267695+01
c6c3c0fd	da02e0d0	EUR	732.70	129.30	862.00	2026-01-22 22:30:01.267732+01
f0e2339f	6edab365	EUR	174.25	30.75	205.00	2026-01-22 22:30:01.267781+01
c50b7afe	707de59a	EUR	997.90	176.10	1174.00	2026-01-22 22:30:01.26781+01
6e602c86	bea71089	EUR	95.20	16.80	112.00	2026-01-22 22:30:01.267839+01
e8c5dc38	aa5ab63c	EUR	620.50	109.50	730.00	2026-01-22 22:30:01.267872+01
0f83b04b	779f6921	EUR	101.15	17.85	119.00	2026-01-22 22:30:01.26791+01
4c5ec08f	caa6dc2e	EUR	61.20	10.80	72.00	2026-01-22 22:30:01.267941+01
186ad595	15ff1d7f	EUR	125.80	22.20	148.00	2026-01-22 22:30:01.267967+01
ee09c2e0	586f05c5	EUR	164.05	28.95	193.00	2026-01-22 22:30:01.267995+01
598755a7	962c4b0a	EUR	175.95	31.05	207.00	2026-01-22 22:30:01.268023+01
f3a66464	e0548c19	EUR	51.85	9.15	61.00	2026-01-22 22:30:01.268064+01
28d55f8c	0dc30d9f	EUR	819.40	144.60	964.00	2026-01-22 22:30:01.268117+01
39b45cb1	3b0b173f	EUR	111.35	19.65	131.00	2026-01-22 22:30:01.268153+01
c872ac6b	bf6421cd	EUR	895.90	158.10	1054.00	2026-01-22 22:30:01.268209+01
ab00d7ee	a035847c	EUR	148.75	26.25	175.00	2026-01-22 22:30:01.268265+01
dcd301a7	70845d80	EUR	99.45	17.55	117.00	2026-01-22 22:30:01.268308+01
ab4c7da5	5d030536	EUR	198.05	34.95	233.00	2026-01-22 22:30:01.268341+01
cefffcd3	2eac0e75	EUR	147.90	26.10	174.00	2026-01-22 22:30:01.268367+01
4518ba71	0f78cb12	EUR	136.85	24.15	161.00	2026-01-22 22:30:01.2684+01
f69540d4	6902c6b6	EUR	82.45	14.55	97.00	2026-01-22 22:30:01.268428+01
56eb4725	b6875516	EUR	783.70	138.30	922.00	2026-01-22 22:30:01.268454+01
1178c2ae	643012ee	EUR	994.50	175.50	1170.00	2026-01-22 22:30:01.268482+01
49bf98f8	480fbb0f	EUR	85.00	15.00	100.00	2026-01-22 22:30:01.26851+01
dec43224	cb7650cc	EUR	668.10	117.90	786.00	2026-01-22 22:30:01.268534+01
543a106f	2ad474c8	EUR	90.95	16.05	107.00	2026-01-22 22:30:01.268558+01
322e7881	acedeab7	EUR	120.70	21.30	142.00	2026-01-22 22:30:01.26859+01
c461ca3e	1a7cc527	EUR	167.45	29.55	197.00	2026-01-22 22:30:01.26862+01
e2e8c084	713ed96d	EUR	98.60	17.40	116.00	2026-01-22 22:30:01.26864+01
688af6eb	f9d095a8	EUR	95.20	16.80	112.00	2026-01-22 22:30:01.268655+01
aa72e6d7	40edfd32	EUR	858.50	151.50	1010.00	2026-01-22 22:30:01.26867+01
137ec981	71837204	EUR	1016.60	179.40	1196.00	2026-01-22 22:30:01.268685+01
e248e0c5	115a453a	EUR	93.50	16.50	110.00	2026-01-22 22:30:01.268701+01
39e5e456	7f9ae5ad	EUR	92.65	16.35	109.00	2026-01-22 22:30:01.268717+01
6694c1d0	2ff0c26e	EUR	878.05	154.95	1033.00	2026-01-22 22:30:01.268732+01
af33907b	b3ad0a30	EUR	185.30	32.70	218.00	2026-01-22 22:30:01.268747+01
145a0931	12aad6eb	EUR	492.15	86.85	579.00	2026-01-22 22:30:01.268763+01
33e266b4	b543e3c2	EUR	112.20	19.80	132.00	2026-01-22 22:30:01.268778+01
ad5482c5	99053d43	EUR	889.95	157.05	1047.00	2026-01-22 22:30:01.268795+01
6cbfb6fe	3587ba9f	EUR	99.45	17.55	117.00	2026-01-22 22:30:01.268811+01
cc7eb545	fbea733e	EUR	221.85	39.15	261.00	2026-01-22 22:30:01.268826+01
58995700	03f934a7	EUR	1031.05	181.95	1213.00	2026-01-22 22:30:01.268841+01
d1e178d5	0aea64b7	EUR	889.95	157.05	1047.00	2026-01-22 22:30:01.268856+01
6059a479	a213281a	EUR	93.50	16.50	110.00	2026-01-22 22:30:01.268871+01
19e521e2	634b4e14	EUR	153.85	27.15	181.00	2026-01-22 22:30:01.268887+01
ffc1bfd5	24f17c12	EUR	97.75	17.25	115.00	2026-01-22 22:30:01.268903+01
cf6b4194	d8347a7d	EUR	814.30	143.70	958.00	2026-01-22 22:30:01.268918+01
4b8ef708	d819f946	EUR	62.05	10.95	73.00	2026-01-22 22:30:01.268935+01
5708e8b1	ef1fc048	EUR	903.55	159.45	1063.00	2026-01-22 22:30:01.268951+01
c0f20d4b	d68cffb0	EUR	206.55	36.45	243.00	2026-01-22 22:30:01.268967+01
\.


--
-- Data for Name: routes; Type: TABLE DATA; Schema: travel; Owner: postgres
--

COPY travel.routes (route_id, origin, destination, distance_km) FROM stdin;
2de9d8b6	MAD	BCN	504
9b69419a	MAD	CDG	1053
9a65a14f	MAD	LHR	1265
546f49a2	MAD	PMI	553
ed6d99e8	MAD	JFK	5770
e8088b21	MAD	DXB	5610
2cd26244	MAD	SCZ	8850
\.


--
-- Data for Name: tickets; Type: TABLE DATA; Schema: travel; Owner: postgres
--

COPY travel.tickets (ticket_id, flight_id, issued_ts, eticket_number, status, customer_id) FROM stdin;
2305f69e	IB943-2026-01-25-MAD-JFK	2026-01-31 11:03:50+01	bec4f648	PENDING	3c6e644e
a5b8278e	IB119-2026-01-27-MAD-CDG	2026-02-01 22:15:19+01	6cbc81d4	ONLINE	a88786fe
e5e18d1d	IB547-2026-01-22-MAD-JFK	2026-02-07 00:46:52+01	82b0b790	ON_SITE	8047f4c9
e7d78e59	IB295-2026-01-24-MAD-SCZ	2026-02-01 18:02:24+01	6c0e467c	ON_SITE	b3a28585
1e2f7cb3	IB180-2026-01-29-MAD-SCZ	2026-02-03 02:39:51+01	afba6c10	ON_SITE	6e8afdb9
e018aee3	IB673-2026-01-27-MAD-DXB	2026-02-04 12:50:01+01	fecf849d	ON_SITE	1a8afe2d
cf744dc0	IB669-2026-01-26-MAD-CDG	2026-02-03 02:39:51+01	1b3773d2	PENDING	f8b1e349
061f2d94	IB943-2026-01-25-MAD-JFK	2026-01-24 18:11:03+01	224d2794	ONLINE	260a44b4
d5b8b7a3	IB766-2026-01-24-MAD-BCN	2026-02-05 07:29:19+01	c8785189	ONLINE	260a44b4
0fbc1266	IB792-2026-01-25-MAD-PMI	2026-02-01 22:15:19+01	d8c67227	ONLINE	00a00b29
5678f2ec	IB274-2026-01-29-MAD-JFK	2026-02-06 11:21:02+01	a62a8846	PENDING	9e881897
2aa97297	IB245-2026-01-28-MAD-CDG	2026-02-05 07:37:23+01	54cda591	ON_SITE	b48a4586
eaff78bf	IB548-2026-01-24-MAD-PMI	2026-02-05 15:48:53+01	63e2cb68	ONLINE	cca84bac
d5709216	IB467-2026-01-24-MAD-JFK	2026-01-24 18:11:03+01	994a8c08	PENDING	74ecdd17
18e0b321	IB183-2026-01-28-MAD-BCN	2026-02-06 11:21:02+01	5dfaabe5	PENDING	bd357688
ae59bf22	IB189-2026-01-23-MAD-PMI	2026-01-24 18:11:03+01	cede9960	ON_SITE	e9bec207
eed35785	IB197-2026-01-22-MAD-BCN	2026-02-02 05:37:32+01	9b084e5d	ONLINE	cb047f4f
74799e7a	IB289-2026-01-26-MAD-JFK	2026-02-05 07:37:23+01	c14563b6	ON_SITE	2d5a6086
8e2cc4f4	IB253-2026-01-27-MAD-PMI	2026-02-01 23:42:05+01	ec6caec9	PENDING	ed104453
c3e0d764	IB346-2026-01-26-MAD-DXB	2026-02-01 18:02:24+01	c5b70a7d	ONLINE	63832a3d
e5714b55	IB736-2026-01-26-MAD-PMI	2026-02-05 15:48:53+01	eda4e3f4	PENDING	c75f27fb
6f340e49	IB391-2026-01-29-BCN-LHR	2026-02-01 18:02:24+01	2a149311	ON_SITE	406416dd
50250919	IB330-2026-01-22-MAD-DXB	2026-02-05 09:39:31+01	b8de2cd9	ON_SITE	dd7b7f1a
dae04589	IB202-2026-01-29-MAD-DXB	2026-02-05 15:48:53+01	82317004	ON_SITE	59540e34
27a76012	IB964-2026-01-24-BCN-LHR	2026-02-05 07:29:19+01	a91346df	ONLINE	a74190bc
92867833	IB751-2026-01-23-BCN-LHR	2026-02-05 09:39:31+01	e0e0289a	PENDING	b0595b9e
0b1315e0	IB822-2026-01-23-MAD-BCN	2026-02-05 07:37:23+01	3c589378	PENDING	402defd3
22d37d0d	IB202-2026-01-29-MAD-DXB	2026-02-05 15:48:53+01	81ecb099	PENDING	077545c0
a218e0bc	IB197-2026-01-22-MAD-BCN	2026-01-31 11:03:50+01	62aa2df9	PENDING	e10e2423
7d6a2b3b	IB346-2026-01-26-MAD-DXB	2026-02-05 07:37:23+01	28fe1920	PENDING	260a44b4
607adda1	IB470-2026-01-24-MAD-DXB	2026-02-01 18:02:24+01	67184c0b	ON_SITE	71119e2b
b4ce5e22	IB822-2026-01-23-MAD-BCN	2026-02-01 23:42:05+01	66702487	PENDING	94ba147e
558e14a4	IB736-2026-01-26-MAD-PMI	2026-02-01 22:15:19+01	44aaa95f	ONLINE	5c285415
32028759	IB195-2026-01-25-MAD-BCN	2026-02-05 15:48:53+01	531250c7	ON_SITE	a963f399
0558bbad	IB766-2026-01-24-MAD-BCN	2026-01-24 18:11:03+01	f1c639fe	ONLINE	b43fdba1
3bcb75cf	IB245-2026-01-28-MAD-CDG	2026-02-05 07:37:23+01	dd6fd7b3	PENDING	079f1c0e
81966269	IB725-2026-01-26-BCN-LHR	2026-02-05 09:39:31+01	07114fad	PENDING	079f1c0e
91a84f33	IB357-2026-01-28-MAD-SCZ	2026-02-07 00:46:52+01	5da6d050	PENDING	eaa0defc
19f1bce2	IB924-2026-01-28-MAD-JFK	2026-02-06 11:21:02+01	ec056692	ONLINE	8665e7ee
75c1bd97	IB189-2026-01-23-MAD-PMI	2026-02-02 05:37:32+01	02c88433	ON_SITE	eaa0defc
531c7c30	IB662-2026-01-24-MAD-CDG	2026-02-02 05:37:32+01	355ba6cb	ONLINE	1e44fee8
8068affa	IB245-2026-01-28-MAD-CDG	2026-02-01 22:15:19+01	c229f906	ONLINE	1d18dcb6
c4245ed0	IB289-2026-01-26-MAD-JFK	2026-02-06 11:21:02+01	24991342	PENDING	b83d9ca7
a9a8e12a	IB245-2026-01-28-MAD-CDG	2026-02-01 22:15:19+01	78ca0fae	ON_SITE	0c004ba0
5a78a893	IB822-2026-01-23-MAD-BCN	2026-01-31 11:03:50+01	e42440a6	ON_SITE	8c9cd4c2
1ae3a5ce	IB468-2026-01-25-MAD-DXB	2026-02-01 18:02:24+01	c3ed2fa8	PENDING	0e00aa5f
520d27bf	IB328-2026-01-23-MAD-CDG	2026-02-01 23:42:05+01	5075ae7e	PENDING	c6a5beaa
dddb1917	IB725-2026-01-26-BCN-LHR	2026-02-05 07:37:23+01	69909cae	PENDING	1fa35020
70afa2d2	IB357-2026-01-28-MAD-SCZ	2026-01-27 21:14:25+01	4d264448	ON_SITE	260a44b4
cbaee4a6	IB245-2026-01-28-MAD-CDG	2026-02-07 00:46:52+01	1437b506	PENDING	8fd62e85
a2789b60	IB751-2026-01-23-BCN-LHR	2026-02-01 22:15:19+01	71ca4293	ON_SITE	267866bf
2d6e93cd	IB547-2026-01-22-MAD-JFK	2026-02-05 15:48:53+01	137735af	PENDING	88fbb994
66047aae	IB189-2026-01-23-MAD-PMI	2026-02-07 00:46:52+01	ac6ea60e	ONLINE	079f1c0e
1636d668	IB896-2026-01-28-MAD-PMI	2026-02-05 09:39:31+01	3c98440d	PENDING	5c285415
3b016778	IB673-2026-01-27-MAD-DXB	2026-01-24 18:11:03+01	9710ebf4	ONLINE	da44ffe6
29098c72	IB896-2026-01-28-MAD-PMI	2026-02-01 22:15:19+01	d2e6c762	PENDING	f1cf4895
d6f6c0e6	IB896-2026-01-28-MAD-PMI	2026-02-05 15:48:53+01	4f49e9c5	ON_SITE	46898e5c
34dbef60	IB792-2026-01-25-MAD-PMI	2026-02-05 07:29:19+01	e7741232	PENDING	dd7b7f1a
01faae8b	IB202-2026-01-29-MAD-DXB	2026-02-06 11:21:02+01	22dda09b	PENDING	82adbcfd
b8d0f130	IB253-2026-01-27-MAD-PMI	2026-02-01 23:42:05+01	a33eaff2	ON_SITE	19b3cc88
8da93be8	IB467-2026-01-24-MAD-JFK	2026-02-04 12:50:01+01	09b51ba0	ONLINE	a187c1d1
cc8653cd	IB467-2026-01-24-MAD-JFK	2026-02-01 22:15:19+01	7e85d80a	ONLINE	1fa35020
cb05ab31	IB896-2026-01-28-MAD-PMI	2026-01-27 21:14:25+01	4d736d2d	ON_SITE	4fb1a934
e8fd5eea	IB357-2026-01-28-MAD-SCZ	2026-02-02 05:37:32+01	1502bc0c	ON_SITE	d40b3a36
9d816ce2	IB197-2026-01-22-MAD-BCN	2026-02-05 07:29:19+01	c17ba1c7	ONLINE	4515e051
e459d9de	IB910-2026-01-23-MAD-DXB	2026-02-06 11:21:02+01	594b07f2	ONLINE	371f8a70
fb747086	IB622-2026-01-27-MAD-BCN	2026-02-03 02:39:51+01	23a842af	ON_SITE	d32e5b8c
add2a1f6	IB751-2026-01-23-BCN-LHR	2026-02-01 23:42:05+01	f313a159	ONLINE	da44ffe6
fa3acb81	IB328-2026-01-23-MAD-CDG	2026-02-05 07:37:23+01	5b5548e0	ON_SITE	baebc1a2
2a33de4a	IB197-2026-01-22-MAD-BCN	2026-01-27 21:14:25+01	17b5fa98	PENDING	43480a39
dc19ec12	IB245-2026-01-28-MAD-CDG	2026-02-02 05:37:32+01	38f42b79	ONLINE	869aa9e5
fab877c3	IB215-2026-01-23-MAD-SCZ	2026-02-05 07:29:19+01	8bb64685	PENDING	6e8afdb9
e0068b26	IB427-2026-01-28-BCN-LHR	2026-02-05 07:37:23+01	15064963	PENDING	e6746d85
f1829c7e	IB202-2026-01-29-MAD-DXB	2026-02-06 11:21:02+01	e4939670	PENDING	4623e2e5
c3f70419	IB427-2026-01-28-BCN-LHR	2026-02-02 05:37:32+01	9ad28101	ON_SITE	cb2842f9
8c4d317f	IB547-2026-01-22-MAD-JFK	2026-02-05 09:39:31+01	98b11f98	ONLINE	abda005a
1bafc390	IB219-2026-01-22-BCN-LHR	2026-02-05 09:39:31+01	b00ad958	PENDING	ec533a6f
419e6630	IB725-2026-01-26-BCN-LHR	2026-02-04 12:50:01+01	67790de9	ONLINE	de8c2926
8b199e90	IB202-2026-01-29-MAD-DXB	2026-02-05 07:29:19+01	b142e584	ON_SITE	1af22276
e34ce570	IB697-2026-01-27-BCN-LHR	2026-02-05 07:29:19+01	22da9cf6	ON_SITE	79489de3
59991656	IB792-2026-01-25-MAD-PMI	2026-02-05 09:39:31+01	7b6eba2a	ON_SITE	1529c111
a9a8f95e	IB376-2026-01-29-MAD-PMI	2026-02-06 11:21:02+01	0ea8d251	ON_SITE	94bd64e3
b585a844	IB253-2026-01-27-MAD-PMI	2026-02-07 00:46:52+01	758f787f	PENDING	0235d7e9
09f0c4bf	IB119-2026-01-27-MAD-CDG	2026-02-06 11:21:02+01	941a9b91	ONLINE	8fd62e85
4fbebd5c	IB328-2026-01-23-MAD-CDG	2026-01-24 18:11:03+01	b68a890a	ON_SITE	6c707f62
7a476846	IB274-2026-01-29-MAD-JFK	2026-02-03 02:39:51+01	106ed39d	ONLINE	71119e2b
e474a868	IB725-2026-01-26-BCN-LHR	2026-02-06 11:21:02+01	574461b0	ON_SITE	f3c36c86
a116bff7	IB103-2026-01-27-MAD-JFK	2026-02-05 07:37:23+01	799d4e9f	ON_SITE	99f2e8b7
cd2853b2	IB376-2026-01-29-MAD-PMI	2026-02-05 07:37:23+01	4a7651fe	PENDING	00c9b43b
a9f3ee98	IB391-2026-01-29-BCN-LHR	2026-02-05 15:48:53+01	c556cd9b	ONLINE	ca875942
1135e5bf	IB346-2026-01-26-MAD-DXB	2026-02-05 07:29:19+01	8a5236b1	PENDING	d506cfea
8665016d	IB460-2026-01-22-MAD-PMI	2026-02-06 11:21:02+01	b25a91ac	PENDING	8fa493ce
70237641	IB215-2026-01-23-MAD-SCZ	2026-02-07 00:46:52+01	b77b889c	PENDING	325086de
437de5a3	IB103-2026-01-27-MAD-JFK	2026-02-05 07:37:23+01	deed5667	ONLINE	ab4afad1
842f053c	IB245-2026-01-28-MAD-CDG	2026-02-01 22:15:19+01	3e7d71df	ONLINE	e3c87aa6
2733ca6e	IB273-2026-01-29-MAD-BCN	2026-02-01 22:15:19+01	12d9534f	ON_SITE	5620c9cc
dabde279	IB766-2026-01-24-MAD-BCN	2026-02-04 12:50:01+01	abfa6255	PENDING	96dc0e89
b1ab2a0a	IB183-2026-01-28-MAD-BCN	2026-02-05 07:29:19+01	b64b87e5	ON_SITE	4d970a7f
0a35f353	IB964-2026-01-24-BCN-LHR	2026-02-01 23:42:05+01	8ff1b7c0	ONLINE	636a90e5
b741f54f	IB871-2026-01-23-MAD-JFK	2026-02-05 07:29:19+01	d00ed746	ON_SITE	b1fa0584
caf3e52b	IB467-2026-01-24-MAD-JFK	2026-02-06 11:21:02+01	a6a0490d	PENDING	df01be6f
720434e2	IB662-2026-01-24-MAD-CDG	2026-02-01 18:02:24+01	3b48e97c	PENDING	aebe7fef
949050f9	IB626-2026-01-25-MAD-CDG	2026-02-05 07:29:19+01	9f3781a9	ON_SITE	dd7b7f1a
49e99846	IB267-2026-01-25-BCN-LHR	2026-02-07 00:46:52+01	e5b00c52	ONLINE	d2423176
4006718a	IB103-2026-01-27-MAD-JFK	2026-02-01 18:02:24+01	7c00a077	ONLINE	a8362c2e
4cc9f600	IB673-2026-01-27-MAD-DXB	2026-02-01 23:42:05+01	e0511bad	ON_SITE	01eed269
386a7908	IB547-2026-01-22-MAD-JFK	2026-01-24 18:11:03+01	db80fcf1	ONLINE	ca875942
c5c996c6	IB792-2026-01-25-MAD-PMI	2026-01-31 11:03:50+01	f4d16c0d	ON_SITE	079f1c0e
203e629f	IB460-2026-01-22-MAD-PMI	2026-02-05 07:37:23+01	02acf268	ON_SITE	de869752
aa73c86d	IB548-2026-01-24-MAD-PMI	2026-02-01 22:15:19+01	1666b473	PENDING	3dada837
5ff9ad8b	IB328-2026-01-23-MAD-CDG	2026-02-01 18:02:24+01	145dca62	PENDING	1e44fee8
8274cfda	IB391-2026-01-29-BCN-LHR	2026-02-05 07:37:23+01	3c356038	ONLINE	aeaca7e5
c98918a4	IB274-2026-01-29-MAD-JFK	2026-01-31 11:03:50+01	b9a3901a	ONLINE	636a90e5
325ee064	IB725-2026-01-26-BCN-LHR	2026-02-04 12:50:01+01	d6102f3d	ONLINE	adc191a6
8e672561	IB725-2026-01-26-BCN-LHR	2026-02-05 09:39:31+01	5798e026	ONLINE	079f1c0e
1b9f7100	IB237-2026-01-26-MAD-BCN	2026-02-01 22:15:19+01	d236bfbb	ON_SITE	8f0bad12
a7cdc1ed	IB219-2026-01-22-BCN-LHR	2026-02-01 18:02:24+01	c82621a4	PENDING	d2423176
fae4d734	IB662-2026-01-24-MAD-CDG	2026-02-01 22:15:19+01	6978dbe3	ONLINE	cb047f4f
b92ad713	IB751-2026-01-23-BCN-LHR	2026-02-01 18:02:24+01	05223635	ON_SITE	0235d7e9
b844f2cb	IB346-2026-01-26-MAD-DXB	2026-02-03 02:39:51+01	bfeb1b85	ONLINE	8fd62e85
2bd9820a	IB910-2026-01-23-MAD-DXB	2026-02-03 02:39:51+01	2bb10aa3	ON_SITE	6e8afdb9
17a41bf8	IB119-2026-01-27-MAD-CDG	2026-02-02 05:37:32+01	546324ff	ONLINE	73ed2115
66ad34b0	IB626-2026-01-25-MAD-CDG	2026-02-02 05:37:32+01	8232d172	ONLINE	a963f399
b402b6a6	IB427-2026-01-28-BCN-LHR	2026-02-03 02:39:51+01	c617b907	ONLINE	aeaca7e5
cb29cf90	IB964-2026-01-24-BCN-LHR	2026-01-31 11:03:50+01	2fea4a6c	ONLINE	3c6e644e
47cf5404	IB964-2026-01-24-BCN-LHR	2026-02-05 15:48:53+01	d40eff52	ONLINE	03f27563
aaeacfa7	IB822-2026-01-23-MAD-BCN	2026-02-04 12:50:01+01	7535c79a	ON_SITE	1e5c3e96
2e550965	IB751-2026-01-23-BCN-LHR	2026-02-01 18:02:24+01	480b820c	ON_SITE	480d4540
83e4ac8a	IB253-2026-01-27-MAD-PMI	2026-01-27 21:14:25+01	35bc3df2	PENDING	dcd0d3ee
5e4f2a7a	IB792-2026-01-25-MAD-PMI	2026-02-01 23:42:05+01	8a61e803	ONLINE	02960cb6
f520bfe8	IB622-2026-01-27-MAD-BCN	2026-02-05 09:39:31+01	ab235e71	PENDING	ad734ead
cf267254	IB673-2026-01-27-MAD-DXB	2026-02-03 02:39:51+01	f52485db	ON_SITE	fc6fa769
774a6597	IB662-2026-01-24-MAD-CDG	2026-02-07 00:46:52+01	d499a948	PENDING	262106e5
946aba02	IB376-2026-01-29-MAD-PMI	2026-02-04 12:50:01+01	9770353e	PENDING	1529c111
d54d15c9	IB548-2026-01-24-MAD-PMI	2026-02-05 09:39:31+01	01a8f589	PENDING	844f140d
7799a356	IB669-2026-01-26-MAD-CDG	2026-02-01 23:42:05+01	433fa508	ONLINE	3b972b7f
1dff4598	IB793-2026-01-22-MAD-CDG	2026-02-05 15:48:53+01	5e4d601b	ON_SITE	13567de0
7437fa47	IB548-2026-01-24-MAD-PMI	2026-01-24 18:11:03+01	03927f6c	ON_SITE	8582671b
e0ef9f05	IB626-2026-01-25-MAD-CDG	2026-01-31 11:03:50+01	bf6a0dda	PENDING	3e4caae1
38cff707	IB547-2026-01-22-MAD-JFK	2026-01-27 21:14:25+01	47b1e362	ONLINE	df01be6f
531592c3	IB751-2026-01-23-BCN-LHR	2026-02-01 18:02:24+01	540123bd	ONLINE	b8759768
9153f1ae	IB673-2026-01-27-MAD-DXB	2026-01-24 18:11:03+01	e503d257	ONLINE	b6912e98
132206a8	IB273-2026-01-29-MAD-BCN	2026-02-03 02:39:51+01	8515b917	PENDING	5c1272b3
755710e0	IB253-2026-01-27-MAD-PMI	2026-02-01 22:15:19+01	47930e7f	ONLINE	caee2576
31f5ddd3	IB202-2026-01-29-MAD-DXB	2026-02-05 07:29:19+01	b8d77f8f	ONLINE	e76d6b15
e79b5c3b	IB219-2026-01-22-BCN-LHR	2026-02-05 07:37:23+01	fd1867e0	PENDING	c03c69c5
204b7ff8	IB547-2026-01-22-MAD-JFK	2026-02-01 23:42:05+01	916893c9	ONLINE	1f9779a5
ad83b50b	IB376-2026-01-29-MAD-PMI	2026-01-31 11:03:50+01	ae601d5d	ONLINE	3b972b7f
bd9a470d	IB467-2026-01-24-MAD-JFK	2026-02-07 00:46:52+01	aec5e094	ONLINE	f1cf4895
0e523d55	IB189-2026-01-23-MAD-PMI	2026-02-05 07:29:19+01	60686314	ON_SITE	11339f9b
383781a2	IB273-2026-01-29-MAD-BCN	2026-02-01 23:42:05+01	1a4b1124	ONLINE	b1947cb6
1c35a9a4	IB751-2026-01-23-BCN-LHR	2026-01-31 11:03:50+01	2433a436	ONLINE	147b4c93
0cd87c9a	IB924-2026-01-28-MAD-JFK	2026-01-27 21:14:25+01	62a7a80f	ON_SITE	eaa0defc
5846cc73	IB547-2026-01-22-MAD-JFK	2026-01-31 11:03:50+01	c3a063e6	ON_SITE	74ecdd17
33918fea	IB470-2026-01-24-MAD-DXB	2026-02-05 15:48:53+01	ddd5763e	ONLINE	975a8d58
19a420d9	IB330-2026-01-22-MAD-DXB	2026-02-02 05:37:32+01	fbeebc08	ON_SITE	b3a28585
5caf5713	IB346-2026-01-26-MAD-DXB	2026-02-05 09:39:31+01	a1037d02	ONLINE	13e9a3ab
4f514015	IB678-2026-01-26-MAD-SCZ	2026-02-05 07:29:19+01	21e09e44	PENDING	402defd3
b48940e4	IB202-2026-01-29-MAD-DXB	2026-02-01 22:15:19+01	7cebd856	ON_SITE	636a90e5
7c9e64ac	IB249-2026-01-25-MAD-SCZ	2026-01-24 18:11:03+01	b28820fd	ONLINE	02961c5a
7675f4ff	IB189-2026-01-23-MAD-PMI	2026-02-01 18:02:24+01	db60f46f	ONLINE	51229442
498cfb1e	IB202-2026-01-29-MAD-DXB	2026-01-24 18:11:03+01	4e795d4f	ONLINE	cb047f4f
69ff96f1	IB237-2026-01-26-MAD-BCN	2026-02-01 18:02:24+01	dff30851	ONLINE	a963f399
ab5be52d	IB751-2026-01-23-BCN-LHR	2026-02-07 00:46:52+01	01468f28	ON_SITE	e96e3c94
4e1f4e60	IB460-2026-01-22-MAD-PMI	2026-02-01 23:42:05+01	5c9f55b9	ONLINE	7b81aa91
907109c4	IB330-2026-01-22-MAD-DXB	2026-02-05 15:48:53+01	ced03341	PENDING	1bd5ed57
4cb0211b	IB183-2026-01-28-MAD-BCN	2026-02-04 12:50:01+01	b68482db	ON_SITE	ab8ee69a
58dcf283	IB197-2026-01-22-MAD-BCN	2026-02-01 22:15:19+01	58fb8746	PENDING	fc6fa769
235ef052	IB274-2026-01-29-MAD-JFK	2026-02-05 07:29:19+01	c37025b8	ONLINE	29696027
e8deef85	IB548-2026-01-24-MAD-PMI	2026-02-03 02:39:51+01	db66805f	ON_SITE	262106e5
5b18f1d0	IB896-2026-01-28-MAD-PMI	2026-02-07 00:46:52+01	59fa7568	ON_SITE	cadc8163
23ba5b21	IB237-2026-01-26-MAD-BCN	2026-02-06 11:21:02+01	152c6830	PENDING	de8c2926
4751bb8f	IB219-2026-01-22-BCN-LHR	2026-02-06 11:21:02+01	6800e026	PENDING	ad734ead
2e558f47	IB793-2026-01-22-MAD-CDG	2026-02-02 05:37:32+01	dc88f7a6	PENDING	7b81aa91
59187424	IB622-2026-01-27-MAD-BCN	2026-02-01 22:15:19+01	c133afd5	ONLINE	0da5fb99
cc4a3f57	IB736-2026-01-26-MAD-PMI	2026-02-05 07:29:19+01	f8fc47d4	ON_SITE	74e941eb
625fd383	IB427-2026-01-28-BCN-LHR	2026-02-05 15:48:53+01	ae2bf9d7	ONLINE	43480a39
c692542e	IB274-2026-01-29-MAD-JFK	2026-02-05 07:37:23+01	4adaff85	ON_SITE	147b4c93
4d91342f	IB871-2026-01-23-MAD-JFK	2026-02-05 09:39:31+01	65f0aa7c	PENDING	\N
4a1a459b	IB202-2026-01-29-MAD-DXB	2026-02-06 11:21:02+01	a07b736f	ON_SITE	\N
23c1e756	IB729-2026-01-29-MAD-CDG	2026-01-27 21:14:25+01	e0488029	ONLINE	\N
ae59adc4	IB249-2026-01-25-MAD-SCZ	2026-02-07 00:46:52+01	52a8f8a0	ONLINE	\N
911fe4b5	IB964-2026-01-24-BCN-LHR	2026-02-01 22:15:19+01	c56da762	PENDING	\N
d0b428ca	IB142-2026-01-28-MAD-DXB	2026-02-03 02:39:51+01	8da26286	PENDING	\N
6a4011d7	IB103-2026-01-27-MAD-JFK	2026-01-27 21:14:25+01	63210026	ONLINE	\N
f5ef10ab	IB793-2026-01-22-MAD-CDG	2026-01-31 11:03:50+01	c2fd795b	ON_SITE	\N
0da4655d	IB792-2026-01-25-MAD-PMI	2026-02-05 07:29:19+01	fd9a1873	PENDING	\N
95349ddb	IB697-2026-01-27-BCN-LHR	2026-02-07 00:46:52+01	585ce2b4	ONLINE	\N
534467a8	IB202-2026-01-29-MAD-DXB	2026-01-27 21:14:25+01	ae6918dd	ONLINE	\N
586da457	IB245-2026-01-28-MAD-CDG	2026-01-27 21:14:25+01	ed20954d	ONLINE	\N
0960437b	IB357-2026-01-28-MAD-SCZ	2026-02-01 23:42:05+01	39aa9aae	ONLINE	\N
98bc7db6	IB237-2026-01-26-MAD-BCN	2026-02-03 02:39:51+01	6161606d	ON_SITE	\N
d96c52a8	IB189-2026-01-23-MAD-PMI	2026-02-01 22:15:19+01	ce3e46f6	PENDING	\N
02d2bef3	IB587-2026-01-27-MAD-SCZ	2026-02-01 18:02:24+01	30930242	ON_SITE	\N
d7bcfa23	IB622-2026-01-27-MAD-BCN	2026-02-01 23:42:05+01	3db6ef4f	ONLINE	\N
33928aee	IB943-2026-01-25-MAD-JFK	2026-02-07 00:46:52+01	66e83352	PENDING	\N
c0d05980	IB924-2026-01-28-MAD-JFK	2026-01-24 18:11:03+01	0e33297a	PENDING	\N
80cee993	IB219-2026-01-22-BCN-LHR	2026-02-01 18:02:24+01	10063ac6	ON_SITE	\N
629c47fd	IB346-2026-01-26-MAD-DXB	2026-02-07 00:46:52+01	38f0f19b	PENDING	\N
43359dd5	IB357-2026-01-28-MAD-SCZ	2026-02-05 15:48:53+01	ba6107b2	ONLINE	\N
9b5b2ddf	IB673-2026-01-27-MAD-DXB	2026-02-01 22:15:19+01	5e79ac52	ON_SITE	\N
4ce116b6	IB678-2026-01-26-MAD-SCZ	2026-02-07 00:46:52+01	cec330f2	ONLINE	\N
8e792963	IB346-2026-01-26-MAD-DXB	2026-02-03 02:39:51+01	29d4c963	ON_SITE	\N
faeab1e2	IB669-2026-01-26-MAD-CDG	2026-02-05 07:29:19+01	ab4d80e8	ON_SITE	\N
c3e9cb8c	IB245-2026-01-28-MAD-CDG	2026-01-27 21:14:25+01	e714ace5	ONLINE	\N
fed9f7f6	IB470-2026-01-24-MAD-DXB	2026-02-01 23:42:05+01	b4305f6a	PENDING	\N
6c1c04ad	IB245-2026-01-28-MAD-CDG	2026-02-02 05:37:32+01	1c399b3d	PENDING	\N
a1f560cb	IB273-2026-01-29-MAD-BCN	2026-02-01 22:15:19+01	0a44ca77	ON_SITE	\N
110a73da	IB103-2026-01-27-MAD-JFK	2026-02-04 12:50:01+01	ed337224	ON_SITE	\N
188b0237	IB792-2026-01-25-MAD-PMI	2026-02-01 23:42:05+01	8a15f167	ON_SITE	\N
6faca9c3	IB871-2026-01-23-MAD-JFK	2026-02-01 18:02:24+01	30c7e450	ON_SITE	\N
6f55612b	IB792-2026-01-25-MAD-PMI	2026-02-02 05:37:32+01	d23713ef	ONLINE	\N
75b3206f	IB253-2026-01-27-MAD-PMI	2026-02-05 15:48:53+01	59d1aa72	PENDING	\N
70f6da35	IB587-2026-01-27-MAD-SCZ	2026-02-06 11:21:02+01	b8504fa4	ON_SITE	\N
d2a7f37c	IB924-2026-01-28-MAD-JFK	2026-02-01 18:02:24+01	819b5a7b	PENDING	\N
621122e5	IB237-2026-01-26-MAD-BCN	2026-02-03 02:39:51+01	d1f48404	ONLINE	\N
8802967f	IB253-2026-01-27-MAD-PMI	2026-02-07 00:46:52+01	ec8f44d3	ON_SITE	\N
f2f684d6	IB267-2026-01-25-BCN-LHR	2026-01-24 18:11:03+01	05cdf14c	PENDING	\N
6f5a6f65	IB470-2026-01-24-MAD-DXB	2026-02-01 23:42:05+01	1dafe211	ONLINE	\N
da6bf68f	IB274-2026-01-29-MAD-JFK	2026-02-05 09:39:31+01	96dc85d1	ONLINE	\N
0859cfa2	IB195-2026-01-25-MAD-BCN	2026-02-02 05:37:32+01	c1981d31	ON_SITE	\N
4b0f8d03	IB697-2026-01-27-BCN-LHR	2026-02-01 22:15:19+01	41bd0012	ON_SITE	\N
4ed75bcd	IB871-2026-01-23-MAD-JFK	2026-02-01 23:42:05+01	9b8b5469	PENDING	\N
0e331eda	IB357-2026-01-28-MAD-SCZ	2026-02-05 09:39:31+01	297362dd	ONLINE	\N
f1f904dd	IB391-2026-01-29-BCN-LHR	2026-02-02 05:37:32+01	e5f1aeef	ONLINE	\N
f73c2f5a	IB274-2026-01-29-MAD-JFK	2026-02-01 22:15:19+01	68e41c73	ONLINE	\N
a215fd43	IB626-2026-01-25-MAD-CDG	2026-02-05 09:39:31+01	e933e819	ONLINE	\N
e673db15	IB669-2026-01-26-MAD-CDG	2026-01-27 21:14:25+01	1ec61a54	ONLINE	\N
17a39b66	IB662-2026-01-24-MAD-CDG	2026-02-01 22:15:19+01	8fca0daf	PENDING	\N
a6966a7d	IB183-2026-01-28-MAD-BCN	2026-02-04 12:50:01+01	13987f99	ONLINE	\N
36d03c0f	IB142-2026-01-28-MAD-DXB	2026-02-05 09:39:31+01	ea1d12ac	ON_SITE	\N
69d98258	IB470-2026-01-24-MAD-DXB	2026-02-01 18:02:24+01	8c47950e	ON_SITE	\N
f2491aaa	IB183-2026-01-28-MAD-BCN	2026-02-05 07:29:19+01	bd4d5e77	ON_SITE	\N
0b94f801	IB547-2026-01-22-MAD-JFK	2026-02-05 15:48:53+01	e7fc8f2b	ON_SITE	\N
8e35e8d0	IB626-2026-01-25-MAD-CDG	2026-01-27 21:14:25+01	49dd5342	ON_SITE	\N
651c2f7e	IB391-2026-01-29-BCN-LHR	2026-02-01 23:42:05+01	cab12feb	PENDING	\N
7e35918a	IB328-2026-01-23-MAD-CDG	2026-02-01 22:15:19+01	1e17bf8a	ONLINE	\N
22bc74c4	IB202-2026-01-29-MAD-DXB	2026-02-07 00:46:52+01	c553218d	ONLINE	\N
f61506ac	IB662-2026-01-24-MAD-CDG	2026-01-27 21:14:25+01	c361864a	ONLINE	\N
7446b8a0	IB245-2026-01-28-MAD-CDG	2026-01-27 21:14:25+01	bd419bb3	PENDING	\N
a6313d89	IB273-2026-01-29-MAD-BCN	2026-02-05 15:48:53+01	44c5a678	ONLINE	\N
7261a0f3	IB295-2026-01-24-MAD-SCZ	2026-02-01 18:02:24+01	519fe54b	ONLINE	\N
7c31ec20	IB548-2026-01-24-MAD-PMI	2026-02-01 23:42:05+01	b91a6eca	ONLINE	\N
2f63af99	IB427-2026-01-28-BCN-LHR	2026-02-05 07:37:23+01	773c91ea	ON_SITE	\N
95c34e9a	IB215-2026-01-23-MAD-SCZ	2026-02-04 12:50:01+01	68a4773b	ON_SITE	\N
e1a65ac4	IB197-2026-01-22-MAD-BCN	2026-02-03 02:39:51+01	83c68988	ON_SITE	\N
508d2f1a	IB964-2026-01-24-BCN-LHR	2026-01-27 21:14:25+01	37a33988	ON_SITE	\N
92232035	IB673-2026-01-27-MAD-DXB	2026-02-01 18:02:24+01	62ddc63c	ON_SITE	\N
c6b9fe45	IB468-2026-01-25-MAD-DXB	2026-01-31 11:03:50+01	6035d5d8	PENDING	\N
fb4c897d	IB729-2026-01-29-MAD-CDG	2026-02-04 12:50:01+01	ac3f1532	PENDING	\N
e5f21136	IB964-2026-01-24-BCN-LHR	2026-02-04 12:50:01+01	d3f7d058	ON_SITE	\N
f236bc56	IB142-2026-01-28-MAD-DXB	2026-01-27 21:14:25+01	9a04e06c	ON_SITE	\N
9b790014	IB468-2026-01-25-MAD-DXB	2026-01-24 18:11:03+01	8d86426c	PENDING	\N
a1ac8b67	IB219-2026-01-22-BCN-LHR	2026-02-07 00:46:52+01	6656fcf9	ON_SITE	\N
ed549252	IB822-2026-01-23-MAD-BCN	2026-01-27 21:14:25+01	191c62a9	PENDING	\N
c152e11b	IB295-2026-01-24-MAD-SCZ	2026-01-31 11:03:50+01	1dd2f7f1	ON_SITE	\N
5126c32d	IB626-2026-01-25-MAD-CDG	2026-01-27 21:14:25+01	cb46fa07	ONLINE	\N
20db7778	IB662-2026-01-24-MAD-CDG	2026-02-01 23:42:05+01	4972de68	ON_SITE	\N
572018bd	IB896-2026-01-28-MAD-PMI	2026-02-05 09:39:31+01	b6a80daa	ON_SITE	\N
37a82da6	IB103-2026-01-27-MAD-JFK	2026-01-27 21:14:25+01	84942f2a	ONLINE	\N
440d329f	IB202-2026-01-29-MAD-DXB	2026-02-05 07:37:23+01	b064c3e3	ONLINE	\N
8dbf3971	IB273-2026-01-29-MAD-BCN	2026-02-01 23:42:05+01	e90ee460	ON_SITE	\N
661dbced	IB391-2026-01-29-BCN-LHR	2026-02-05 07:37:23+01	2daa8b1f	ON_SITE	\N
55399911	IB792-2026-01-25-MAD-PMI	2026-02-07 00:46:52+01	a877eaa4	ONLINE	\N
570018f8	IB467-2026-01-24-MAD-JFK	2026-02-07 00:46:52+01	6608a7f8	ONLINE	\N
a3a0767f	IB328-2026-01-23-MAD-CDG	2026-02-06 11:21:02+01	1b7c5bce	PENDING	\N
d38a2a0a	IB142-2026-01-28-MAD-DXB	2026-02-02 05:37:32+01	5970e8c9	PENDING	\N
e1eb80a4	IB295-2026-01-24-MAD-SCZ	2026-02-04 12:50:01+01	7d71cbb6	ONLINE	\N
6ee45cc9	IB142-2026-01-28-MAD-DXB	2026-02-01 18:02:24+01	bf42fd33	ONLINE	\N
9ee2220e	IB924-2026-01-28-MAD-JFK	2026-01-24 18:11:03+01	01400ab7	ONLINE	\N
64021dcc	IB391-2026-01-29-BCN-LHR	2026-02-01 18:02:24+01	ee5838b5	ONLINE	\N
826a83e5	IB725-2026-01-26-BCN-LHR	2026-02-05 15:48:53+01	ae866bc7	ON_SITE	\N
339f519b	IB766-2026-01-24-MAD-BCN	2026-02-05 15:48:53+01	7f251357	PENDING	\N
989f004a	IB219-2026-01-22-BCN-LHR	2026-02-04 12:50:01+01	1a439f9c	PENDING	\N
5be86570	IB548-2026-01-24-MAD-PMI	2026-02-01 18:02:24+01	98ab556f	PENDING	\N
d37e24c0	IB427-2026-01-28-BCN-LHR	2026-02-02 05:37:32+01	5a0a7bb3	ONLINE	\N
92337462	IB189-2026-01-23-MAD-PMI	2026-01-27 21:14:25+01	a1ce2806	ONLINE	\N
e26ec020	IB119-2026-01-27-MAD-CDG	2026-02-01 23:42:05+01	18d5a0b2	ONLINE	\N
1810f441	IB195-2026-01-25-MAD-BCN	2026-02-07 00:46:52+01	15ae39b1	ON_SITE	\N
5efd08c7	IB267-2026-01-25-BCN-LHR	2026-02-05 15:48:53+01	423ce9c3	ONLINE	\N
98eedbdb	IB253-2026-01-27-MAD-PMI	2026-02-06 11:21:02+01	f4cc4eb5	PENDING	\N
8a66bbd9	IB346-2026-01-26-MAD-DXB	2026-02-04 12:50:01+01	b11122d1	ON_SITE	\N
f213922f	IB587-2026-01-27-MAD-SCZ	2026-01-27 21:14:25+01	0755be55	ON_SITE	\N
ec3cd206	IB142-2026-01-28-MAD-DXB	2026-02-02 05:37:32+01	304ff29b	ONLINE	\N
849166e9	IB253-2026-01-27-MAD-PMI	2026-02-04 12:50:01+01	3c09ffbf	ON_SITE	\N
2e1faef6	IB103-2026-01-27-MAD-JFK	2026-02-06 11:21:02+01	305b0132	ON_SITE	\N
46566722	IB346-2026-01-26-MAD-DXB	2026-02-05 15:48:53+01	1a56a5d3	ONLINE	\N
1f12e695	IB189-2026-01-23-MAD-PMI	2026-02-06 11:21:02+01	3aa38371	ON_SITE	\N
548bc947	IB427-2026-01-28-BCN-LHR	2026-01-31 11:03:50+01	ffe34718	PENDING	\N
39a3a533	IB697-2026-01-27-BCN-LHR	2026-01-24 18:11:03+01	8d8cc654	ON_SITE	\N
246f8200	IB328-2026-01-23-MAD-CDG	2026-02-05 07:37:23+01	cb6aa05c	ON_SITE	\N
c2a74bbb	IB237-2026-01-26-MAD-BCN	2026-02-02 05:37:32+01	a0bad5d9	ONLINE	\N
9aaea575	IB910-2026-01-23-MAD-DXB	2026-02-05 09:39:31+01	983d11ff	ONLINE	\N
34ef2e5a	IB267-2026-01-25-BCN-LHR	2026-02-03 02:39:51+01	8516422f	ON_SITE	\N
ed51fd6c	IB822-2026-01-23-MAD-BCN	2026-01-31 11:03:50+01	559659ab	ON_SITE	\N
334aae8d	IB587-2026-01-27-MAD-SCZ	2026-02-05 09:39:31+01	07899bf8	ONLINE	\N
d90f6d26	IB103-2026-01-27-MAD-JFK	2026-01-24 18:11:03+01	9d896c8a	ONLINE	\N
6932011e	IB460-2026-01-22-MAD-PMI	2026-02-07 00:46:52+01	f84181b5	ONLINE	\N
f4147a82	IB725-2026-01-26-BCN-LHR	2026-02-01 18:02:24+01	20d96824	ONLINE	\N
8a603021	IB391-2026-01-29-BCN-LHR	2026-02-04 12:50:01+01	c8448e2d	ON_SITE	\N
5a25ecf4	IB245-2026-01-28-MAD-CDG	2026-02-02 05:37:32+01	f0248fb8	ONLINE	\N
310781a9	IB871-2026-01-23-MAD-JFK	2026-02-05 07:29:19+01	76ab0887	ON_SITE	\N
1342acce	IB587-2026-01-27-MAD-SCZ	2026-01-31 11:03:50+01	06ae0701	ONLINE	\N
348def6c	IB622-2026-01-27-MAD-BCN	2026-01-24 18:11:03+01	98634255	ON_SITE	\N
37dff421	IB103-2026-01-27-MAD-JFK	2026-02-05 09:39:31+01	651d2e7b	PENDING	\N
83a256fe	IB467-2026-01-24-MAD-JFK	2026-02-05 07:37:23+01	4462fcbe	ON_SITE	\N
854ce18b	IB751-2026-01-23-BCN-LHR	2026-01-31 11:03:50+01	6f646acc	ON_SITE	\N
5eeecd82	IB427-2026-01-28-BCN-LHR	2026-01-27 21:14:25+01	3fa57093	ON_SITE	\N
6e47799a	IB548-2026-01-24-MAD-PMI	2026-02-06 11:21:02+01	3c8dd296	ONLINE	\N
98acc0c6	IB267-2026-01-25-BCN-LHR	2026-02-01 23:42:05+01	c8f8db13	ON_SITE	\N
7f389e67	IB202-2026-01-29-MAD-DXB	2026-02-03 02:39:51+01	dea76325	PENDING	\N
2b35e8d5	IB274-2026-01-29-MAD-JFK	2026-02-06 11:21:02+01	b7f0f27c	ON_SITE	\N
76854c77	IB822-2026-01-23-MAD-BCN	2026-02-05 15:48:53+01	90fb6b38	ON_SITE	\N
f89efab4	IB736-2026-01-26-MAD-PMI	2026-02-05 15:48:53+01	1a44ae26	ONLINE	\N
ad15ef03	IB467-2026-01-24-MAD-JFK	2026-02-05 15:48:53+01	01cc4fbc	ON_SITE	\N
9a44435a	IB202-2026-01-29-MAD-DXB	2026-02-06 11:21:02+01	8fe04893	ON_SITE	\N
6c2e74cd	IB328-2026-01-23-MAD-CDG	2026-02-02 05:37:32+01	95ee2ec8	ON_SITE	\N
6a888016	IB253-2026-01-27-MAD-PMI	2026-01-31 11:03:50+01	233e65df	ON_SITE	\N
5f104458	IB751-2026-01-23-BCN-LHR	2026-02-02 05:37:32+01	aabecaf1	PENDING	\N
e3d6a365	IB376-2026-01-29-MAD-PMI	2026-01-27 21:14:25+01	25b4bff9	ON_SITE	\N
167bd8a4	IB460-2026-01-22-MAD-PMI	2026-02-05 07:37:23+01	b6f19296	PENDING	\N
bf3492a8	IB273-2026-01-29-MAD-BCN	2026-02-01 23:42:05+01	04be9f04	ON_SITE	\N
a8c92533	IB871-2026-01-23-MAD-JFK	2026-02-03 02:39:51+01	7a936dab	ONLINE	\N
a50e7b75	IB673-2026-01-27-MAD-DXB	2026-02-06 11:21:02+01	d33dd942	PENDING	\N
4395805a	IB792-2026-01-25-MAD-PMI	2026-02-07 00:46:52+01	c479ae1d	PENDING	\N
a0310699	IB253-2026-01-27-MAD-PMI	2026-02-01 18:02:24+01	d2e34d5b	ONLINE	\N
107d8a45	IB468-2026-01-25-MAD-DXB	2026-02-06 11:21:02+01	90d7a456	ON_SITE	\N
259dbd3c	IB587-2026-01-27-MAD-SCZ	2026-02-06 11:21:02+01	fe436b1a	PENDING	\N
95352c94	IB662-2026-01-24-MAD-CDG	2026-01-31 11:03:50+01	6d3df2fb	ONLINE	\N
5dcc3487	IB924-2026-01-28-MAD-JFK	2026-02-01 22:15:19+01	cfcf95cc	ONLINE	\N
b8200653	IB253-2026-01-27-MAD-PMI	2026-02-01 22:15:19+01	13b26bf4	ON_SITE	\N
425f776d	IB183-2026-01-28-MAD-BCN	2026-02-01 22:15:19+01	65ab1d4a	ON_SITE	\N
1aa2ae7b	IB267-2026-01-25-BCN-LHR	2026-02-05 09:39:31+01	d600c5db	PENDING	\N
37c00997	IB548-2026-01-24-MAD-PMI	2026-01-27 21:14:25+01	63ff617d	ON_SITE	\N
88024947	IB662-2026-01-24-MAD-CDG	2026-02-04 12:50:01+01	515fe8e9	ONLINE	\N
ccf57228	IB189-2026-01-23-MAD-PMI	2026-02-07 00:46:52+01	08b32e0d	ON_SITE	\N
f072bcb8	IB896-2026-01-28-MAD-PMI	2026-02-05 09:39:31+01	a98e1580	ON_SITE	\N
9beb9209	IB793-2026-01-22-MAD-CDG	2026-02-05 07:29:19+01	492255b6	ONLINE	\N
9c15c981	IB548-2026-01-24-MAD-PMI	2026-02-04 12:50:01+01	4a8b49df	ON_SITE	\N
ac18c8d5	IB219-2026-01-22-BCN-LHR	2026-02-05 09:39:31+01	0e558fb1	ON_SITE	\N
b1de235b	IB267-2026-01-25-BCN-LHR	2026-02-05 07:37:23+01	2580eeb1	PENDING	\N
cb4fa093	IB142-2026-01-28-MAD-DXB	2026-01-31 11:03:50+01	8d148dd9	ONLINE	\N
59ff45b9	IB792-2026-01-25-MAD-PMI	2026-02-01 23:42:05+01	7ce490c4	PENDING	\N
d8a778a1	IB119-2026-01-27-MAD-CDG	2026-01-24 18:11:03+01	9e2e08ac	ONLINE	\N
462544d4	IB669-2026-01-26-MAD-CDG	2026-02-01 18:02:24+01	69196101	ON_SITE	\N
85127db3	IB197-2026-01-22-MAD-BCN	2026-02-07 00:46:52+01	9fd7c286	ON_SITE	\N
2368deb5	IB249-2026-01-25-MAD-SCZ	2026-02-02 05:37:32+01	e31c26dd	ONLINE	\N
7acddbfd	IB626-2026-01-25-MAD-CDG	2026-02-05 09:39:31+01	33a8012c	ON_SITE	\N
f61e706d	IB103-2026-01-27-MAD-JFK	2026-02-02 05:37:32+01	be2af9e5	ON_SITE	\N
c691d972	IB662-2026-01-24-MAD-CDG	2026-01-31 11:03:50+01	8241d3a0	ON_SITE	\N
1434caaa	IB197-2026-01-22-MAD-BCN	2026-02-01 22:15:19+01	b75b5145	PENDING	\N
fd46d428	IB273-2026-01-29-MAD-BCN	2026-02-02 05:37:32+01	2f8b6dc4	PENDING	\N
45b12b50	IB662-2026-01-24-MAD-CDG	2026-02-05 07:37:23+01	a8cd8295	PENDING	\N
6b423b17	IB725-2026-01-26-BCN-LHR	2026-02-06 11:21:02+01	f373e628	ON_SITE	\N
68925ff6	IB180-2026-01-29-MAD-SCZ	2026-02-07 00:46:52+01	dcbf0020	PENDING	\N
44130e96	IB202-2026-01-29-MAD-DXB	2026-02-01 23:42:05+01	09696bec	ONLINE	\N
09863dae	IB249-2026-01-25-MAD-SCZ	2026-02-05 07:29:19+01	13daef8a	PENDING	\N
7f0688f1	IB460-2026-01-22-MAD-PMI	2026-01-27 21:14:25+01	e6dd4dad	ONLINE	\N
05f77a29	IB622-2026-01-27-MAD-BCN	2026-01-24 18:11:03+01	a218e9ed	ONLINE	\N
4485cd92	IB215-2026-01-23-MAD-SCZ	2026-01-27 21:14:25+01	2b199e04	ON_SITE	\N
0ba58343	IB470-2026-01-24-MAD-DXB	2026-02-05 07:29:19+01	f289211f	PENDING	\N
d378de74	IB822-2026-01-23-MAD-BCN	2026-02-02 05:37:32+01	4d03ef0c	ONLINE	\N
57f2d697	IB330-2026-01-22-MAD-DXB	2026-01-27 21:14:25+01	59e36a51	PENDING	\N
a85dee05	IB697-2026-01-27-BCN-LHR	2026-02-06 11:21:02+01	6cc2a240	ON_SITE	\N
974a7706	IB792-2026-01-25-MAD-PMI	2026-02-01 18:02:24+01	3820436d	ONLINE	\N
239681fd	IB871-2026-01-23-MAD-JFK	2026-02-06 11:21:02+01	b5d26bf7	ON_SITE	\N
f6a71565	IB678-2026-01-26-MAD-SCZ	2026-01-31 11:03:50+01	280d9738	PENDING	\N
e744259d	IB467-2026-01-24-MAD-JFK	2026-02-02 05:37:32+01	ae96d555	PENDING	\N
2093304e	IB391-2026-01-29-BCN-LHR	2026-02-07 00:46:52+01	ccc2ef38	PENDING	\N
5bf0831a	IB622-2026-01-27-MAD-BCN	2026-02-02 05:37:32+01	b50ebbc2	ONLINE	\N
c2675481	IB548-2026-01-24-MAD-PMI	2026-02-07 00:46:52+01	70a55dda	ONLINE	\N
7278c28d	IB460-2026-01-22-MAD-PMI	2026-02-01 22:15:19+01	faffcdd1	ON_SITE	\N
e732fa8c	IB943-2026-01-25-MAD-JFK	2026-02-05 15:48:53+01	92980187	ONLINE	\N
970670fc	IB751-2026-01-23-BCN-LHR	2026-02-07 00:46:52+01	60fa5647	ONLINE	\N
7644d306	IB669-2026-01-26-MAD-CDG	2026-02-05 09:39:31+01	13d8458f	ON_SITE	\N
ac14b477	IB793-2026-01-22-MAD-CDG	2026-01-24 18:11:03+01	3dd0310a	ON_SITE	\N
52df0245	IB470-2026-01-24-MAD-DXB	2026-01-24 18:11:03+01	1df29ba5	ONLINE	\N
9a859e62	IB195-2026-01-25-MAD-BCN	2026-02-05 07:29:19+01	37887270	ON_SITE	\N
e2667e66	IB662-2026-01-24-MAD-CDG	2026-02-01 22:15:19+01	982e3cd0	ON_SITE	\N
212889bf	IB289-2026-01-26-MAD-JFK	2026-02-05 07:29:19+01	0bf5ce70	ONLINE	\N
0c147f7b	IB249-2026-01-25-MAD-SCZ	2026-02-05 15:48:53+01	8cb6d318	PENDING	\N
fcb845f5	IB195-2026-01-25-MAD-BCN	2026-02-01 22:15:19+01	a61f7cdd	PENDING	\N
d65d51b9	IB215-2026-01-23-MAD-SCZ	2026-01-24 18:11:03+01	bab7b4ba	PENDING	\N
322b44ca	IB766-2026-01-24-MAD-BCN	2026-02-01 18:02:24+01	6c522852	PENDING	\N
eee91f17	IB673-2026-01-27-MAD-DXB	2026-01-31 11:03:50+01	c07e7376	ONLINE	\N
e134401e	IB896-2026-01-28-MAD-PMI	2026-01-27 21:14:25+01	44ec873f	ON_SITE	\N
8bf67103	IB678-2026-01-26-MAD-SCZ	2026-02-01 22:15:19+01	9d9d810a	ON_SITE	\N
8664461f	IB697-2026-01-27-BCN-LHR	2026-02-06 11:21:02+01	2953f249	ON_SITE	\N
6b0eb16b	IB468-2026-01-25-MAD-DXB	2026-02-05 07:29:19+01	846c6b30	ON_SITE	\N
6edd36b0	IB330-2026-01-22-MAD-DXB	2026-02-01 18:02:24+01	6bfd65ab	ON_SITE	\N
8f9c11c1	IB766-2026-01-24-MAD-BCN	2026-01-24 18:11:03+01	4fc7ebab	PENDING	\N
09cf3edf	IB822-2026-01-23-MAD-BCN	2026-01-24 18:11:03+01	4a995bd0	ON_SITE	\N
6d4999f6	IB219-2026-01-22-BCN-LHR	2026-02-05 07:37:23+01	57769ce1	PENDING	\N
7a214029	IB219-2026-01-22-BCN-LHR	2026-02-05 09:39:31+01	f073e276	ON_SITE	\N
3b52cb68	IB180-2026-01-29-MAD-SCZ	2026-02-02 05:37:32+01	c2671d7a	ONLINE	\N
5127e29a	IB924-2026-01-28-MAD-JFK	2026-02-03 02:39:51+01	fa930a3c	ONLINE	\N
4d23a677	IB427-2026-01-28-BCN-LHR	2026-02-06 11:21:02+01	960411bd	ON_SITE	\N
4cda5b34	IB547-2026-01-22-MAD-JFK	2026-02-05 15:48:53+01	620a6495	ON_SITE	\N
7c2f655a	IB189-2026-01-23-MAD-PMI	2026-01-31 11:03:50+01	95972d7e	PENDING	\N
864f7f62	IB792-2026-01-25-MAD-PMI	2026-02-05 15:48:53+01	620b643b	ONLINE	\N
72443ed8	IB468-2026-01-25-MAD-DXB	2026-02-01 22:15:19+01	3c55875b	ON_SITE	\N
dbbf0549	IB766-2026-01-24-MAD-BCN	2026-02-03 02:39:51+01	d253d8f2	PENDING	\N
7c3a3673	IB651-2026-01-22-MAD-SCZ	2026-02-05 15:48:53+01	fc7a1c99	ON_SITE	\N
dc38d605	IB142-2026-01-28-MAD-DXB	2026-01-31 11:03:50+01	e7724911	PENDING	\N
d0d59ca0	IB896-2026-01-28-MAD-PMI	2026-02-02 05:37:32+01	dbe48399	PENDING	\N
21294837	IB330-2026-01-22-MAD-DXB	2026-01-31 11:03:50+01	6fa15c06	ON_SITE	\N
48022366	IB249-2026-01-25-MAD-SCZ	2026-01-24 18:11:03+01	f3ea1113	PENDING	\N
a2d40e05	IB274-2026-01-29-MAD-JFK	2026-02-05 09:39:31+01	5ddcb3af	ON_SITE	\N
9ea64a70	IB792-2026-01-25-MAD-PMI	2026-02-05 09:39:31+01	eceed911	PENDING	\N
381e574d	IB766-2026-01-24-MAD-BCN	2026-02-01 22:15:19+01	a68f1994	PENDING	\N
0550846d	IB103-2026-01-27-MAD-JFK	2026-02-02 05:37:32+01	de31c1f9	ON_SITE	\N
f43b09aa	IB896-2026-01-28-MAD-PMI	2026-02-05 15:48:53+01	cd5b376e	PENDING	\N
fd845aa8	IB651-2026-01-22-MAD-SCZ	2026-02-02 05:37:32+01	40a1a0f7	ONLINE	\N
e9bd140b	IB142-2026-01-28-MAD-DXB	2026-02-01 22:15:19+01	ecb13605	ONLINE	\N
d1d8c0a9	IB468-2026-01-25-MAD-DXB	2026-01-31 11:03:50+01	23f1dde7	PENDING	\N
10a7c61c	IB697-2026-01-27-BCN-LHR	2026-01-27 21:14:25+01	bd165050	ON_SITE	\N
a0fbe375	IB346-2026-01-26-MAD-DXB	2026-02-05 15:48:53+01	8a20222a	PENDING	\N
b51b8ebb	IB202-2026-01-29-MAD-DXB	2026-02-05 09:39:31+01	aecaa219	PENDING	\N
ae3650ca	IB267-2026-01-25-BCN-LHR	2026-01-24 18:11:03+01	0d6245cc	PENDING	11339f9b
814ef369	IB896-2026-01-28-MAD-PMI	2026-02-01 18:02:24+01	550c5ecb	ONLINE	51229442
3ab896eb	IB180-2026-01-29-MAD-SCZ	2026-01-31 11:03:50+01	e54f95e8	ON_SITE	13e2c732
d3a5d1a2	IB468-2026-01-25-MAD-DXB	2026-02-02 05:37:32+01	c119961c	ONLINE	4515e051
636a4fea	IB202-2026-01-29-MAD-DXB	2026-02-01 18:02:24+01	9194fc4c	ON_SITE	cadc8163
c84fde5d	IB273-2026-01-29-MAD-BCN	2026-02-05 07:37:23+01	feaaa726	ONLINE	0235d7e9
b8eb312b	IB793-2026-01-22-MAD-CDG	2026-02-06 11:21:02+01	8e1694c2	ONLINE	484bf739
b8df0e23	IB587-2026-01-27-MAD-SCZ	2026-02-06 11:21:02+01	d498f259	ONLINE	51229442
a4a9fae2	IB427-2026-01-28-BCN-LHR	2026-02-01 18:02:24+01	7e696ec7	ON_SITE	9d70c17c
756cb363	IB183-2026-01-28-MAD-BCN	2026-02-01 18:02:24+01	54ae0d53	ONLINE	e0c7d58b
1e96ea21	IB736-2026-01-26-MAD-PMI	2026-02-01 18:02:24+01	84823119	PENDING	b9a46334
4575cc63	IB662-2026-01-24-MAD-CDG	2026-02-07 00:46:52+01	4406cc3c	ONLINE	7a846c2f
7c5b74f5	IB470-2026-01-24-MAD-DXB	2026-02-05 07:29:19+01	51412a46	ONLINE	90eb48ab
7da68722	IB219-2026-01-22-BCN-LHR	2026-02-03 02:39:51+01	16a38b19	ONLINE	da44ffe6
8fa8eaf1	IB678-2026-01-26-MAD-SCZ	2026-02-02 05:37:32+01	7eaa5081	PENDING	56950a23
7b5e09c7	IB697-2026-01-27-BCN-LHR	2026-02-02 05:37:32+01	c888c23a	ON_SITE	b8c53350
46a1ea51	IB697-2026-01-27-BCN-LHR	2026-02-05 07:37:23+01	4e583e85	PENDING	5c1272b3
ec4ef553	IB673-2026-01-27-MAD-DXB	2026-01-31 11:03:50+01	be2b2e9d	ONLINE	e76d6b15
5824c021	IB467-2026-01-24-MAD-JFK	2026-01-31 11:03:50+01	cf156298	PENDING	f4caefa4
2bc5f609	IB662-2026-01-24-MAD-CDG	2026-01-24 18:11:03+01	7211c134	PENDING	01a4334e
46e9f51f	IB662-2026-01-24-MAD-CDG	2026-02-01 22:15:19+01	cd6ccb05	ONLINE	dcd0d3ee
9ffd8b41	IB924-2026-01-28-MAD-JFK	2026-02-01 18:02:24+01	a46c4576	ON_SITE	4c9c0c62
df9a3345	IB460-2026-01-22-MAD-PMI	2026-02-05 15:48:53+01	88963355	PENDING	a963f399
66b1d5bc	IB219-2026-01-22-BCN-LHR	2026-02-01 23:42:05+01	37724893	PENDING	8ca22a46
bfa1c098	IB197-2026-01-22-MAD-BCN	2026-02-01 22:15:19+01	c87f02d0	ONLINE	3df5a8d0
ffcccfec	IB183-2026-01-28-MAD-BCN	2026-02-01 18:02:24+01	3922d71a	ON_SITE	43480a39
6c6de62f	IB547-2026-01-22-MAD-JFK	2026-02-04 12:50:01+01	7f81cce6	ON_SITE	db5421b9
63e0726e	IB964-2026-01-24-BCN-LHR	2026-02-05 07:37:23+01	c8fb53e2	ONLINE	077545c0
7a4521d8	IB678-2026-01-26-MAD-SCZ	2026-02-05 07:37:23+01	c4bd2ec2	ONLINE	f1cf4895
1c6f9712	IB346-2026-01-26-MAD-DXB	2026-02-02 05:37:32+01	f854830d	ONLINE	b6912e98
06cb3713	IB725-2026-01-26-BCN-LHR	2026-02-01 23:42:05+01	eab6f22b	ONLINE	d541002a
d1f4bf9f	IB910-2026-01-23-MAD-DXB	2026-01-24 18:11:03+01	de035801	PENDING	47a5134a
7e580d90	IB547-2026-01-22-MAD-JFK	2026-02-02 05:37:32+01	5d0491c7	ONLINE	01a4334e
bfd646f4	IB189-2026-01-23-MAD-PMI	2026-01-24 18:11:03+01	72f5444b	ON_SITE	59bbca9b
22713399	IB673-2026-01-27-MAD-DXB	2026-02-04 12:50:01+01	0e990907	ON_SITE	0e903fb3
838c8b96	IB943-2026-01-25-MAD-JFK	2026-02-06 11:21:02+01	12fcbb4e	ONLINE	60911f71
2b8423d3	IB357-2026-01-28-MAD-SCZ	2026-02-05 09:39:31+01	252a6455	PENDING	d541002a
0536be04	IB330-2026-01-22-MAD-DXB	2026-01-31 11:03:50+01	be2a66d8	ONLINE	cb2842f9
bcc842b2	IB943-2026-01-25-MAD-JFK	2026-02-05 07:29:19+01	69a17cd6	ON_SITE	1b565357
e28b769c	IB253-2026-01-27-MAD-PMI	2026-02-05 09:39:31+01	7d2e5967	ON_SITE	15345b41
4ee8e4a6	IB103-2026-01-27-MAD-JFK	2026-02-05 09:39:31+01	6d859464	ON_SITE	f76bd670
bbcacfdc	IB103-2026-01-27-MAD-JFK	2026-02-07 00:46:52+01	cb9d15b4	ON_SITE	9ae426af
a8e45f2a	IB766-2026-01-24-MAD-BCN	2026-02-01 23:42:05+01	7b62f803	ONLINE	dfe87ee6
68597365	IB924-2026-01-28-MAD-JFK	2026-01-24 18:11:03+01	027d81b4	PENDING	6b3097b6
770c1df0	IB669-2026-01-26-MAD-CDG	2026-02-03 02:39:51+01	b37e89ae	ONLINE	1e44fee8
1fd304e2	IB273-2026-01-29-MAD-BCN	2026-02-04 12:50:01+01	8e542331	PENDING	4c9c0c62
e562f958	IB142-2026-01-28-MAD-DXB	2026-01-31 11:03:50+01	1b8d6a40	PENDING	d40b3a36
020a81cc	IB119-2026-01-27-MAD-CDG	2026-02-04 12:50:01+01	45c18a00	PENDING	ed104453
a5430eed	IB189-2026-01-23-MAD-PMI	2026-02-02 05:37:32+01	510eaa16	ON_SITE	566a1ae5
f3e8f29f	IB289-2026-01-26-MAD-JFK	2026-02-05 07:37:23+01	4f9b307d	ON_SITE	ec533a6f
b3f10c7b	IB274-2026-01-29-MAD-JFK	2026-02-05 07:37:23+01	436f52f6	PENDING	01eed269
23121c45	IB910-2026-01-23-MAD-DXB	2026-01-27 21:14:25+01	b2afc8d5	ONLINE	c3fc1ab2
c4b8c3d7	IB215-2026-01-23-MAD-SCZ	2026-02-06 11:21:02+01	bd9d5115	ON_SITE	e9e45e35
7571cbf2	IB651-2026-01-22-MAD-SCZ	2026-02-01 23:42:05+01	977cd029	ONLINE	8a4b2262
eac1f646	IB295-2026-01-24-MAD-SCZ	2026-02-04 12:50:01+01	4415fa10	ONLINE	fd085fbe
d6993aad	IB142-2026-01-28-MAD-DXB	2026-01-24 18:11:03+01	453be3fa	PENDING	8ca22a46
4f5b7467	IB391-2026-01-29-BCN-LHR	2026-01-24 18:11:03+01	2756282e	PENDING	c6a5beaa
843c33ee	IB274-2026-01-29-MAD-JFK	2026-02-05 09:39:31+01	d4ea1bd9	ON_SITE	cadc8163
fb47171c	IB871-2026-01-23-MAD-JFK	2026-02-05 07:29:19+01	368a9404	PENDING	19b3cc88
f28857a2	IB460-2026-01-22-MAD-PMI	2026-02-05 07:37:23+01	ef903018	ON_SITE	ad734ead
b57d09a5	IB103-2026-01-27-MAD-JFK	2026-02-05 09:39:31+01	fff5b5ff	ONLINE	b6eceef7
9748bbf3	IB822-2026-01-23-MAD-BCN	2026-02-07 00:46:52+01	2ea15cb8	ONLINE	8ca22a46
258c75bf	IB249-2026-01-25-MAD-SCZ	2026-02-02 05:37:32+01	1a35b985	ON_SITE	7db037a9
2570f542	IB330-2026-01-22-MAD-DXB	2026-02-01 23:42:05+01	397de678	PENDING	d25a636b
daff4f78	IB871-2026-01-23-MAD-JFK	2026-02-01 23:42:05+01	b6d3e3c4	PENDING	9e88aaa4
d1840441	IB103-2026-01-27-MAD-JFK	2026-02-05 15:48:53+01	06df6d2d	ONLINE	6c707f62
2538eaa6	IB669-2026-01-26-MAD-CDG	2026-01-27 21:14:25+01	dca76a13	ON_SITE	75e79786
ae2c3fdd	IB910-2026-01-23-MAD-DXB	2026-02-05 15:48:53+01	80e4b22e	PENDING	406416dd
1d417208	IB651-2026-01-22-MAD-SCZ	2026-02-01 18:02:24+01	2cdb21c1	ONLINE	f215ee7a
659dcae6	IB662-2026-01-24-MAD-CDG	2026-02-01 22:15:19+01	2d20f865	ONLINE	13e9a3ab
1a0ac6b9	IB964-2026-01-24-BCN-LHR	2026-02-01 23:42:05+01	2c027410	ON_SITE	102a243d
6cc20b20	IB119-2026-01-27-MAD-CDG	2026-02-02 05:37:32+01	c1a3214d	ONLINE	a357c1d4
dbdbf403	IB202-2026-01-29-MAD-DXB	2026-02-05 09:39:31+01	1046f8c4	ONLINE	adc191a6
0dff0451	IB470-2026-01-24-MAD-DXB	2026-01-24 18:11:03+01	09c5c49a	ON_SITE	c583fcb2
2e722aaa	IB357-2026-01-28-MAD-SCZ	2026-02-05 07:29:19+01	318ff7c7	ON_SITE	0acd98ff
ebdf51c0	IB460-2026-01-22-MAD-PMI	2026-02-02 05:37:32+01	37a38eaa	PENDING	1529c111
88c67f05	IB896-2026-01-28-MAD-PMI	2026-02-01 23:42:05+01	2418cfa6	ON_SITE	f8701f78
c2d2fea4	IB669-2026-01-26-MAD-CDG	2026-02-05 15:48:53+01	8d5ae9d1	ON_SITE	fd085fbe
a3824ca1	IB357-2026-01-28-MAD-SCZ	2026-02-07 00:46:52+01	11ae028d	ONLINE	e96e3c94
3cb6a063	IB253-2026-01-27-MAD-PMI	2026-01-31 11:03:50+01	b99fd77b	ON_SITE	5b807a60
8b3fa226	IB249-2026-01-25-MAD-SCZ	2026-02-01 18:02:24+01	305deaa6	ONLINE	0c9ea52e
73ef6220	IB202-2026-01-29-MAD-DXB	2026-02-01 23:42:05+01	4c3c6bd1	ON_SITE	9558385a
4ae60abb	IB183-2026-01-28-MAD-BCN	2026-02-05 15:48:53+01	0b738f0a	PENDING	3c6e644e
e94664b5	IB587-2026-01-27-MAD-SCZ	2026-02-05 09:39:31+01	0dc16b4b	PENDING	bd8d258c
5bedddb1	IB766-2026-01-24-MAD-BCN	2026-02-05 09:39:31+01	311d2ea4	PENDING	975a8d58
7d5d368e	IB697-2026-01-27-BCN-LHR	2026-02-01 22:15:19+01	9448aff0	PENDING	d2423176
d9bb53e3	IB460-2026-01-22-MAD-PMI	2026-02-03 02:39:51+01	cc980d45	ON_SITE	7d2899a3
00350549	IB274-2026-01-29-MAD-JFK	2026-01-24 18:11:03+01	870fa4e2	ON_SITE	ab4afad1
ede0678d	IB896-2026-01-28-MAD-PMI	2026-02-05 09:39:31+01	c71273de	ONLINE	0e903fb3
c9910de0	IB253-2026-01-27-MAD-PMI	2026-02-01 23:42:05+01	e1eaddb8	ONLINE	c8828009
51bdd25b	IB964-2026-01-24-BCN-LHR	2026-02-05 07:37:23+01	38553546	PENDING	bd357688
f3a67c77	IB195-2026-01-25-MAD-BCN	2026-02-01 23:42:05+01	12111d50	ON_SITE	a187c1d1
ded53c61	IB673-2026-01-27-MAD-DXB	2026-02-04 12:50:01+01	2fb70ab7	PENDING	60911f71
3548261d	IB245-2026-01-28-MAD-CDG	2026-02-01 23:42:05+01	6d15bdd4	PENDING	5c1272b3
04ce98a4	IB896-2026-01-28-MAD-PMI	2026-02-05 07:37:23+01	bf0513f6	PENDING	82adbcfd
7dab4d20	IB896-2026-01-28-MAD-PMI	2026-01-24 18:11:03+01	cdd80897	PENDING	94bd64e3
81f4b1af	IB792-2026-01-25-MAD-PMI	2026-02-05 15:48:53+01	3ce3bda3	PENDING	8c9cd4c2
20d3880e	IB460-2026-01-22-MAD-PMI	2026-02-07 00:46:52+01	aa423abe	ON_SITE	9360edf2
3422772c	IB943-2026-01-25-MAD-JFK	2026-01-24 18:11:03+01	f3fec8d8	ONLINE	94bd64e3
ad09b0e9	IB896-2026-01-28-MAD-PMI	2026-02-05 07:37:23+01	01e7a7c4	PENDING	7a846c2f
a19fd837	IB103-2026-01-27-MAD-JFK	2026-02-05 07:29:19+01	886bb233	PENDING	ce10922d
3d6946e5	IB183-2026-01-28-MAD-BCN	2026-02-05 07:29:19+01	e8cd8943	ON_SITE	bd63282d
256adcb3	IB673-2026-01-27-MAD-DXB	2026-02-06 11:21:02+01	2ed2bfb3	ON_SITE	7dec65b5
24ae2f2c	IB195-2026-01-25-MAD-BCN	2026-02-02 05:37:32+01	4d0c7e38	ON_SITE	ecb4f6e8
3ca63777	IB357-2026-01-28-MAD-SCZ	2026-02-05 09:39:31+01	4595f70e	ON_SITE	3e4caae1
2e3f72a3	IB470-2026-01-24-MAD-DXB	2026-01-27 21:14:25+01	ec8953ca	ON_SITE	ecb4f6e8
8884fad3	IB468-2026-01-25-MAD-DXB	2026-01-27 21:14:25+01	4f247887	PENDING	480d4540
f50d53c1	IB468-2026-01-25-MAD-DXB	2026-02-01 18:02:24+01	9c99c5e3	ON_SITE	e9bec207
4b3dcc73	IB219-2026-01-22-BCN-LHR	2026-02-01 18:02:24+01	7f8ec6af	ONLINE	b1fa0584
f653a15a	IB460-2026-01-22-MAD-PMI	2026-02-07 00:46:52+01	3e27be4f	PENDING	4623e2e5
486e1ae4	IB924-2026-01-28-MAD-JFK	2026-02-05 07:37:23+01	0e7bb116	PENDING	344c0cc0
7f8198bd	IB328-2026-01-23-MAD-CDG	2026-02-01 22:15:19+01	c43abbeb	PENDING	46898e5c
0565e9c8	IB328-2026-01-23-MAD-CDG	2026-02-01 18:02:24+01	71436ae5	ONLINE	844f140d
999e9dcc	IB183-2026-01-28-MAD-BCN	2026-02-05 07:29:19+01	3428a0bb	ONLINE	167ca9bd
8c05085a	IB910-2026-01-23-MAD-DXB	2026-02-01 22:15:19+01	03f61241	ONLINE	402defd3
1ddf9215	IB245-2026-01-28-MAD-CDG	2026-02-03 02:39:51+01	369d13b5	ONLINE	0e00aa5f
a7a79ac9	IB736-2026-01-26-MAD-PMI	2026-02-01 23:42:05+01	5f59ec9d	ON_SITE	90eb48ab
5e0947fc	IB195-2026-01-25-MAD-BCN	2026-02-06 11:21:02+01	35620ac1	PENDING	8ef3a63a
ec4d9601	IB924-2026-01-28-MAD-JFK	2026-02-06 11:21:02+01	340c5504	ONLINE	db5421b9
f0009f68	IB328-2026-01-23-MAD-CDG	2026-01-31 11:03:50+01	8ca2731b	ON_SITE	ab8ee69a
59c4b536	IB180-2026-01-29-MAD-SCZ	2026-02-05 09:39:31+01	e60ee33d	ON_SITE	875d2dbe
b7b08e18	IB219-2026-01-22-BCN-LHR	2026-02-01 23:42:05+01	b3c814b0	ON_SITE	1811b73c
8865b352	IB964-2026-01-24-BCN-LHR	2026-02-05 07:29:19+01	a4f31df3	ON_SITE	406416dd
8434a403	IB766-2026-01-24-MAD-BCN	2026-02-04 12:50:01+01	ea81a182	PENDING	b6912e98
d45fb368	IB669-2026-01-26-MAD-CDG	2026-02-05 15:48:53+01	540bef51	ONLINE	6b3097b6
3591bcc8	IB289-2026-01-26-MAD-JFK	2026-02-05 07:29:19+01	ae58d882	ONLINE	6f3df24c
b9a714cb	IB103-2026-01-27-MAD-JFK	2026-02-04 12:50:01+01	5dd9be2c	ON_SITE	147b4c93
9ab2a557	IB943-2026-01-25-MAD-JFK	2026-01-27 21:14:25+01	c0eef2b3	ON_SITE	0c004ba0
49293e48	IB924-2026-01-28-MAD-JFK	2026-02-02 05:37:32+01	8e10805a	ONLINE	6f589a62
ab03810a	IB249-2026-01-25-MAD-SCZ	2026-02-01 23:42:05+01	b55ae528	ONLINE	47a5134a
135515aa	IB189-2026-01-23-MAD-PMI	2026-02-07 00:46:52+01	e748ad6f	ONLINE	f76bd670
90b30b13	IB119-2026-01-27-MAD-CDG	2026-02-05 07:37:23+01	154fbe66	ON_SITE	9558385a
8b83a4a1	IB189-2026-01-23-MAD-PMI	2026-02-01 22:15:19+01	43bab3f8	PENDING	08096c1f
f5841f9c	IB725-2026-01-26-BCN-LHR	2026-02-02 05:37:32+01	376180f6	ON_SITE	dfe87ee6
917eb646	IB470-2026-01-24-MAD-DXB	2026-02-01 23:42:05+01	40205525	ON_SITE	518abb91
db1d7b1a	IB357-2026-01-28-MAD-SCZ	2026-01-24 18:11:03+01	a1a450a9	ON_SITE	20a706d1
e860c4de	IB871-2026-01-23-MAD-JFK	2026-02-01 22:15:19+01	acd94a54	ONLINE	76ae8233
9aa991c1	IB548-2026-01-24-MAD-PMI	2026-02-05 15:48:53+01	0cd37c66	ONLINE	267866bf
342daf4f	IB943-2026-01-25-MAD-JFK	2026-02-05 15:48:53+01	faa92672	ON_SITE	35b3b902
0052b11e	IB249-2026-01-25-MAD-SCZ	2026-02-06 11:21:02+01	b2f7e571	ONLINE	869aa9e5
8f7e85d9	IB766-2026-01-24-MAD-BCN	2026-02-01 22:15:19+01	f0d1ca46	ON_SITE	c62981b9
b8796216	IB273-2026-01-29-MAD-BCN	2026-02-01 22:15:19+01	9974a6f7	ONLINE	baebc1a2
ee807e90	IB346-2026-01-26-MAD-DXB	2026-02-02 05:37:32+01	80b39928	PENDING	8b4b7180
c9bcbf14	IB289-2026-01-26-MAD-JFK	2026-01-27 21:14:25+01	66e6c7cb	PENDING	2029a7b2
1b115823	IB725-2026-01-26-BCN-LHR	2026-02-06 11:21:02+01	72be2a22	ONLINE	59540e34
49c30cc6	IB195-2026-01-25-MAD-BCN	2026-01-31 11:03:50+01	0a72a92d	ONLINE	e96e3c94
5ed23175	IB766-2026-01-24-MAD-BCN	2026-02-06 11:21:02+01	11812a81	PENDING	13567de0
1ade544e	IB346-2026-01-26-MAD-DXB	2026-02-03 02:39:51+01	345fce1f	ONLINE	adc191a6
2d3c981d	IB943-2026-01-25-MAD-JFK	2026-02-05 07:29:19+01	4f1babeb	ON_SITE	1269c89f
c1a6fe76	IB202-2026-01-29-MAD-DXB	2026-02-05 09:39:31+01	bddaac6e	ON_SITE	2dbfd6c5
a2d45d89	IB467-2026-01-24-MAD-JFK	2026-02-07 00:46:52+01	05585689	PENDING	ecb4f6e8
3ff3c1ba	IB651-2026-01-22-MAD-SCZ	2026-02-04 12:50:01+01	aad8e7b5	PENDING	0235d7e9
a7b04bcc	IB460-2026-01-22-MAD-PMI	2026-02-02 05:37:32+01	d8052134	ONLINE	922bca79
c5f63f07	IB662-2026-01-24-MAD-CDG	2026-01-27 21:14:25+01	e7aeb84f	ON_SITE	e4c1f1b9
17fdb396	IB376-2026-01-29-MAD-PMI	2026-02-05 09:39:31+01	cdcefc01	ONLINE	079f1c0e
19160237	IB103-2026-01-27-MAD-JFK	2026-01-31 11:03:50+01	dc1b2668	ONLINE	ce10922d
0a1de039	IB697-2026-01-27-BCN-LHR	2026-01-31 11:03:50+01	cf9b48e3	ON_SITE	e176c4a4
38c3a37c	IB547-2026-01-22-MAD-JFK	2026-02-03 02:39:51+01	edc0c012	ON_SITE	c4f7cdd5
dc8fbd75	IB896-2026-01-28-MAD-PMI	2026-02-01 23:42:05+01	d4a2a36c	ON_SITE	b3a28585
331e37c8	IB273-2026-01-29-MAD-BCN	2026-01-27 21:14:25+01	3b9aa44d	ONLINE	f9b1da8c
22e599c4	IB871-2026-01-23-MAD-JFK	2026-02-05 07:29:19+01	c5b2ae06	ONLINE	74e941eb
de775219	IB460-2026-01-22-MAD-PMI	2026-02-04 12:50:01+01	020b7f68	ONLINE	0c9ea52e
d4247f0f	IB822-2026-01-23-MAD-BCN	2026-02-01 18:02:24+01	a08a6f84	ON_SITE	c62981b9
2ceb4c63	IB197-2026-01-22-MAD-BCN	2026-02-04 12:50:01+01	818fe65f	ONLINE	480d4540
45fd4134	IB943-2026-01-25-MAD-JFK	2026-02-01 18:02:24+01	e92d92db	ON_SITE	7db037a9
5cf3e624	IB896-2026-01-28-MAD-PMI	2026-02-07 00:46:52+01	58066b59	PENDING	fc22dc2a
bd143174	IB215-2026-01-23-MAD-SCZ	2026-02-05 09:39:31+01	1bbb2650	ON_SITE	102a243d
74ba1c09	IB736-2026-01-26-MAD-PMI	2026-02-05 09:39:31+01	48918638	ONLINE	70fe874b
55afe2ce	IB622-2026-01-27-MAD-BCN	2026-02-02 05:37:32+01	98e7f13d	ON_SITE	aa0c0083
26b44e17	IB467-2026-01-24-MAD-JFK	2026-02-05 09:39:31+01	7ca041e2	ONLINE	94bd64e3
a0983573	IB729-2026-01-29-MAD-CDG	2026-02-07 00:46:52+01	6cce03e3	ON_SITE	0e00aa5f
04796aa3	IB751-2026-01-23-BCN-LHR	2026-02-03 02:39:51+01	0ef651e1	ONLINE	c6a5beaa
51852581	IB215-2026-01-23-MAD-SCZ	2026-02-07 00:46:52+01	04eb5cf0	ON_SITE	82a92316
95fcb203	IB651-2026-01-22-MAD-SCZ	2026-01-27 21:14:25+01	9880d363	ONLINE	43480a39
685dd24a	IB470-2026-01-24-MAD-DXB	2026-01-31 11:03:50+01	23fd5606	PENDING	02961c5a
d4636431	IB289-2026-01-26-MAD-JFK	2026-02-06 11:21:02+01	2461f402	ONLINE	0acd98ff
60344242	IB103-2026-01-27-MAD-JFK	2026-02-02 05:37:32+01	b079c990	ONLINE	f08f881b
6f11030f	IB662-2026-01-24-MAD-CDG	2026-01-31 11:03:50+01	4a72452b	ON_SITE	b8c53350
aca34cd3	IB910-2026-01-23-MAD-DXB	2026-02-07 00:46:52+01	e041e46b	PENDING	02961c5a
b14222c2	IB189-2026-01-23-MAD-PMI	2026-02-05 07:37:23+01	1ce30cb8	PENDING	56dc7d44
45019556	IB470-2026-01-24-MAD-DXB	2026-02-04 12:50:01+01	90dc3293	PENDING	ab8ee69a
703a25ac	IB197-2026-01-22-MAD-BCN	2026-01-27 21:14:25+01	0b893a9b	ONLINE	9ae426af
e8d105a7	IB725-2026-01-26-BCN-LHR	2026-01-31 11:03:50+01	09e603fa	PENDING	d40b3a36
fcfc7d44	IB622-2026-01-27-MAD-BCN	2026-02-05 15:48:53+01	500dc9c3	PENDING	c583fcb2
3c13f844	IB267-2026-01-25-BCN-LHR	2026-02-05 15:48:53+01	d4104830	ON_SITE	1f9c21bf
aaea455a	IB766-2026-01-24-MAD-BCN	2026-02-04 12:50:01+01	e2b90655	ONLINE	d25a636b
e8f42635	IB253-2026-01-27-MAD-PMI	2026-02-07 00:46:52+01	44d257ec	PENDING	00a00b29
8e903f1f	IB678-2026-01-26-MAD-SCZ	2026-02-02 05:37:32+01	3fef465c	PENDING	1e44fee8
f1fd1108	IB729-2026-01-29-MAD-CDG	2026-02-06 11:21:02+01	85e7a692	ONLINE	20a706d1
c1b15987	IB673-2026-01-27-MAD-DXB	2026-02-05 15:48:53+01	79d8c645	PENDING	a88786fe
f70f7714	IB376-2026-01-29-MAD-PMI	2026-02-05 15:48:53+01	0ed7f7fb	ON_SITE	80a7a207
b10df9e0	IB253-2026-01-27-MAD-PMI	2026-02-07 00:46:52+01	6177a472	ON_SITE	c5007c53
ccd69906	IB237-2026-01-26-MAD-BCN	2026-02-06 11:21:02+01	700658eb	ONLINE	29e8ff76
9749e93d	IB470-2026-01-24-MAD-DXB	2026-02-03 02:39:51+01	1b13b88e	PENDING	a8362c2e
2571b004	IB197-2026-01-22-MAD-BCN	2026-02-05 07:29:19+01	a45adced	PENDING	d32e5b8c
4bae74cd	IB195-2026-01-25-MAD-BCN	2026-02-05 07:37:23+01	12267aca	PENDING	74ecdd17
50022ee4	IB357-2026-01-28-MAD-SCZ	2026-01-24 18:11:03+01	947e5573	PENDING	abda005a
44f7c721	IB587-2026-01-27-MAD-SCZ	2026-02-01 22:15:19+01	a531cbdf	ON_SITE	e9e45e35
eafee12a	IB183-2026-01-28-MAD-BCN	2026-02-05 09:39:31+01	894c7008	ON_SITE	5c1272b3
40d7f65e	IB346-2026-01-26-MAD-DXB	2026-01-31 11:03:50+01	1eb24418	ONLINE	46898e5c
dc052660	IB697-2026-01-27-BCN-LHR	2026-02-01 18:02:24+01	53e0d265	ON_SITE	262106e5
f553faf0	IB391-2026-01-29-BCN-LHR	2026-02-05 15:48:53+01	558c30d6	ON_SITE	bd357688
c840632f	IB651-2026-01-22-MAD-SCZ	2026-02-01 22:15:19+01	d0e8765b	PENDING	1bd5ed57
dd769176	IB103-2026-01-27-MAD-JFK	2026-02-07 00:46:52+01	5e35e3d7	PENDING	5b807a60
87812163	IB295-2026-01-24-MAD-SCZ	2026-01-27 21:14:25+01	5c77ddca	ONLINE	2d5a6086
7afa8e25	IB548-2026-01-24-MAD-PMI	2026-02-05 09:39:31+01	aaeba163	ON_SITE	c8828009
476169c8	IB822-2026-01-23-MAD-BCN	2026-02-03 02:39:51+01	b7d1ee1f	ON_SITE	08096c1f
532d3240	IB793-2026-01-22-MAD-CDG	2026-02-07 00:46:52+01	76017d4c	PENDING	5e1740c0
ba6c4652	IB669-2026-01-26-MAD-CDG	2026-02-06 11:21:02+01	8eb5bb0e	PENDING	8c9cd4c2
284a0cd2	IB274-2026-01-29-MAD-JFK	2026-02-03 02:39:51+01	d7fb055a	ON_SITE	3a18400c
b894e7e7	IB274-2026-01-29-MAD-JFK	2026-01-27 21:14:25+01	a95d8cdf	ON_SITE	76a74baf
1d68001b	IB669-2026-01-26-MAD-CDG	2026-02-05 07:29:19+01	677b4bc8	ON_SITE	0da5fb99
2358f2b0	IB725-2026-01-26-BCN-LHR	2026-02-05 15:48:53+01	3707a493	ONLINE	5c1272b3
f40f6733	IB729-2026-01-29-MAD-CDG	2026-02-01 23:42:05+01	c40d6b3d	ONLINE	1529c111
9419b2c4	IB328-2026-01-23-MAD-CDG	2026-02-01 22:15:19+01	71035652	PENDING	262106e5
7c4a5cba	IB910-2026-01-23-MAD-DXB	2026-02-06 11:21:02+01	c258cd8d	PENDING	35b3b902
e40bdb53	IB215-2026-01-23-MAD-SCZ	2026-01-31 11:03:50+01	ae1c7b58	ONLINE	2f284839
5732c2aa	IB943-2026-01-25-MAD-JFK	2026-01-27 21:14:25+01	4190ec21	ONLINE	8665e7ee
079544f8	IB792-2026-01-25-MAD-PMI	2026-01-27 21:14:25+01	bf49acf4	PENDING	cca84bac
2a744680	IB267-2026-01-25-BCN-LHR	2026-02-01 18:02:24+01	a951485b	ONLINE	8f0bad12
28092226	IB328-2026-01-23-MAD-CDG	2026-01-27 21:14:25+01	69ffcb7c	ONLINE	480d4540
396a40d2	IB697-2026-01-27-BCN-LHR	2026-02-05 15:48:53+01	88a0eb4d	PENDING	767dbf58
31af6a65	IB197-2026-01-22-MAD-BCN	2026-02-01 23:42:05+01	16a5c42f	ON_SITE	1e6cf74d
42d90c1a	IB295-2026-01-24-MAD-SCZ	2026-02-06 11:21:02+01	1f9e27be	PENDING	050c69d4
1869169a	IB622-2026-01-27-MAD-BCN	2026-02-06 11:21:02+01	70e32ea5	ON_SITE	95239495
211ebbfe	IB910-2026-01-23-MAD-DXB	2026-02-01 23:42:05+01	ef6d2ccd	PENDING	fc188cfa
38187401	IB376-2026-01-29-MAD-PMI	2026-02-05 07:37:23+01	17d61654	PENDING	ec533a6f
e44f2cb1	IB651-2026-01-22-MAD-SCZ	2026-02-05 15:48:53+01	2d035332	ON_SITE	f3c36c86
bb4e7b29	IB219-2026-01-22-BCN-LHR	2026-02-05 07:37:23+01	74215814	ONLINE	b3a28585
5576b846	IB651-2026-01-22-MAD-SCZ	2026-02-05 07:37:23+01	e5566ede	ONLINE	8ca22a46
f1d3de3c	IB295-2026-01-24-MAD-SCZ	2026-02-07 00:46:52+01	8d91d09f	ONLINE	35f566c6
495a2725	IB267-2026-01-25-BCN-LHR	2026-02-01 18:02:24+01	c76ae387	ON_SITE	74ecdd17
a7500580	IB673-2026-01-27-MAD-DXB	2026-02-01 23:42:05+01	1b006ccf	ONLINE	f5f465cf
81127504	IB725-2026-01-26-BCN-LHR	2026-02-01 23:42:05+01	45c5b7b2	PENDING	99f2e8b7
77524638	IB792-2026-01-25-MAD-PMI	2026-02-04 12:50:01+01	a7b30cc2	ON_SITE	60da3a78
ec3dd898	IB215-2026-01-23-MAD-SCZ	2026-02-05 15:48:53+01	2ca6f5c1	ONLINE	1e6cf74d
0766126a	IB460-2026-01-22-MAD-PMI	2026-02-02 05:37:32+01	d0974c74	ONLINE	8f0bad12
68d0823c	IB662-2026-01-24-MAD-CDG	2026-02-01 23:42:05+01	ee64259f	ON_SITE	cb047f4f
b0626107	IB793-2026-01-22-MAD-CDG	2026-02-01 18:02:24+01	9879b1e3	ON_SITE	6f3df24c
d936be7c	IB119-2026-01-27-MAD-CDG	2026-02-05 15:48:53+01	de891576	ON_SITE	ce10922d
5b7b22b9	IB215-2026-01-23-MAD-SCZ	2026-02-07 00:46:52+01	bac0f927	PENDING	9e88aaa4
146607ea	IB253-2026-01-27-MAD-PMI	2026-02-02 05:37:32+01	f865b32a	ON_SITE	952001fe
99e27496	IB427-2026-01-28-BCN-LHR	2026-02-03 02:39:51+01	50698b70	ONLINE	8fa493ce
6a52e691	IB219-2026-01-22-BCN-LHR	2026-02-03 02:39:51+01	063e774f	ON_SITE	5ce4eb4c
8d0bb185	IB357-2026-01-28-MAD-SCZ	2026-02-06 11:21:02+01	f153791b	ON_SITE	be170500
2efa0153	IB289-2026-01-26-MAD-JFK	2026-02-05 07:29:19+01	19cdbb49	ON_SITE	7a846c2f
f516b399	IB910-2026-01-23-MAD-DXB	2026-02-02 05:37:32+01	550493e8	ONLINE	83d402cd
67a8c9cb	IB626-2026-01-25-MAD-CDG	2026-02-05 07:37:23+01	d1142ce4	ONLINE	c3fc1ab2
75296838	IB736-2026-01-26-MAD-PMI	2026-02-04 12:50:01+01	a33ec4b7	ON_SITE	8582671b
950c751e	IB751-2026-01-23-BCN-LHR	2026-02-06 11:21:02+01	f34bee76	ON_SITE	a357c1d4
cf3f60d0	IB219-2026-01-22-BCN-LHR	2026-02-05 15:48:53+01	0dd712c9	ON_SITE	80a7a207
e14e8032	IB274-2026-01-29-MAD-JFK	2026-01-31 11:03:50+01	2fdca1d9	PENDING	c6a5beaa
a68ad083	IB736-2026-01-26-MAD-PMI	2026-01-31 11:03:50+01	ff3b3549	ON_SITE	844f140d
44d90209	IB662-2026-01-24-MAD-CDG	2026-01-24 18:11:03+01	40fde9a1	ON_SITE	23b01d07
d83becb3	IB119-2026-01-27-MAD-CDG	2026-01-27 21:14:25+01	c6e130a1	ON_SITE	e3a6f945
f077aa33	IB376-2026-01-29-MAD-PMI	2026-02-04 12:50:01+01	ef6a6e5c	ON_SITE	56950a23
04da87b5	IB793-2026-01-22-MAD-CDG	2026-02-06 11:21:02+01	0417e63f	ON_SITE	0f58766b
574e5e5c	IB468-2026-01-25-MAD-DXB	2026-02-01 18:02:24+01	fe68dc5c	ONLINE	869aa9e5
ea7fca68	IB964-2026-01-24-BCN-LHR	2026-02-05 07:37:23+01	55a29d55	ONLINE	a8362c2e
f2939fbe	IB346-2026-01-26-MAD-DXB	2026-02-02 05:37:32+01	8111a5d4	PENDING	d506cfea
454886ab	IB587-2026-01-27-MAD-SCZ	2026-02-07 00:46:52+01	5e89de1f	PENDING	15345b41
04443de3	IB822-2026-01-23-MAD-BCN	2026-02-01 23:42:05+01	5c14796f	PENDING	71119e2b
\.


--
-- Name: aircraft aircraft_pkey; Type: CONSTRAINT; Schema: travel; Owner: postgres
--

ALTER TABLE ONLY travel.aircraft
    ADD CONSTRAINT aircraft_pkey PRIMARY KEY (aircraft_code);


--
-- Name: airport airport_pkey; Type: CONSTRAINT; Schema: travel; Owner: postgres
--

ALTER TABLE ONLY travel.airport
    ADD CONSTRAINT airport_pkey PRIMARY KEY (airport_code);


--
-- Name: booking_items booking_items_pkey; Type: CONSTRAINT; Schema: travel; Owner: postgres
--

ALTER TABLE ONLY travel.booking_items
    ADD CONSTRAINT booking_items_pkey PRIMARY KEY (booking_item_id);


--
-- Name: bookings bookings_confirmation_code_key; Type: CONSTRAINT; Schema: travel; Owner: postgres
--

ALTER TABLE ONLY travel.bookings
    ADD CONSTRAINT bookings_confirmation_code_key UNIQUE (confirmation_code);


--
-- Name: bookings bookings_pkey; Type: CONSTRAINT; Schema: travel; Owner: postgres
--

ALTER TABLE ONLY travel.bookings
    ADD CONSTRAINT bookings_pkey PRIMARY KEY (booking_id);


--
-- Name: customers customers_pkey; Type: CONSTRAINT; Schema: travel; Owner: postgres
--

ALTER TABLE ONLY travel.customers
    ADD CONSTRAINT customers_pkey PRIMARY KEY (customer_id);


--
-- Name: events events_pkey; Type: CONSTRAINT; Schema: travel; Owner: postgres
--

ALTER TABLE ONLY travel.events
    ADD CONSTRAINT events_pkey PRIMARY KEY (event_id);


--
-- Name: fare_families fare_families_pkey; Type: CONSTRAINT; Schema: travel; Owner: postgres
--

ALTER TABLE ONLY travel.fare_families
    ADD CONSTRAINT fare_families_pkey PRIMARY KEY (fare_family_id);


--
-- Name: flight_inventory flight_inventory_pkey; Type: CONSTRAINT; Schema: travel; Owner: postgres
--

ALTER TABLE ONLY travel.flight_inventory
    ADD CONSTRAINT flight_inventory_pkey PRIMARY KEY (inventory_id);


--
-- Name: flights flights_pkey; Type: CONSTRAINT; Schema: travel; Owner: postgres
--

ALTER TABLE ONLY travel.flights
    ADD CONSTRAINT flights_pkey PRIMARY KEY (flight_id);


--
-- Name: hotel_prices hotel_prices_pkey; Type: CONSTRAINT; Schema: travel; Owner: postgres
--

ALTER TABLE ONLY travel.hotel_prices
    ADD CONSTRAINT hotel_prices_pkey PRIMARY KEY (rate_plan_id);


--
-- Name: hotel_prices hotel_prices_rate_plan_id_date_key; Type: CONSTRAINT; Schema: travel; Owner: postgres
--

ALTER TABLE ONLY travel.hotel_prices
    ADD CONSTRAINT hotel_prices_rate_plan_id_date_key UNIQUE (rate_plan_id, date);


--
-- Name: hotels hotels_pkey; Type: CONSTRAINT; Schema: travel; Owner: postgres
--

ALTER TABLE ONLY travel.hotels
    ADD CONSTRAINT hotels_pkey PRIMARY KEY (hotel_id);


--
-- Name: inventory inventory_hotel_id_date_key; Type: CONSTRAINT; Schema: travel; Owner: postgres
--

ALTER TABLE ONLY travel.inventory
    ADD CONSTRAINT inventory_hotel_id_date_key UNIQUE (hotel_id, date);


--
-- Name: inventory inventory_pkey; Type: CONSTRAINT; Schema: travel; Owner: postgres
--

ALTER TABLE ONLY travel.inventory
    ADD CONSTRAINT inventory_pkey PRIMARY KEY (inventory_id);


--
-- Name: payments payments_pkey; Type: CONSTRAINT; Schema: travel; Owner: postgres
--

ALTER TABLE ONLY travel.payments
    ADD CONSTRAINT payments_pkey PRIMARY KEY (payment_id);


--
-- Name: prices prices_pkey; Type: CONSTRAINT; Schema: travel; Owner: postgres
--

ALTER TABLE ONLY travel.prices
    ADD CONSTRAINT prices_pkey PRIMARY KEY (price_id);


--
-- Name: routes routes_pkey; Type: CONSTRAINT; Schema: travel; Owner: postgres
--

ALTER TABLE ONLY travel.routes
    ADD CONSTRAINT routes_pkey PRIMARY KEY (route_id);


--
-- Name: tickets tickets_eticket_number_key; Type: CONSTRAINT; Schema: travel; Owner: postgres
--

ALTER TABLE ONLY travel.tickets
    ADD CONSTRAINT tickets_eticket_number_key UNIQUE (eticket_number);


--
-- Name: tickets tickets_pkey; Type: CONSTRAINT; Schema: travel; Owner: postgres
--

ALTER TABLE ONLY travel.tickets
    ADD CONSTRAINT tickets_pkey PRIMARY KEY (ticket_id);


--
-- Name: idx_hotel_inventory; Type: INDEX; Schema: travel; Owner: postgres
--

CREATE INDEX idx_hotel_inventory ON travel.inventory USING btree (hotel_id, date);


--
-- Name: booking_items booking_items_customers_fk; Type: FK CONSTRAINT; Schema: travel; Owner: postgres
--

ALTER TABLE ONLY travel.booking_items
    ADD CONSTRAINT booking_items_customers_fk FOREIGN KEY (customer_id) REFERENCES travel.customers(customer_id);


--
-- Name: booking_items booking_items_fare_family_id_fkey; Type: FK CONSTRAINT; Schema: travel; Owner: postgres
--

ALTER TABLE ONLY travel.booking_items
    ADD CONSTRAINT booking_items_fare_family_id_fkey FOREIGN KEY (fare_family_id) REFERENCES travel.fare_families(fare_family_id);


--
-- Name: booking_items booking_items_flight_id_fkey; Type: FK CONSTRAINT; Schema: travel; Owner: postgres
--

ALTER TABLE ONLY travel.booking_items
    ADD CONSTRAINT booking_items_flight_id_fkey FOREIGN KEY (flight_id) REFERENCES travel.flights(flight_id);


--
-- Name: booking_items booking_items_price_id_fkey; Type: FK CONSTRAINT; Schema: travel; Owner: postgres
--

ALTER TABLE ONLY travel.booking_items
    ADD CONSTRAINT booking_items_price_id_fkey FOREIGN KEY (price_id) REFERENCES travel.prices(price_id);


--
-- Name: bookings bookings_customer_id_fkey; Type: FK CONSTRAINT; Schema: travel; Owner: postgres
--

ALTER TABLE ONLY travel.bookings
    ADD CONSTRAINT bookings_customer_id_fkey FOREIGN KEY (customer_id) REFERENCES travel.customers(customer_id) ON DELETE CASCADE;


--
-- Name: bookings bookings_hotel_id_fkey; Type: FK CONSTRAINT; Schema: travel; Owner: postgres
--

ALTER TABLE ONLY travel.bookings
    ADD CONSTRAINT bookings_hotel_id_fkey FOREIGN KEY (hotel_id) REFERENCES travel.hotels(hotel_id) ON DELETE CASCADE;


--
-- Name: events events_customer_id_fkey; Type: FK CONSTRAINT; Schema: travel; Owner: postgres
--

ALTER TABLE ONLY travel.events
    ADD CONSTRAINT events_customer_id_fkey FOREIGN KEY (customer_id) REFERENCES travel.customers(customer_id);


--
-- Name: flight_inventory flight_inventory_flight_id_fkey; Type: FK CONSTRAINT; Schema: travel; Owner: postgres
--

ALTER TABLE ONLY travel.flight_inventory
    ADD CONSTRAINT flight_inventory_flight_id_fkey FOREIGN KEY (flight_id) REFERENCES travel.flights(flight_id);


--
-- Name: flights flights_aircraft_code_fkey; Type: FK CONSTRAINT; Schema: travel; Owner: postgres
--

ALTER TABLE ONLY travel.flights
    ADD CONSTRAINT flights_aircraft_code_fkey FOREIGN KEY (aircraft_code) REFERENCES travel.aircraft(aircraft_code);


--
-- Name: flights flights_destination_fkey; Type: FK CONSTRAINT; Schema: travel; Owner: postgres
--

ALTER TABLE ONLY travel.flights
    ADD CONSTRAINT flights_destination_fkey FOREIGN KEY (destination) REFERENCES travel.airport(airport_code);


--
-- Name: flights flights_origin_fkey; Type: FK CONSTRAINT; Schema: travel; Owner: postgres
--

ALTER TABLE ONLY travel.flights
    ADD CONSTRAINT flights_origin_fkey FOREIGN KEY (origin) REFERENCES travel.airport(airport_code);


--
-- Name: hotel_prices hotel_prices_hotels_fk; Type: FK CONSTRAINT; Schema: travel; Owner: postgres
--

ALTER TABLE ONLY travel.hotel_prices
    ADD CONSTRAINT hotel_prices_hotels_fk FOREIGN KEY (hotel_id) REFERENCES travel.hotels(hotel_id);


--
-- Name: inventory inventory_hotel_id_fkey; Type: FK CONSTRAINT; Schema: travel; Owner: postgres
--

ALTER TABLE ONLY travel.inventory
    ADD CONSTRAINT inventory_hotel_id_fkey FOREIGN KEY (hotel_id) REFERENCES travel.hotels(hotel_id) ON DELETE CASCADE;


--
-- Name: payments payments_customers_fk; Type: FK CONSTRAINT; Schema: travel; Owner: postgres
--

ALTER TABLE ONLY travel.payments
    ADD CONSTRAINT payments_customers_fk FOREIGN KEY (customer_id) REFERENCES travel.customers(customer_id);


--
-- Name: prices prices_inventory_id_fkey; Type: FK CONSTRAINT; Schema: travel; Owner: postgres
--

ALTER TABLE ONLY travel.prices
    ADD CONSTRAINT prices_inventory_id_fkey FOREIGN KEY (inventory_id) REFERENCES travel.flight_inventory(inventory_id);


--
-- Name: routes routes_destination_fkey; Type: FK CONSTRAINT; Schema: travel; Owner: postgres
--

ALTER TABLE ONLY travel.routes
    ADD CONSTRAINT routes_destination_fkey FOREIGN KEY (destination) REFERENCES travel.airport(airport_code);


--
-- Name: routes routes_origin_fkey; Type: FK CONSTRAINT; Schema: travel; Owner: postgres
--

ALTER TABLE ONLY travel.routes
    ADD CONSTRAINT routes_origin_fkey FOREIGN KEY (origin) REFERENCES travel.airport(airport_code);


--
-- Name: tickets tickets_customers_fk; Type: FK CONSTRAINT; Schema: travel; Owner: postgres
--

ALTER TABLE ONLY travel.tickets
    ADD CONSTRAINT tickets_customers_fk FOREIGN KEY (customer_id) REFERENCES travel.customers(customer_id);


--
-- Name: tickets tickets_flight_id_fkey; Type: FK CONSTRAINT; Schema: travel; Owner: postgres
--

ALTER TABLE ONLY travel.tickets
    ADD CONSTRAINT tickets_flight_id_fkey FOREIGN KEY (flight_id) REFERENCES travel.flights(flight_id);


--
-- PostgreSQL database dump complete
--

\unrestrict eBTQcZ4wgDpbRnkjY5i3XJ3zojKEawefkblDVtKneM7DYIczwAOABShiz63m2IF

