hotel_id,name,city,date,allotment_total,allotment_sold,occupancy_rate,price_per_night,avg_last_3_days,prev_day_sold,daily_growth_percent
1ad4f8c1,Le Meurice,Paris,2026-01-20,10,9,90.0,835.0,,,
1ad4f8c1,Le Meurice,Paris,2026-01-20,10,9,90.0,1165.0,9.0,9.0,0.0
1ad4f8c1,Le Meurice,Paris,2026-01-21,39,2,5.13,694.0,9.0,9.0,-77.78
1ad4f8c1,Le Meurice,Paris,2026-01-21,39,2,5.13,715.0,6.666666666666667,2.0,0.0
1ad4f8c1,Le Meurice,Paris,2026-01-21,39,2,5.13,932.0,4.333333333333333,2.0,0.0
1ad4f8c1,Le Meurice,Paris,2026-01-21,39,2,5.13,963.0,2.0,2.0,0.0
1ad4f8c1,Le Meurice,Paris,2026-01-21,39,2,5.13,1408.0,2.0,2.0,0.0
1ad4f8c1,Le Meurice,Paris,2026-01-21,39,2,5.13,1454.0,2.0,2.0,0.0
1ad4f8c1,Le Meurice,Paris,2026-01-21,39,2,5.13,1463.0,2.0,2.0,0.0
1ad4f8c1,Le Meurice,Paris,2026-01-22,13,3,23.08,726.0,2.0,2.0,50.0
1ad4f8c1,Le Meurice,Paris,2026-01-22,13,3,23.08,816.0,2.3333333333333335,3.0,0.0
1ad4f8c1,Le Meurice,Paris,2026-01-22,13,3,23.08,834.0,2.6666666666666665,3.0,0.0
1ad4f8c1,Le Meurice,Paris,2026-01-22,13,3,23.08,1172.0,3.0,3.0,0.0
1ad4f8c1,Le Meurice,Paris,2026-01-22,13,3,23.08,1486.0,3.0,3.0,0.0
1ad4f8c1,Le Meurice,Paris,2026-01-23,21,6,28.57,760.0,3.0,3.0,100.0
1ad4f8c1,Le Meurice,Paris,2026-01-23,21,6,28.57,786.0,4.0,6.0,0.0
1ad4f8c1,Le Meurice,Paris,2026-01-23,21,6,28.57,790.0,5.0,6.0,0.0
1ad4f8c1,Le Meurice,Paris,2026-01-23,21,6,28.57,820.0,6.0,6.0,0.0
1ad4f8c1,Le Meurice,Paris,2026-01-23,21,6,28.57,855.0,6.0,6.0,0.0
1ad4f8c1,Le Meurice,Paris,2026-01-23,21,6,28.57,858.0,6.0,6.0,0.0
1ad4f8c1,Le Meurice,Paris,2026-01-23,21,6,28.57,1068.0,6.0,6.0,0.0
1ad4f8c1,Le Meurice,Paris,2026-01-23,21,6,28.57,1226.0,6.0,6.0,0.0
1ad4f8c1,Le Meurice,Paris,2026-01-23,21,6,28.57,1291.0,6.0,6.0,0.0
1ad4f8c1,Le Meurice,Paris,2026-01-24,29,22,75.86,742.0,6.0,6.0,266.67
1ad4f8c1,Le Meurice,Paris,2026-01-24,29,22,75.86,1000.0,11.333333333333334,22.0,0.0
1ad4f8c1,Le Meurice,Paris,2026-01-24,29,22,75.86,1065.0,16.666666666666668,22.0,0.0
1ad4f8c1,Le Meurice,Paris,2026-01-24,29,22,75.86,1352.0,22.0,22.0,0.0
1ad4f8c1,Le Meurice,Paris,2026-01-25,29,16,55.17,734.0,22.0,22.0,-27.27
1ad4f8c1,Le Meurice,Paris,2026-01-25,29,16,55.17,1109.0,20.0,16.0,0.0
1ad4f8c1,Le Meurice,Paris,2026-01-25,29,16,55.17,1195.0,18.0,16.0,0.0
1ad4f8c1,Le Meurice,Paris,2026-01-25,29,16,55.17,1208.0,16.0,16.0,0.0
1ad4f8c1,Le Meurice,Paris,2026-01-25,29,16,55.17,1233.0,16.0,16.0,0.0
1ad4f8c1,Le Meurice,Paris,2026-01-25,29,16,55.17,1236.0,16.0,16.0,0.0
1ad4f8c1,Le Meurice,Paris,2026-01-25,29,16,55.17,1278.0,16.0,16.0,0.0
1ad4f8c1,Le Meurice,Paris,2026-01-25,29,16,55.17,1307.0,16.0,16.0,0.0
1ad4f8c1,Le Meurice,Paris,2026-01-25,29,16,55.17,1436.0,16.0,16.0,0.0
1ad4f8c1,Le Meurice,Paris,2026-01-25,29,16,55.17,1439.0,16.0,16.0,0.0
1ad4f8c1,Le Meurice,Paris,2026-01-26,24,5,20.83,709.0,16.0,16.0,-68.75
1ad4f8c1,Le Meurice,Paris,2026-01-26,24,5,20.83,825.0,12.333333333333334,5.0,0.0
1ad4f8c1,Le Meurice,Paris,2026-01-26,24,5,20.83,1048.0,8.666666666666666,5.0,0.0
1ad4f8c1,Le Meurice,Paris,2026-01-26,24,5,20.83,1049.0,5.0,5.0,0.0
1ad4f8c1,Le Meurice,Paris,2026-01-26,24,5,20.83,1220.0,5.0,5.0,0.0
1ad4f8c1,Le Meurice,Paris,2026-01-26,24,5,20.83,1311.0,5.0,5.0,0.0
1ad4f8c1,Le Meurice,Paris,2026-01-26,24,5,20.83,1315.0,5.0,5.0,0.0
1ad4f8c1,Le Meurice,Paris,2026-01-26,24,5,20.83,1461.0,5.0,5.0,0.0
1ad4f8c1,Le Meurice,Paris,2026-01-27,22,5,22.73,761.0,5.0,5.0,0.0
1ad4f8c1,Le Meurice,Paris,2026-01-27,22,5,22.73,766.0,5.0,5.0,0.0
1ad4f8c1,Le Meurice,Paris,2026-01-27,22,5,22.73,1091.0,5.0,5.0,0.0
1ad4f8c1,Le Meurice,Paris,2026-01-27,22,5,22.73,1155.0,5.0,5.0,0.0
1ad4f8c1,Le Meurice,Paris,2026-01-27,22,5,22.73,1355.0,5.0,5.0,0.0
1ad4f8c1,Le Meurice,Paris,2026-01-27,22,5,22.73,1469.0,5.0,5.0,0.0
3aaf0cc6,Hotel Centro,Madrid,2026-01-20,25,17,68.0,120.0,,,
3aaf0cc6,Hotel Centro,Madrid,2026-01-20,25,17,68.0,138.0,17.0,17.0,0.0
3aaf0cc6,Hotel Centro,Madrid,2026-01-20,25,17,68.0,149.0,17.0,17.0,0.0
3aaf0cc6,Hotel Centro,Madrid,2026-01-20,25,17,68.0,164.0,17.0,17.0,0.0
3aaf0cc6,Hotel Centro,Madrid,2026-01-20,25,17,68.0,165.0,17.0,17.0,0.0
3aaf0cc6,Hotel Centro,Madrid,2026-01-20,25,17,68.0,204.0,17.0,17.0,0.0
3aaf0cc6,Hotel Centro,Madrid,2026-01-20,25,17,68.0,205.0,17.0,17.0,0.0
3aaf0cc6,Hotel Centro,Madrid,2026-01-20,25,17,68.0,214.0,17.0,17.0,0.0
3aaf0cc6,Hotel Centro,Madrid,2026-01-20,25,17,68.0,216.0,17.0,17.0,0.0
3aaf0cc6,Hotel Centro,Madrid,2026-01-20,25,17,68.0,219.0,17.0,17.0,0.0
3aaf0cc6,Hotel Centro,Madrid,2026-01-20,25,17,68.0,239.0,17.0,17.0,0.0
3aaf0cc6,Hotel Centro,Madrid,2026-01-20,25,17,68.0,247.0,17.0,17.0,0.0
3aaf0cc6,Hotel Centro,Madrid,2026-01-21,32,2,6.25,126.0,17.0,17.0,-88.24
3aaf0cc6,Hotel Centro,Madrid,2026-01-21,32,2,6.25,131.0,12.0,2.0,0.0
3aaf0cc6,Hotel Centro,Madrid,2026-01-21,32,2,6.25,132.0,7.0,2.0,0.0
3aaf0cc6,Hotel Centro,Madrid,2026-01-21,32,2,6.25,151.0,2.0,2.0,0.0
3aaf0cc6,Hotel Centro,Madrid,2026-01-21,32,2,6.25,171.0,2.0,2.0,0.0
3aaf0cc6,Hotel Centro,Madrid,2026-01-21,32,2,6.25,177.0,2.0,2.0,0.0
3aaf0cc6,Hotel Centro,Madrid,2026-01-21,32,2,6.25,199.0,2.0,2.0,0.0
3aaf0cc6,Hotel Centro,Madrid,2026-01-21,32,2,6.25,205.0,2.0,2.0,0.0
3aaf0cc6,Hotel Centro,Madrid,2026-01-22,34,22,64.71,143.0,2.0,2.0,1000.0
3aaf0cc6,Hotel Centro,Madrid,2026-01-22,34,22,64.71,155.0,8.666666666666666,22.0,0.0
3aaf0cc6,Hotel Centro,Madrid,2026-01-22,34,22,64.71,168.0,15.333333333333334,22.0,0.0
3aaf0cc6,Hotel Centro,Madrid,2026-01-22,34,22,64.71,221.0,22.0,22.0,0.0
3aaf0cc6,Hotel Centro,Madrid,2026-01-22,34,22,64.71,234.0,22.0,22.0,0.0
3aaf0cc6,Hotel Centro,Madrid,2026-01-23,35,24,68.57,137.0,22.0,22.0,9.09
3aaf0cc6,Hotel Centro,Madrid,2026-01-23,35,24,68.57,141.0,22.666666666666668,24.0,0.0
3aaf0cc6,Hotel Centro,Madrid,2026-01-23,35,24,68.57,152.0,23.333333333333332,24.0,0.0
3aaf0cc6,Hotel Centro,Madrid,2026-01-23,35,24,68.57,161.0,24.0,24.0,0.0
3aaf0cc6,Hotel Centro,Madrid,2026-01-23,35,24,68.57,163.0,24.0,24.0,0.0
3aaf0cc6,Hotel Centro,Madrid,2026-01-23,35,24,68.57,165.0,24.0,24.0,0.0
3aaf0cc6,Hotel Centro,Madrid,2026-01-23,35,24,68.57,185.0,24.0,24.0,0.0
3aaf0cc6,Hotel Centro,Madrid,2026-01-24,38,29,76.32,155.0,24.0,24.0,20.83
3aaf0cc6,Hotel Centro,Madrid,2026-01-24,38,29,76.32,166.0,25.666666666666668,29.0,0.0
3aaf0cc6,Hotel Centro,Madrid,2026-01-24,38,29,76.32,168.0,27.333333333333332,29.0,0.0
3aaf0cc6,Hotel Centro,Madrid,2026-01-24,38,29,76.32,179.0,29.0,29.0,0.0
3aaf0cc6,Hotel Centro,Madrid,2026-01-24,38,29,76.32,186.0,29.0,29.0,0.0
3aaf0cc6,Hotel Centro,Madrid,2026-01-24,38,29,76.32,214.0,29.0,29.0,0.0
3aaf0cc6,Hotel Centro,Madrid,2026-01-24,38,29,76.32,222.0,29.0,29.0,0.0
3aaf0cc6,Hotel Centro,Madrid,2026-01-24,38,29,76.32,238.0,29.0,29.0,0.0
3aaf0cc6,Hotel Centro,Madrid,2026-01-24,38,29,76.32,246.0,29.0,29.0,0.0
3aaf0cc6,Hotel Centro,Madrid,2026-01-25,26,11,42.31,136.0,29.0,29.0,-62.07
3aaf0cc6,Hotel Centro,Madrid,2026-01-25,26,11,42.31,137.0,23.0,11.0,0.0
3aaf0cc6,Hotel Centro,Madrid,2026-01-25,26,11,42.31,159.0,17.0,11.0,0.0
3aaf0cc6,Hotel Centro,Madrid,2026-01-25,26,11,42.31,165.0,11.0,11.0,0.0
3aaf0cc6,Hotel Centro,Madrid,2026-01-25,26,11,42.31,170.0,11.0,11.0,0.0
3aaf0cc6,Hotel Centro,Madrid,2026-01-25,26,11,42.31,217.0,11.0,11.0,0.0
3aaf0cc6,Hotel Centro,Madrid,2026-01-25,26,11,42.31,218.0,11.0,11.0,0.0
3aaf0cc6,Hotel Centro,Madrid,2026-01-25,26,11,42.31,247.0,11.0,11.0,0.0
3aaf0cc6,Hotel Centro,Madrid,2026-01-26,35,7,20.0,125.0,11.0,11.0,-36.36
3aaf0cc6,Hotel Centro,Madrid,2026-01-26,35,7,20.0,156.0,9.666666666666666,7.0,0.0
3aaf0cc6,Hotel Centro,Madrid,2026-01-27,39,26,66.67,174.0,8.333333333333334,7.0,271.43
3aaf0cc6,Hotel Centro,Madrid,2026-01-27,39,26,66.67,182.0,13.333333333333334,26.0,0.0
3aaf0cc6,Hotel Centro,Madrid,2026-01-27,39,26,66.67,187.0,19.666666666666668,26.0,0.0
3aaf0cc6,Hotel Centro,Madrid,2026-01-27,39,26,66.67,211.0,26.0,26.0,0.0
3aaf0cc6,Hotel Centro,Madrid,2026-01-27,39,26,66.67,223.0,26.0,26.0,0.0
3aaf0cc6,Hotel Centro,Madrid,2026-01-27,39,26,66.67,235.0,26.0,26.0,0.0
4c9692b3,Hotel Mar,Barcelona,2026-01-20,17,5,29.41,183.0,,,
4c9692b3,Hotel Mar,Barcelona,2026-01-20,17,5,29.41,218.0,5.0,5.0,0.0
4c9692b3,Hotel Mar,Barcelona,2026-01-20,17,5,29.41,223.0,5.0,5.0,0.0
4c9692b3,Hotel Mar,Barcelona,2026-01-20,17,5,29.41,244.0,5.0,5.0,0.0
4c9692b3,Hotel Mar,Barcelona,2026-01-20,17,5,29.41,248.0,5.0,5.0,0.0
4c9692b3,Hotel Mar,Barcelona,2026-01-20,17,5,29.41,262.0,5.0,5.0,0.0
4c9692b3,Hotel Mar,Barcelona,2026-01-21,31,5,16.13,149.0,5.0,5.0,0.0
4c9692b3,Hotel Mar,Barcelona,2026-01-21,31,5,16.13,202.0,5.0,5.0,0.0
4c9692b3,Hotel Mar,Barcelona,2026-01-21,31,5,16.13,227.0,5.0,5.0,0.0
4c9692b3,Hotel Mar,Barcelona,2026-01-21,31,5,16.13,228.0,5.0,5.0,0.0
4c9692b3,Hotel Mar,Barcelona,2026-01-21,31,5,16.13,229.0,5.0,5.0,0.0
4c9692b3,Hotel Mar,Barcelona,2026-01-21,31,5,16.13,251.0,5.0,5.0,0.0
4c9692b3,Hotel Mar,Barcelona,2026-01-21,31,5,16.13,272.0,5.0,5.0,0.0
4c9692b3,Hotel Mar,Barcelona,2026-01-22,16,12,75.0,155.0,5.0,5.0,140.0
4c9692b3,Hotel Mar,Barcelona,2026-01-22,16,12,75.0,204.0,7.333333333333333,12.0,0.0
4c9692b3,Hotel Mar,Barcelona,2026-01-22,16,12,75.0,212.0,9.666666666666666,12.0,0.0
4c9692b3,Hotel Mar,Barcelona,2026-01-22,16,12,75.0,223.0,12.0,12.0,0.0
4c9692b3,Hotel Mar,Barcelona,2026-01-22,16,12,75.0,240.0,12.0,12.0,0.0
4c9692b3,Hotel Mar,Barcelona,2026-01-22,16,12,75.0,241.0,12.0,12.0,0.0
4c9692b3,Hotel Mar,Barcelona,2026-01-22,16,12,75.0,248.0,12.0,12.0,0.0
4c9692b3,Hotel Mar,Barcelona,2026-01-22,16,12,75.0,266.0,12.0,12.0,0.0
4c9692b3,Hotel Mar,Barcelona,2026-01-22,16,12,75.0,267.0,12.0,12.0,0.0
4c9692b3,Hotel Mar,Barcelona,2026-01-23,26,9,34.62,154.0,12.0,12.0,-25.0
4c9692b3,Hotel Mar,Barcelona,2026-01-23,26,9,34.62,160.0,11.0,9.0,0.0
4c9692b3,Hotel Mar,Barcelona,2026-01-23,26,9,34.62,175.0,10.0,9.0,0.0
4c9692b3,Hotel Mar,Barcelona,2026-01-23,26,9,34.62,177.0,9.0,9.0,0.0
4c9692b3,Hotel Mar,Barcelona,2026-01-23,26,9,34.62,182.0,9.0,9.0,0.0
4c9692b3,Hotel Mar,Barcelona,2026-01-23,26,9,34.62,183.0,9.0,9.0,0.0
4c9692b3,Hotel Mar,Barcelona,2026-01-23,26,9,34.62,193.0,9.0,9.0,0.0
4c9692b3,Hotel Mar,Barcelona,2026-01-23,26,9,34.62,203.0,9.0,9.0,0.0
4c9692b3,Hotel Mar,Barcelona,2026-01-23,26,9,34.62,232.0,9.0,9.0,0.0
4c9692b3,Hotel Mar,Barcelona,2026-01-23,26,9,34.62,233.0,9.0,9.0,0.0
4c9692b3,Hotel Mar,Barcelona,2026-01-23,26,9,34.62,238.0,9.0,9.0,0.0
4c9692b3,Hotel Mar,Barcelona,2026-01-23,26,9,34.62,247.0,9.0,9.0,0.0
4c9692b3,Hotel Mar,Barcelona,2026-01-23,26,9,34.62,274.0,9.0,9.0,0.0
4c9692b3,Hotel Mar,Barcelona,2026-01-24,38,3,7.89,178.0,9.0,9.0,-66.67
4c9692b3,Hotel Mar,Barcelona,2026-01-24,38,3,7.89,218.0,7.0,3.0,0.0
4c9692b3,Hotel Mar,Barcelona,2026-01-24,38,3,7.89,233.0,5.0,3.0,0.0
4c9692b3,Hotel Mar,Barcelona,2026-01-24,38,3,7.89,235.0,3.0,3.0,0.0
4c9692b3,Hotel Mar,Barcelona,2026-01-24,38,3,7.89,239.0,3.0,3.0,0.0
4c9692b3,Hotel Mar,Barcelona,2026-01-24,38,3,7.89,245.0,3.0,3.0,0.0
4c9692b3,Hotel Mar,Barcelona,2026-01-24,38,3,7.89,253.0,3.0,3.0,0.0
4c9692b3,Hotel Mar,Barcelona,2026-01-24,38,3,7.89,255.0,3.0,3.0,0.0
4c9692b3,Hotel Mar,Barcelona,2026-01-24,38,3,7.89,272.0,3.0,3.0,0.0
4c9692b3,Hotel Mar,Barcelona,2026-01-25,19,3,15.79,199.0,3.0,3.0,0.0
4c9692b3,Hotel Mar,Barcelona,2026-01-25,19,3,15.79,215.0,3.0,3.0,0.0
4c9692b3,Hotel Mar,Barcelona,2026-01-25,19,3,15.79,216.0,3.0,3.0,0.0
4c9692b3,Hotel Mar,Barcelona,2026-01-25,19,3,15.79,239.0,3.0,3.0,0.0
4c9692b3,Hotel Mar,Barcelona,2026-01-26,30,4,13.33,195.0,3.0,3.0,33.33
4c9692b3,Hotel Mar,Barcelona,2026-01-26,30,4,13.33,197.0,3.3333333333333335,4.0,0.0
4c9692b3,Hotel Mar,Barcelona,2026-01-26,30,4,13.33,213.0,3.6666666666666665,4.0,0.0
4c9692b3,Hotel Mar,Barcelona,2026-01-26,30,4,13.33,222.0,4.0,4.0,0.0
4c9692b3,Hotel Mar,Barcelona,2026-01-26,30,4,13.33,232.0,4.0,4.0,0.0
4c9692b3,Hotel Mar,Barcelona,2026-01-27,39,3,7.69,156.0,4.0,4.0,-25.0
4c9692b3,Hotel Mar,Barcelona,2026-01-27,39,3,7.69,175.0,3.6666666666666665,3.0,0.0
4c9692b3,Hotel Mar,Barcelona,2026-01-27,39,3,7.69,181.0,3.3333333333333335,3.0,0.0
4c9692b3,Hotel Mar,Barcelona,2026-01-27,39,3,7.69,183.0,3.0,3.0,0.0
4c9692b3,Hotel Mar,Barcelona,2026-01-27,39,3,7.69,257.0,3.0,3.0,0.0
86a8b017,Hotel Cap Rocat,Palma,2026-01-20,30,17,56.67,579.0,,,
86a8b017,Hotel Cap Rocat,Palma,2026-01-20,30,17,56.67,639.0,17.0,17.0,0.0
86a8b017,Hotel Cap Rocat,Palma,2026-01-20,30,17,56.67,780.0,17.0,17.0,0.0
86a8b017,Hotel Cap Rocat,Palma,2026-01-20,30,17,56.67,807.0,17.0,17.0,0.0
86a8b017,Hotel Cap Rocat,Palma,2026-01-20,30,17,56.67,819.0,17.0,17.0,0.0
86a8b017,Hotel Cap Rocat,Palma,2026-01-20,30,17,56.67,873.0,17.0,17.0,0.0
86a8b017,Hotel Cap Rocat,Palma,2026-01-21,37,16,43.24,423.0,17.0,17.0,-5.88
86a8b017,Hotel Cap Rocat,Palma,2026-01-21,37,16,43.24,453.0,16.666666666666668,16.0,0.0
86a8b017,Hotel Cap Rocat,Palma,2026-01-21,37,16,43.24,551.0,16.333333333333332,16.0,0.0
86a8b017,Hotel Cap Rocat,Palma,2026-01-21,37,16,43.24,562.0,16.0,16.0,0.0
86a8b017,Hotel Cap Rocat,Palma,2026-01-21,37,16,43.24,676.0,16.0,16.0,0.0
86a8b017,Hotel Cap Rocat,Palma,2026-01-21,37,16,43.24,709.0,16.0,16.0,0.0
86a8b017,Hotel Cap Rocat,Palma,2026-01-21,37,16,43.24,819.0,16.0,16.0,0.0
86a8b017,Hotel Cap Rocat,Palma,2026-01-21,37,16,43.24,849.0,16.0,16.0,0.0
86a8b017,Hotel Cap Rocat,Palma,2026-01-21,37,16,43.24,874.0,16.0,16.0,0.0
86a8b017,Hotel Cap Rocat,Palma,2026-01-22,38,25,65.79,458.0,16.0,16.0,56.25
86a8b017,Hotel Cap Rocat,Palma,2026-01-22,38,25,65.79,613.0,19.0,25.0,0.0
86a8b017,Hotel Cap Rocat,Palma,2026-01-22,38,25,65.79,770.0,22.0,25.0,0.0
86a8b017,Hotel Cap Rocat,Palma,2026-01-22,38,25,65.79,858.0,25.0,25.0,0.0
86a8b017,Hotel Cap Rocat,Palma,2026-01-23,31,17,54.84,470.0,25.0,25.0,-32.0
86a8b017,Hotel Cap Rocat,Palma,2026-01-23,31,17,54.84,508.0,22.333333333333332,17.0,0.0
86a8b017,Hotel Cap Rocat,Palma,2026-01-23,31,17,54.84,522.0,19.666666666666668,17.0,0.0
86a8b017,Hotel Cap Rocat,Palma,2026-01-23,31,17,54.84,558.0,17.0,17.0,0.0
86a8b017,Hotel Cap Rocat,Palma,2026-01-23,31,17,54.84,647.0,17.0,17.0,0.0
86a8b017,Hotel Cap Rocat,Palma,2026-01-23,31,17,54.84,655.0,17.0,17.0,0.0
86a8b017,Hotel Cap Rocat,Palma,2026-01-23,31,17,54.84,667.0,17.0,17.0,0.0
86a8b017,Hotel Cap Rocat,Palma,2026-01-23,31,17,54.84,683.0,17.0,17.0,0.0
86a8b017,Hotel Cap Rocat,Palma,2026-01-23,31,17,54.84,717.0,17.0,17.0,0.0
86a8b017,Hotel Cap Rocat,Palma,2026-01-23,31,17,54.84,740.0,17.0,17.0,0.0
86a8b017,Hotel Cap Rocat,Palma,2026-01-24,25,7,28.0,492.0,17.0,17.0,-58.82
86a8b017,Hotel Cap Rocat,Palma,2026-01-24,25,7,28.0,493.0,13.666666666666666,7.0,0.0
86a8b017,Hotel Cap Rocat,Palma,2026-01-25,11,3,27.27,408.0,10.333333333333334,7.0,-57.14
86a8b017,Hotel Cap Rocat,Palma,2026-01-25,11,3,27.27,488.0,5.666666666666667,3.0,0.0
86a8b017,Hotel Cap Rocat,Palma,2026-01-25,11,3,27.27,504.0,4.333333333333333,3.0,0.0
86a8b017,Hotel Cap Rocat,Palma,2026-01-25,11,3,27.27,557.0,3.0,3.0,0.0
86a8b017,Hotel Cap Rocat,Palma,2026-01-25,11,3,27.27,561.0,3.0,3.0,0.0
86a8b017,Hotel Cap Rocat,Palma,2026-01-25,11,3,27.27,589.0,3.0,3.0,0.0
86a8b017,Hotel Cap Rocat,Palma,2026-01-25,11,3,27.27,651.0,3.0,3.0,0.0
86a8b017,Hotel Cap Rocat,Palma,2026-01-25,11,3,27.27,799.0,3.0,3.0,0.0
86a8b017,Hotel Cap Rocat,Palma,2026-01-25,11,3,27.27,802.0,3.0,3.0,0.0
86a8b017,Hotel Cap Rocat,Palma,2026-01-25,11,3,27.27,842.0,3.0,3.0,0.0
86a8b017,Hotel Cap Rocat,Palma,2026-01-26,35,24,68.57,402.0,3.0,3.0,700.0
86a8b017,Hotel Cap Rocat,Palma,2026-01-26,35,24,68.57,452.0,10.0,24.0,0.0
86a8b017,Hotel Cap Rocat,Palma,2026-01-26,35,24,68.57,473.0,17.0,24.0,0.0
86a8b017,Hotel Cap Rocat,Palma,2026-01-26,35,24,68.57,500.0,24.0,24.0,0.0
86a8b017,Hotel Cap Rocat,Palma,2026-01-26,35,24,68.57,531.0,24.0,24.0,0.0
86a8b017,Hotel Cap Rocat,Palma,2026-01-26,35,24,68.57,615.0,24.0,24.0,0.0
86a8b017,Hotel Cap Rocat,Palma,2026-01-26,35,24,68.57,713.0,24.0,24.0,0.0
86a8b017,Hotel Cap Rocat,Palma,2026-01-26,35,24,68.57,866.0,24.0,24.0,0.0
86a8b017,Hotel Cap Rocat,Palma,2026-01-26,35,24,68.57,883.0,24.0,24.0,0.0
86a8b017,Hotel Cap Rocat,Palma,2026-01-27,35,3,8.57,404.0,24.0,24.0,-87.5
86a8b017,Hotel Cap Rocat,Palma,2026-01-27,35,3,8.57,515.0,17.0,3.0,0.0
86a8b017,Hotel Cap Rocat,Palma,2026-01-27,35,3,8.57,550.0,10.0,3.0,0.0
86a8b017,Hotel Cap Rocat,Palma,2026-01-27,35,3,8.57,564.0,3.0,3.0,0.0
86a8b017,Hotel Cap Rocat,Palma,2026-01-27,35,3,8.57,793.0,3.0,3.0,0.0
86a8b017,Hotel Cap Rocat,Palma,2026-01-27,35,3,8.57,849.0,3.0,3.0,0.0
8d1f74d7,Los Tajibos Hotel,Santa Cruz,2026-01-20,16,1,6.25,98.0,,,
8d1f74d7,Los Tajibos Hotel,Santa Cruz,2026-01-20,16,1,6.25,111.0,1.0,1.0,0.0
8d1f74d7,Los Tajibos Hotel,Santa Cruz,2026-01-20,16,1,6.25,115.0,1.0,1.0,0.0
8d1f74d7,Los Tajibos Hotel,Santa Cruz,2026-01-20,16,1,6.25,123.0,1.0,1.0,0.0
8d1f74d7,Los Tajibos Hotel,Santa Cruz,2026-01-20,16,1,6.25,134.0,1.0,1.0,0.0
8d1f74d7,Los Tajibos Hotel,Santa Cruz,2026-01-20,16,1,6.25,135.0,1.0,1.0,0.0
8d1f74d7,Los Tajibos Hotel,Santa Cruz,2026-01-21,26,15,57.69,71.0,1.0,1.0,1400.0
8d1f74d7,Los Tajibos Hotel,Santa Cruz,2026-01-21,26,15,57.69,75.0,5.666666666666667,15.0,0.0
8d1f74d7,Los Tajibos Hotel,Santa Cruz,2026-01-21,26,15,57.69,88.0,10.333333333333334,15.0,0.0
8d1f74d7,Los Tajibos Hotel,Santa Cruz,2026-01-21,26,15,57.69,92.0,15.0,15.0,0.0
8d1f74d7,Los Tajibos Hotel,Santa Cruz,2026-01-21,26,15,57.69,106.0,15.0,15.0,0.0
8d1f74d7,Los Tajibos Hotel,Santa Cruz,2026-01-21,26,15,57.69,117.0,15.0,15.0,0.0
8d1f74d7,Los Tajibos Hotel,Santa Cruz,2026-01-21,26,15,57.69,124.0,15.0,15.0,0.0
8d1f74d7,Los Tajibos Hotel,Santa Cruz,2026-01-21,26,15,57.69,128.0,15.0,15.0,0.0
8d1f74d7,Los Tajibos Hotel,Santa Cruz,2026-01-21,26,15,57.69,138.0,15.0,15.0,0.0
8d1f74d7,Los Tajibos Hotel,Santa Cruz,2026-01-21,26,15,57.69,142.0,15.0,15.0,0.0
8d1f74d7,Los Tajibos Hotel,Santa Cruz,2026-01-21,26,15,57.69,148.0,15.0,15.0,0.0
8d1f74d7,Los Tajibos Hotel,Santa Cruz,2026-01-22,40,19,47.5,73.0,15.0,15.0,26.67
8d1f74d7,Los Tajibos Hotel,Santa Cruz,2026-01-22,40,19,47.5,78.0,16.333333333333332,19.0,0.0
8d1f74d7,Los Tajibos Hotel,Santa Cruz,2026-01-22,40,19,47.5,106.0,17.666666666666668,19.0,0.0
8d1f74d7,Los Tajibos Hotel,Santa Cruz,2026-01-22,40,19,47.5,129.0,19.0,19.0,0.0
8d1f74d7,Los Tajibos Hotel,Santa Cruz,2026-01-22,40,19,47.5,146.0,19.0,19.0,0.0
8d1f74d7,Los Tajibos Hotel,Santa Cruz,2026-01-23,19,12,63.16,88.0,19.0,19.0,-36.84
8d1f74d7,Los Tajibos Hotel,Santa Cruz,2026-01-23,19,12,63.16,97.0,16.666666666666668,12.0,0.0
8d1f74d7,Los Tajibos Hotel,Santa Cruz,2026-01-23,19,12,63.16,109.0,14.333333333333334,12.0,0.0
8d1f74d7,Los Tajibos Hotel,Santa Cruz,2026-01-23,19,12,63.16,110.0,12.0,12.0,0.0
8d1f74d7,Los Tajibos Hotel,Santa Cruz,2026-01-23,19,12,63.16,112.0,12.0,12.0,0.0
8d1f74d7,Los Tajibos Hotel,Santa Cruz,2026-01-23,19,12,63.16,125.0,12.0,12.0,0.0
8d1f74d7,Los Tajibos Hotel,Santa Cruz,2026-01-23,19,12,63.16,126.0,12.0,12.0,0.0
8d1f74d7,Los Tajibos Hotel,Santa Cruz,2026-01-23,19,12,63.16,147.0,12.0,12.0,0.0
8d1f74d7,Los Tajibos Hotel,Santa Cruz,2026-01-24,27,9,33.33,73.0,12.0,12.0,-25.0
8d1f74d7,Los Tajibos Hotel,Santa Cruz,2026-01-24,27,9,33.33,96.0,11.0,9.0,0.0
8d1f74d7,Los Tajibos Hotel,Santa Cruz,2026-01-24,27,9,33.33,119.0,10.0,9.0,0.0
8d1f74d7,Los Tajibos Hotel,Santa Cruz,2026-01-24,27,9,33.33,128.0,9.0,9.0,0.0
8d1f74d7,Los Tajibos Hotel,Santa Cruz,2026-01-24,27,9,33.33,146.0,9.0,9.0,0.0
8d1f74d7,Los Tajibos Hotel,Santa Cruz,2026-01-25,31,22,70.97,73.0,9.0,9.0,144.44
8d1f74d7,Los Tajibos Hotel,Santa Cruz,2026-01-25,31,22,70.97,77.0,13.333333333333334,22.0,0.0
8d1f74d7,Los Tajibos Hotel,Santa Cruz,2026-01-25,31,22,70.97,81.0,17.666666666666668,22.0,0.0
8d1f74d7,Los Tajibos Hotel,Santa Cruz,2026-01-25,31,22,70.97,123.0,22.0,22.0,0.0
8d1f74d7,Los Tajibos Hotel,Santa Cruz,2026-01-25,31,22,70.97,143.0,22.0,22.0,0.0
8d1f74d7,Los Tajibos Hotel,Santa Cruz,2026-01-26,21,2,9.52,81.0,22.0,22.0,-90.91
8d1f74d7,Los Tajibos Hotel,Santa Cruz,2026-01-26,21,2,9.52,89.0,15.333333333333334,2.0,0.0
8d1f74d7,Los Tajibos Hotel,Santa Cruz,2026-01-26,21,2,9.52,129.0,8.666666666666666,2.0,0.0
8d1f74d7,Los Tajibos Hotel,Santa Cruz,2026-01-26,21,2,9.52,137.0,2.0,2.0,0.0
8d1f74d7,Los Tajibos Hotel,Santa Cruz,2026-01-27,13,10,76.92,82.0,2.0,2.0,400.0
8d1f74d7,Los Tajibos Hotel,Santa Cruz,2026-01-27,13,10,76.92,100.0,4.666666666666667,10.0,0.0
8d1f74d7,Los Tajibos Hotel,Santa Cruz,2026-01-27,13,10,76.92,105.0,7.333333333333333,10.0,0.0
8d1f74d7,Los Tajibos Hotel,Santa Cruz,2026-01-27,13,10,76.92,112.0,10.0,10.0,0.0
8d1f74d7,Los Tajibos Hotel,Santa Cruz,2026-01-27,13,10,76.92,113.0,10.0,10.0,0.0
8d1f74d7,Los Tajibos Hotel,Santa Cruz,2026-01-27,13,10,76.92,135.0,10.0,10.0,0.0
a6065b00,The Plaza,New York,2026-01-20,38,3,7.89,1627.0,,,
a6065b00,The Plaza,New York,2026-01-20,38,3,7.89,1681.0,3.0,3.0,0.0
a6065b00,The Plaza,New York,2026-01-20,38,3,7.89,1752.0,3.0,3.0,0.0
a6065b00,The Plaza,New York,2026-01-20,38,3,7.89,1908.0,3.0,3.0,0.0
a6065b00,The Plaza,New York,2026-01-20,38,3,7.89,1920.0,3.0,3.0,0.0
a6065b00,The Plaza,New York,2026-01-21,38,23,60.53,1043.0,3.0,3.0,666.67
a6065b00,The Plaza,New York,2026-01-21,38,23,60.53,1153.0,9.666666666666666,23.0,0.0
a6065b00,The Plaza,New York,2026-01-21,38,23,60.53,1194.0,16.333333333333332,23.0,0.0
a6065b00,The Plaza,New York,2026-01-21,38,23,60.53,1201.0,23.0,23.0,0.0
a6065b00,The Plaza,New York,2026-01-21,38,23,60.53,1235.0,23.0,23.0,0.0
a6065b00,The Plaza,New York,2026-01-21,38,23,60.53,1658.0,23.0,23.0,0.0
a6065b00,The Plaza,New York,2026-01-21,38,23,60.53,1678.0,23.0,23.0,0.0
a6065b00,The Plaza,New York,2026-01-21,38,23,60.53,1696.0,23.0,23.0,0.0
a6065b00,The Plaza,New York,2026-01-21,38,23,60.53,1821.0,23.0,23.0,0.0
a6065b00,The Plaza,New York,2026-01-22,35,15,42.86,1204.0,23.0,23.0,-34.78
a6065b00,The Plaza,New York,2026-01-22,35,15,42.86,1308.0,20.333333333333332,15.0,0.0
a6065b00,The Plaza,New York,2026-01-22,35,15,42.86,1616.0,17.666666666666668,15.0,0.0
a6065b00,The Plaza,New York,2026-01-22,35,15,42.86,1630.0,15.0,15.0,0.0
a6065b00,The Plaza,New York,2026-01-22,35,15,42.86,1653.0,15.0,15.0,0.0
a6065b00,The Plaza,New York,2026-01-22,35,15,42.86,1689.0,15.0,15.0,0.0
a6065b00,The Plaza,New York,2026-01-22,35,15,42.86,1887.0,15.0,15.0,0.0
a6065b00,The Plaza,New York,2026-01-22,35,15,42.86,1946.0,15.0,15.0,0.0
a6065b00,The Plaza,New York,2026-01-23,29,27,93.1,873.0,15.0,15.0,80.0
a6065b00,The Plaza,New York,2026-01-23,29,27,93.1,1241.0,19.0,27.0,0.0
a6065b00,The Plaza,New York,2026-01-23,29,27,93.1,1310.0,23.0,27.0,0.0
a6065b00,The Plaza,New York,2026-01-23,29,27,93.1,1392.0,27.0,27.0,0.0
a6065b00,The Plaza,New York,2026-01-23,29,27,93.1,1449.0,27.0,27.0,0.0
a6065b00,The Plaza,New York,2026-01-23,29,27,93.1,1487.0,27.0,27.0,0.0
a6065b00,The Plaza,New York,2026-01-23,29,27,93.1,1505.0,27.0,27.0,0.0
a6065b00,The Plaza,New York,2026-01-23,29,27,93.1,1718.0,27.0,27.0,0.0
a6065b00,The Plaza,New York,2026-01-23,29,27,93.1,1777.0,27.0,27.0,0.0
a6065b00,The Plaza,New York,2026-01-24,23,5,21.74,862.0,27.0,27.0,-81.48
a6065b00,The Plaza,New York,2026-01-24,23,5,21.74,1042.0,19.666666666666668,5.0,0.0
a6065b00,The Plaza,New York,2026-01-24,23,5,21.74,1210.0,12.333333333333334,5.0,0.0
a6065b00,The Plaza,New York,2026-01-24,23,5,21.74,1237.0,5.0,5.0,0.0
a6065b00,The Plaza,New York,2026-01-24,23,5,21.74,1298.0,5.0,5.0,0.0
a6065b00,The Plaza,New York,2026-01-24,23,5,21.74,1418.0,5.0,5.0,0.0
a6065b00,The Plaza,New York,2026-01-24,23,5,21.74,1804.0,5.0,5.0,0.0
a6065b00,The Plaza,New York,2026-01-24,23,5,21.74,1893.0,5.0,5.0,0.0
a6065b00,The Plaza,New York,2026-01-24,23,5,21.74,1969.0,5.0,5.0,0.0
a6065b00,The Plaza,New York,2026-01-25,14,4,28.57,806.0,5.0,5.0,-20.0
a6065b00,The Plaza,New York,2026-01-25,14,4,28.57,814.0,4.666666666666667,4.0,0.0
a6065b00,The Plaza,New York,2026-01-25,14,4,28.57,1134.0,4.333333333333333,4.0,0.0
a6065b00,The Plaza,New York,2026-01-25,14,4,28.57,1208.0,4.0,4.0,0.0
a6065b00,The Plaza,New York,2026-01-25,14,4,28.57,1366.0,4.0,4.0,0.0
a6065b00,The Plaza,New York,2026-01-25,14,4,28.57,1585.0,4.0,4.0,0.0
a6065b00,The Plaza,New York,2026-01-25,14,4,28.57,1884.0,4.0,4.0,0.0
a6065b00,The Plaza,New York,2026-01-26,30,23,76.67,973.0,4.0,4.0,475.0
a6065b00,The Plaza,New York,2026-01-26,30,23,76.67,985.0,10.333333333333334,23.0,0.0
a6065b00,The Plaza,New York,2026-01-26,30,23,76.67,1249.0,16.666666666666668,23.0,0.0
a6065b00,The Plaza,New York,2026-01-26,30,23,76.67,1320.0,23.0,23.0,0.0
a6065b00,The Plaza,New York,2026-01-26,30,23,76.67,1329.0,23.0,23.0,0.0
a6065b00,The Plaza,New York,2026-01-26,30,23,76.67,1336.0,23.0,23.0,0.0
a6065b00,The Plaza,New York,2026-01-26,30,23,76.67,1348.0,23.0,23.0,0.0
a6065b00,The Plaza,New York,2026-01-26,30,23,76.67,1352.0,23.0,23.0,0.0
a6065b00,The Plaza,New York,2026-01-26,30,23,76.67,1427.0,23.0,23.0,0.0
a6065b00,The Plaza,New York,2026-01-26,30,23,76.67,1612.0,23.0,23.0,0.0
a6065b00,The Plaza,New York,2026-01-26,30,23,76.67,1616.0,23.0,23.0,0.0
a6065b00,The Plaza,New York,2026-01-26,30,23,76.67,1731.0,23.0,23.0,0.0
a6065b00,The Plaza,New York,2026-01-27,26,17,65.38,1095.0,23.0,23.0,-26.09
a6065b00,The Plaza,New York,2026-01-27,26,17,65.38,1391.0,21.0,17.0,0.0
a6065b00,The Plaza,New York,2026-01-27,26,17,65.38,1396.0,19.0,17.0,0.0
a6065b00,The Plaza,New York,2026-01-27,26,17,65.38,1674.0,17.0,17.0,0.0
a6065b00,The Plaza,New York,2026-01-27,26,17,65.38,1772.0,17.0,17.0,0.0
e5d181db,The Savoy,London,2026-01-20,31,14,45.16,477.0,,,
e5d181db,The Savoy,London,2026-01-20,31,14,45.16,686.0,14.0,14.0,0.0
e5d181db,The Savoy,London,2026-01-20,31,14,45.16,794.0,14.0,14.0,0.0
e5d181db,The Savoy,London,2026-01-20,31,14,45.16,835.0,14.0,14.0,0.0
e5d181db,The Savoy,London,2026-01-20,31,14,45.16,891.0,14.0,14.0,0.0
e5d181db,The Savoy,London,2026-01-21,30,14,46.67,584.0,14.0,14.0,0.0
e5d181db,The Savoy,London,2026-01-21,30,14,46.67,636.0,14.0,14.0,0.0
e5d181db,The Savoy,London,2026-01-21,30,14,46.67,791.0,14.0,14.0,0.0
e5d181db,The Savoy,London,2026-01-21,30,14,46.67,1178.0,14.0,14.0,0.0
e5d181db,The Savoy,London,2026-01-22,37,24,64.86,452.0,14.0,14.0,71.43
e5d181db,The Savoy,London,2026-01-22,37,24,64.86,619.0,17.333333333333332,24.0,0.0
e5d181db,The Savoy,London,2026-01-22,37,24,64.86,668.0,20.666666666666668,24.0,0.0
e5d181db,The Savoy,London,2026-01-22,37,24,64.86,728.0,24.0,24.0,0.0
e5d181db,The Savoy,London,2026-01-22,37,24,64.86,873.0,24.0,24.0,0.0
e5d181db,The Savoy,London,2026-01-22,37,24,64.86,878.0,24.0,24.0,0.0
e5d181db,The Savoy,London,2026-01-23,17,9,52.94,469.0,24.0,24.0,-62.5
e5d181db,The Savoy,London,2026-01-23,17,9,52.94,953.0,19.0,9.0,0.0
e5d181db,The Savoy,London,2026-01-24,24,5,20.83,461.0,14.0,9.0,-44.44
e5d181db,The Savoy,London,2026-01-24,24,5,20.83,529.0,7.666666666666667,5.0,0.0
e5d181db,The Savoy,London,2026-01-24,24,5,20.83,579.0,6.333333333333333,5.0,0.0
e5d181db,The Savoy,London,2026-01-24,24,5,20.83,625.0,5.0,5.0,0.0
e5d181db,The Savoy,London,2026-01-24,24,5,20.83,687.0,5.0,5.0,0.0
e5d181db,The Savoy,London,2026-01-24,24,5,20.83,1010.0,5.0,5.0,0.0
e5d181db,The Savoy,London,2026-01-24,24,5,20.83,1115.0,5.0,5.0,0.0
e5d181db,The Savoy,London,2026-01-24,24,5,20.83,1191.0,5.0,5.0,0.0
e5d181db,The Savoy,London,2026-01-25,38,9,23.68,483.0,5.0,5.0,80.0
e5d181db,The Savoy,London,2026-01-25,38,9,23.68,703.0,6.333333333333333,9.0,0.0
e5d181db,The Savoy,London,2026-01-25,38,9,23.68,786.0,7.666666666666667,9.0,0.0
e5d181db,The Savoy,London,2026-01-25,38,9,23.68,902.0,9.0,9.0,0.0
e5d181db,The Savoy,London,2026-01-26,30,12,40.0,595.0,9.0,9.0,33.33
e5d181db,The Savoy,London,2026-01-26,30,12,40.0,653.0,10.0,12.0,0.0
e5d181db,The Savoy,London,2026-01-26,30,12,40.0,749.0,11.0,12.0,0.0
e5d181db,The Savoy,London,2026-01-26,30,12,40.0,977.0,12.0,12.0,0.0
e5d181db,The Savoy,London,2026-01-26,30,12,40.0,998.0,12.0,12.0,0.0
e5d181db,The Savoy,London,2026-01-27,40,21,52.5,457.0,12.0,12.0,75.0
e5d181db,The Savoy,London,2026-01-27,40,21,52.5,477.0,15.0,21.0,0.0
e5d181db,The Savoy,London,2026-01-27,40,21,52.5,553.0,18.0,21.0,0.0
e5d181db,The Savoy,London,2026-01-27,40,21,52.5,766.0,21.0,21.0,0.0
e5d181db,The Savoy,London,2026-01-27,40,21,52.5,908.0,21.0,21.0,0.0
e5d181db,The Savoy,London,2026-01-27,40,21,52.5,1009.0,21.0,21.0,0.0
e5d181db,The Savoy,London,2026-01-27,40,21,52.5,1094.0,21.0,21.0,0.0
e5d181db,The Savoy,London,2026-01-27,40,21,52.5,1188.0,21.0,21.0,0.0
fc55b3c4,Burj Al Arab Jumeirah,Dubai,2026-01-20,14,9,64.29,1278.0,,,
fc55b3c4,Burj Al Arab Jumeirah,Dubai,2026-01-20,14,9,64.29,1346.0,9.0,9.0,0.0
fc55b3c4,Burj Al Arab Jumeirah,Dubai,2026-01-20,14,9,64.29,1392.0,9.0,9.0,0.0
fc55b3c4,Burj Al Arab Jumeirah,Dubai,2026-01-20,14,9,64.29,1523.0,9.0,9.0,0.0
fc55b3c4,Burj Al Arab Jumeirah,Dubai,2026-01-20,14,9,64.29,1960.0,9.0,9.0,0.0
fc55b3c4,Burj Al Arab Jumeirah,Dubai,2026-01-20,14,9,64.29,1966.0,9.0,9.0,0.0
fc55b3c4,Burj Al Arab Jumeirah,Dubai,2026-01-20,14,9,64.29,2064.0,9.0,9.0,0.0
fc55b3c4,Burj Al Arab Jumeirah,Dubai,2026-01-20,14,9,64.29,2066.0,9.0,9.0,0.0
fc55b3c4,Burj Al Arab Jumeirah,Dubai,2026-01-20,14,9,64.29,2390.0,9.0,9.0,0.0
fc55b3c4,Burj Al Arab Jumeirah,Dubai,2026-01-20,14,9,64.29,2733.0,9.0,9.0,0.0
fc55b3c4,Burj Al Arab Jumeirah,Dubai,2026-01-20,14,9,64.29,2959.0,9.0,9.0,0.0
fc55b3c4,Burj Al Arab Jumeirah,Dubai,2026-01-21,10,3,30.0,1280.0,9.0,9.0,-66.67
fc55b3c4,Burj Al Arab Jumeirah,Dubai,2026-01-21,10,3,30.0,1538.0,7.0,3.0,0.0
fc55b3c4,Burj Al Arab Jumeirah,Dubai,2026-01-21,10,3,30.0,1555.0,5.0,3.0,0.0
fc55b3c4,Burj Al Arab Jumeirah,Dubai,2026-01-21,10,3,30.0,1720.0,3.0,3.0,0.0
fc55b3c4,Burj Al Arab Jumeirah,Dubai,2026-01-21,10,3,30.0,2257.0,3.0,3.0,0.0
fc55b3c4,Burj Al Arab Jumeirah,Dubai,2026-01-21,10,3,30.0,2408.0,3.0,3.0,0.0
fc55b3c4,Burj Al Arab Jumeirah,Dubai,2026-01-21,10,3,30.0,2968.0,3.0,3.0,0.0
fc55b3c4,Burj Al Arab Jumeirah,Dubai,2026-01-22,36,8,22.22,1570.0,3.0,3.0,166.67
fc55b3c4,Burj Al Arab Jumeirah,Dubai,2026-01-22,36,8,22.22,1883.0,4.666666666666667,8.0,0.0
fc55b3c4,Burj Al Arab Jumeirah,Dubai,2026-01-22,36,8,22.22,2209.0,6.333333333333333,8.0,0.0
fc55b3c4,Burj Al Arab Jumeirah,Dubai,2026-01-22,36,8,22.22,2426.0,8.0,8.0,0.0
fc55b3c4,Burj Al Arab Jumeirah,Dubai,2026-01-22,36,8,22.22,2662.0,8.0,8.0,0.0
fc55b3c4,Burj Al Arab Jumeirah,Dubai,2026-01-23,21,8,38.1,1301.0,8.0,8.0,0.0
fc55b3c4,Burj Al Arab Jumeirah,Dubai,2026-01-23,21,8,38.1,1327.0,8.0,8.0,0.0
fc55b3c4,Burj Al Arab Jumeirah,Dubai,2026-01-23,21,8,38.1,1545.0,8.0,8.0,0.0
fc55b3c4,Burj Al Arab Jumeirah,Dubai,2026-01-23,21,8,38.1,1747.0,8.0,8.0,0.0
fc55b3c4,Burj Al Arab Jumeirah,Dubai,2026-01-23,21,8,38.1,1750.0,8.0,8.0,0.0
fc55b3c4,Burj Al Arab Jumeirah,Dubai,2026-01-23,21,8,38.1,1938.0,8.0,8.0,0.0
fc55b3c4,Burj Al Arab Jumeirah,Dubai,2026-01-23,21,8,38.1,2288.0,8.0,8.0,0.0
fc55b3c4,Burj Al Arab Jumeirah,Dubai,2026-01-23,21,8,38.1,2507.0,8.0,8.0,0.0
fc55b3c4,Burj Al Arab Jumeirah,Dubai,2026-01-23,21,8,38.1,2554.0,8.0,8.0,0.0
fc55b3c4,Burj Al Arab Jumeirah,Dubai,2026-01-23,21,8,38.1,2616.0,8.0,8.0,0.0
fc55b3c4,Burj Al Arab Jumeirah,Dubai,2026-01-23,21,8,38.1,2840.0,8.0,8.0,0.0
fc55b3c4,Burj Al Arab Jumeirah,Dubai,2026-01-23,21,8,38.1,2944.0,8.0,8.0,0.0
fc55b3c4,Burj Al Arab Jumeirah,Dubai,2026-01-24,38,30,78.95,1315.0,8.0,8.0,275.0
fc55b3c4,Burj Al Arab Jumeirah,Dubai,2026-01-24,38,30,78.95,1341.0,15.333333333333334,30.0,0.0
fc55b3c4,Burj Al Arab Jumeirah,Dubai,2026-01-24,38,30,78.95,1582.0,22.666666666666668,30.0,0.0
fc55b3c4,Burj Al Arab Jumeirah,Dubai,2026-01-24,38,30,78.95,1604.0,30.0,30.0,0.0
fc55b3c4,Burj Al Arab Jumeirah,Dubai,2026-01-24,38,30,78.95,1612.0,30.0,30.0,0.0
fc55b3c4,Burj Al Arab Jumeirah,Dubai,2026-01-24,38,30,78.95,2187.0,30.0,30.0,0.0
fc55b3c4,Burj Al Arab Jumeirah,Dubai,2026-01-24,38,30,78.95,2415.0,30.0,30.0,0.0
fc55b3c4,Burj Al Arab Jumeirah,Dubai,2026-01-24,38,30,78.95,2470.0,30.0,30.0,0.0
fc55b3c4,Burj Al Arab Jumeirah,Dubai,2026-01-24,38,30,78.95,2528.0,30.0,30.0,0.0
fc55b3c4,Burj Al Arab Jumeirah,Dubai,2026-01-24,38,30,78.95,2817.0,30.0,30.0,0.0
fc55b3c4,Burj Al Arab Jumeirah,Dubai,2026-01-24,38,30,78.95,2881.0,30.0,30.0,0.0
fc55b3c4,Burj Al Arab Jumeirah,Dubai,2026-01-25,12,11,91.67,1465.0,30.0,30.0,-63.33
fc55b3c4,Burj Al Arab Jumeirah,Dubai,2026-01-25,12,11,91.67,1475.0,23.666666666666668,11.0,0.0
fc55b3c4,Burj Al Arab Jumeirah,Dubai,2026-01-25,12,11,91.67,1658.0,17.333333333333332,11.0,0.0
fc55b3c4,Burj Al Arab Jumeirah,Dubai,2026-01-25,12,11,91.67,1823.0,11.0,11.0,0.0
fc55b3c4,Burj Al Arab Jumeirah,Dubai,2026-01-25,12,11,91.67,2691.0,11.0,11.0,0.0
fc55b3c4,Burj Al Arab Jumeirah,Dubai,2026-01-26,10,3,30.0,1421.0,11.0,11.0,-72.73
fc55b3c4,Burj Al Arab Jumeirah,Dubai,2026-01-26,10,3,30.0,2047.0,8.333333333333334,3.0,0.0
fc55b3c4,Burj Al Arab Jumeirah,Dubai,2026-01-27,16,2,12.5,1410.0,5.666666666666667,3.0,-33.33
fc55b3c4,Burj Al Arab Jumeirah,Dubai,2026-01-27,16,2,12.5,1508.0,2.6666666666666665,2.0,0.0
fc55b3c4,Burj Al Arab Jumeirah,Dubai,2026-01-27,16,2,12.5,1613.0,2.3333333333333335,2.0,0.0
fc55b3c4,Burj Al Arab Jumeirah,Dubai,2026-01-27,16,2,12.5,2088.0,2.0,2.0,0.0
fc55b3c4,Burj Al Arab Jumeirah,Dubai,2026-01-27,16,2,12.5,2277.0,2.0,2.0,0.0
fc55b3c4,Burj Al Arab Jumeirah,Dubai,2026-01-27,16,2,12.5,2437.0,2.0,2.0,0.0
fc55b3c4,Burj Al Arab Jumeirah,Dubai,2026-01-27,16,2,12.5,2672.0,2.0,2.0,0.0
