flight_id,inventory_id,price_id,origin,destination,total_fare,average_fare_for_flight,seats_available,average_fare_for_destination,below_avg_price,above_avg_price,percent_below_avg
IB103-2026-01-27-MAD-JFK,e8b0c7bd,8bdb3f58,MAD,JFK,77.0,326.67,57,451.41,1,0,10.0
IB103-2026-01-27-MAD-JFK,daedb7e2,62cf7042,MAD,JFK,83.0,326.67,165,451.41,1,0,10.0
IB103-2026-01-27-MAD-JFK,7d315374,01021964,MAD,JFK,94.0,326.67,12,451.41,1,0,10.0
IB103-2026-01-27-MAD-JFK,ee4489aa,b00bb1e3,MAD,JFK,97.0,326.67,13,451.41,1,0,10.0
IB103-2026-01-27-MAD-JFK,a807f8b3,237f2736,MAD,JFK,107.0,326.67,163,451.41,1,0,10.0
IB103-2026-01-27-MAD-JFK,c4688e0a,0222e1a3,MAD,JFK,107.0,326.67,12,451.41,1,0,10.0
IB103-2026-01-27-MAD-JFK,53f8587a,90e7528e,MAD,JFK,137.0,326.67,9,451.41,1,0,10.0
IB103-2026-01-27-MAD-JFK,241beabe,0915928d,MAD,JFK,152.0,326.67,80,451.41,1,0,10.0
IB103-2026-01-27-MAD-JFK,c3a483f5,b7f56a71,MAD,JFK,663.0,326.67,10,451.41,0,1,0.0
IB103-2026-01-27-MAD-JFK,f8362d4d,c90567f2,MAD,JFK,680.0,326.67,41,451.41,0,1,0.0
IB103-2026-01-27-MAD-JFK,8e9610d4,31d0e8e8,MAD,JFK,764.0,326.67,8,451.41,0,1,0.0
IB103-2026-01-27-MAD-JFK,1f9feb68,ab677781,MAD,JFK,959.0,326.67,103,451.41,0,1,0.0
IB119-2026-01-27-MAD-CDG,022fceae,476fc57d,MAD,CDG,62.0,612.33,12,517.67,1,0,10.0
IB119-2026-01-27-MAD-CDG,63441be5,dfb9a0e3,MAD,CDG,90.0,612.33,132,517.67,1,0,10.0
IB119-2026-01-27-MAD-CDG,ecc08c48,ebb60a8d,MAD,CDG,90.0,612.33,8,517.67,1,0,10.0
IB119-2026-01-27-MAD-CDG,16f211a4,d1d3439c,MAD,CDG,270.0,612.33,16,517.67,1,0,10.0
IB119-2026-01-27-MAD-CDG,ac906538,adfc5594,MAD,CDG,455.0,612.33,38,517.67,1,0,10.0
IB119-2026-01-27-MAD-CDG,579834a2,d74b9c6a,MAD,CDG,584.0,612.33,120,517.67,1,0,10.0
IB119-2026-01-27-MAD-CDG,37b3f642,b0266020,MAD,CDG,693.0,612.33,138,517.67,0,1,0.0
IB119-2026-01-27-MAD-CDG,7a5e6c59,83d2dca3,MAD,CDG,705.0,612.33,16,517.67,0,1,0.0
IB119-2026-01-27-MAD-CDG,650a5a84,5a563ad5,MAD,CDG,1081.0,612.33,9,517.67,0,1,0.0
IB119-2026-01-27-MAD-CDG,8c98b2fd,4a445532,MAD,CDG,1087.0,612.33,114,517.67,0,1,0.0
IB119-2026-01-27-MAD-CDG,076bae85,3325e245,MAD,CDG,1095.0,612.33,16,517.67,0,1,0.0
IB119-2026-01-27-MAD-CDG,a9ed3457,b386ef35,MAD,CDG,1136.0,612.33,68,517.67,0,1,0.0
IB142-2026-01-28-MAD-DXB,e77dae70,531991fa,MAD,DXB,101.0,292.17,16,416.95,1,0,10.0
IB142-2026-01-28-MAD-DXB,8a4d3bb2,89758a9d,MAD,DXB,110.0,292.17,39,416.95,1,0,10.0
IB142-2026-01-28-MAD-DXB,9ccd9065,28a7cfe9,MAD,DXB,115.0,292.17,12,416.95,1,0,10.0
IB142-2026-01-28-MAD-DXB,8dae869e,43254cbf,MAD,DXB,136.0,292.17,150,416.95,1,0,10.0
IB142-2026-01-28-MAD-DXB,7fcde98a,e5500f09,MAD,DXB,141.0,292.17,176,416.95,1,0,10.0
IB142-2026-01-28-MAD-DXB,1c74ac64,678318f1,MAD,DXB,172.0,292.17,67,416.95,1,0,10.0
IB142-2026-01-28-MAD-DXB,05c63705,7f4f96dc,MAD,DXB,231.0,292.17,9,416.95,1,0,10.0
IB142-2026-01-28-MAD-DXB,5855d702,b4bbf77c,MAD,DXB,246.0,292.17,98,416.95,1,0,10.0
IB142-2026-01-28-MAD-DXB,6f1cb634,5b662c57,MAD,DXB,265.0,292.17,8,416.95,1,0,10.0
IB142-2026-01-28-MAD-DXB,931f4cd5,f4f9258d,MAD,DXB,276.0,292.17,167,416.95,1,0,10.0
IB142-2026-01-28-MAD-DXB,05d09ba3,26d776ac,MAD,DXB,790.0,292.17,12,416.95,0,1,0.0
IB142-2026-01-28-MAD-DXB,585ba7ef,315d1a46,MAD,DXB,923.0,292.17,14,416.95,0,1,0.0
IB180-2026-01-29-MAD-SCZ,6902c6b6,f69540d4,MAD,SCZ,97.0,424.67,8,441.18,1,0,10.0
IB180-2026-01-29-MAD-SCZ,480fbb0f,49bf98f8,MAD,SCZ,100.0,424.67,12,441.18,1,0,10.0
IB180-2026-01-29-MAD-SCZ,2ad474c8,543a106f,MAD,SCZ,107.0,424.67,7,441.18,1,0,10.0
IB180-2026-01-29-MAD-SCZ,70845d80,dcd301a7,MAD,SCZ,117.0,424.67,104,441.18,1,0,10.0
IB180-2026-01-29-MAD-SCZ,0f78cb12,4518ba71,MAD,SCZ,161.0,424.67,72,441.18,1,0,10.0
IB180-2026-01-29-MAD-SCZ,2eac0e75,cefffcd3,MAD,SCZ,174.0,424.67,42,441.18,1,0,10.0
IB180-2026-01-29-MAD-SCZ,a035847c,ab00d7ee,MAD,SCZ,175.0,424.67,135,441.18,1,0,10.0
IB180-2026-01-29-MAD-SCZ,5d030536,ab4c7da5,MAD,SCZ,233.0,424.67,152,441.18,1,0,10.0
IB180-2026-01-29-MAD-SCZ,cb7650cc,dec43224,MAD,SCZ,786.0,424.67,6,441.18,0,1,0.0
IB180-2026-01-29-MAD-SCZ,b6875516,56eb4725,MAD,SCZ,922.0,424.67,13,441.18,0,1,0.0
IB180-2026-01-29-MAD-SCZ,bf6421cd,c872ac6b,MAD,SCZ,1054.0,424.67,38,441.18,0,1,0.0
IB180-2026-01-29-MAD-SCZ,643012ee,1178c2ae,MAD,SCZ,1170.0,424.67,6,441.18,0,1,0.0
IB183-2026-01-28-MAD-BCN,934b6b9f,59369ad0,MAD,BCN,88.0,352.83,100,428.74,1,0,10.0
IB183-2026-01-28-MAD-BCN,07c79a91,91e24d1d,MAD,BCN,90.0,352.83,6,428.74,1,0,10.0
IB183-2026-01-28-MAD-BCN,85dec497,ece98bdc,MAD,BCN,111.0,352.83,9,428.74,1,0,10.0
IB183-2026-01-28-MAD-BCN,c4817da0,d2f20d95,MAD,BCN,124.0,352.83,33,428.74,1,0,10.0
IB183-2026-01-28-MAD-BCN,fe8335e3,311a1a5e,MAD,BCN,149.0,352.83,15,428.74,1,0,10.0
IB183-2026-01-28-MAD-BCN,308224c2,4816a5d5,MAD,BCN,173.0,352.83,13,428.74,1,0,10.0
IB183-2026-01-28-MAD-BCN,7c07cfc6,1a1e6899,MAD,BCN,199.0,352.83,157,428.74,1,0,10.0
IB183-2026-01-28-MAD-BCN,c16bbc94,64ddc290,MAD,BCN,222.0,352.83,166,428.74,1,0,10.0
IB183-2026-01-28-MAD-BCN,9158dcc8,ef5686f1,MAD,BCN,228.0,352.83,7,428.74,1,0,10.0
IB183-2026-01-28-MAD-BCN,ff187ede,569e63e5,MAD,BCN,580.0,352.83,124,428.74,0,1,0.0
IB183-2026-01-28-MAD-BCN,814295a7,a9cf44ea,MAD,BCN,1055.0,352.83,150,428.74,0,1,0.0
IB183-2026-01-28-MAD-BCN,d7addf49,cba600ae,MAD,BCN,1215.0,352.83,16,428.74,0,1,0.0
IB189-2026-01-23-MAD-PMI,8f1ba2bc,cf971f46,MAD,PMI,110.0,606.33,13,483.26,1,0,10.0
IB189-2026-01-23-MAD-PMI,0fd3f161,f19db85b,MAD,PMI,133.0,606.33,9,483.26,1,0,10.0
IB189-2026-01-23-MAD-PMI,84545cd3,8d0574ca,MAD,PMI,145.0,606.33,9,483.26,1,0,10.0
IB189-2026-01-23-MAD-PMI,279ef534,aeab0941,MAD,PMI,211.0,606.33,100,483.26,1,0,10.0
IB189-2026-01-23-MAD-PMI,c1942cbd,42575a28,MAD,PMI,248.0,606.33,6,483.26,1,0,10.0
IB189-2026-01-23-MAD-PMI,83850167,5d7347f9,MAD,PMI,583.0,606.33,9,483.26,1,0,10.0
IB189-2026-01-23-MAD-PMI,580fd2b3,069d3322,MAD,PMI,680.0,606.33,63,483.26,0,1,0.0
IB189-2026-01-23-MAD-PMI,f4563519,1b67d10a,MAD,PMI,812.0,606.33,13,483.26,0,1,0.0
IB189-2026-01-23-MAD-PMI,d0a70e10,bb4c2427,MAD,PMI,881.0,606.33,58,483.26,0,1,0.0
IB189-2026-01-23-MAD-PMI,26722a0a,14536c8e,MAD,PMI,1042.0,606.33,144,483.26,0,1,0.0
IB189-2026-01-23-MAD-PMI,c91c078c,d4c52680,MAD,PMI,1152.0,606.33,133,483.26,0,1,0.0
IB189-2026-01-23-MAD-PMI,b06a7b7a,0372b5b8,MAD,PMI,1279.0,606.33,164,483.26,0,1,0.0
IB195-2026-01-25-MAD-BCN,6ac3c2c0,1745e251,MAD,BCN,61.0,519.0,74,428.74,1,0,10.0
IB195-2026-01-25-MAD-BCN,dea219e6,d896c4c7,MAD,BCN,97.0,519.0,171,428.74,1,0,10.0
IB195-2026-01-25-MAD-BCN,b4279d1f,d5da7a91,MAD,BCN,134.0,519.0,93,428.74,1,0,10.0
IB195-2026-01-25-MAD-BCN,5f3a285c,7ee1681c,MAD,BCN,137.0,519.0,6,428.74,1,0,10.0
IB195-2026-01-25-MAD-BCN,0810a36e,53a3c200,MAD,BCN,170.0,519.0,16,428.74,1,0,10.0
IB195-2026-01-25-MAD-BCN,a3f9598c,17774dbf,MAD,BCN,218.0,519.0,142,428.74,1,0,10.0
IB195-2026-01-25-MAD-BCN,a5097b9f,9657c9e9,MAD,BCN,626.0,519.0,7,428.74,0,1,0.0
IB195-2026-01-25-MAD-BCN,3116d049,288d9884,MAD,BCN,649.0,519.0,10,428.74,0,1,0.0
IB195-2026-01-25-MAD-BCN,f467ac37,8935f494,MAD,BCN,789.0,519.0,180,428.74,0,1,0.0
IB195-2026-01-25-MAD-BCN,404ed9a7,4fbc12e8,MAD,BCN,923.0,519.0,16,428.74,0,1,0.0
IB195-2026-01-25-MAD-BCN,0b11cb4c,65dd6216,MAD,BCN,1190.0,519.0,32,428.74,0,1,0.0
IB195-2026-01-25-MAD-BCN,49c70ab5,f0ae35f6,MAD,BCN,1234.0,519.0,7,428.74,0,1,0.0
IB197-2026-01-22-MAD-BCN,bbc88085,f54149e9,MAD,BCN,80.0,402.92,23,428.74,1,0,10.0
IB197-2026-01-22-MAD-BCN,25d4a4c4,d6c0493c,MAD,BCN,91.0,402.92,7,428.74,1,0,10.0
IB197-2026-01-22-MAD-BCN,a9a947d4,c74697df,MAD,BCN,132.0,402.92,11,428.74,1,0,10.0
IB197-2026-01-22-MAD-BCN,1a1f9303,7840658b,MAD,BCN,151.0,402.92,16,428.74,1,0,10.0
IB197-2026-01-22-MAD-BCN,7f603ddd,c9e3484d,MAD,BCN,162.0,402.92,107,428.74,1,0,10.0
IB197-2026-01-22-MAD-BCN,a2c9e268,8ba73112,MAD,BCN,169.0,402.92,15,428.74,1,0,10.0
IB197-2026-01-22-MAD-BCN,19bcc1c8,84acdcc6,MAD,BCN,171.0,402.92,71,428.74,1,0,10.0
IB197-2026-01-22-MAD-BCN,acef57bb,060bcef7,MAD,BCN,562.0,402.92,7,428.74,0,1,0.0
IB197-2026-01-22-MAD-BCN,ec7ee85b,42b239fd,MAD,BCN,571.0,402.92,12,428.74,0,1,0.0
IB197-2026-01-22-MAD-BCN,1a756767,bb324741,MAD,BCN,597.0,402.92,34,428.74,0,1,0.0
IB197-2026-01-22-MAD-BCN,a13cfe88,a94f4015,MAD,BCN,959.0,402.92,102,428.74,0,1,0.0
IB197-2026-01-22-MAD-BCN,87442d2f,654dac1c,MAD,BCN,1190.0,402.92,126,428.74,0,1,0.0
IB202-2026-01-29-MAD-DXB,7f9ae5ad,39e5e456,MAD,DXB,109.0,412.83,12,416.95,1,0,10.0
IB202-2026-01-29-MAD-DXB,115a453a,e248e0c5,MAD,DXB,110.0,412.83,9,416.95,1,0,10.0
IB202-2026-01-29-MAD-DXB,f9d095a8,688af6eb,MAD,DXB,112.0,412.83,59,416.95,1,0,10.0
IB202-2026-01-29-MAD-DXB,713ed96d,e2e8c084,MAD,DXB,116.0,412.83,41,416.95,1,0,10.0
IB202-2026-01-29-MAD-DXB,b543e3c2,33e266b4,MAD,DXB,132.0,412.83,12,416.95,1,0,10.0
IB202-2026-01-29-MAD-DXB,acedeab7,322e7881,MAD,DXB,142.0,412.83,156,416.95,1,0,10.0
IB202-2026-01-29-MAD-DXB,1a7cc527,c461ca3e,MAD,DXB,197.0,412.83,130,416.95,1,0,10.0
IB202-2026-01-29-MAD-DXB,b3ad0a30,af33907b,MAD,DXB,218.0,412.83,7,416.95,1,0,10.0
IB202-2026-01-29-MAD-DXB,12aad6eb,145a0931,MAD,DXB,579.0,412.83,14,416.95,0,1,0.0
IB202-2026-01-29-MAD-DXB,40edfd32,aa72e6d7,MAD,DXB,1010.0,412.83,50,416.95,0,1,0.0
IB202-2026-01-29-MAD-DXB,2ff0c26e,6694c1d0,MAD,DXB,1033.0,412.83,12,416.95,0,1,0.0
IB202-2026-01-29-MAD-DXB,71837204,137ec981,MAD,DXB,1196.0,412.83,72,416.95,0,1,0.0
IB215-2026-01-23-MAD-SCZ,3b5af0d5,f137acec,MAD,SCZ,101.0,397.17,8,441.18,1,0,10.0
IB215-2026-01-23-MAD-SCZ,698ae65b,29a93717,MAD,SCZ,106.0,397.17,98,441.18,1,0,10.0
IB215-2026-01-23-MAD-SCZ,5cf84ffe,da99b9f3,MAD,SCZ,165.0,397.17,7,441.18,1,0,10.0
IB215-2026-01-23-MAD-SCZ,d96cd8b3,83413c43,MAD,SCZ,166.0,397.17,7,441.18,1,0,10.0
IB215-2026-01-23-MAD-SCZ,27c49d2b,810c72e8,MAD,SCZ,176.0,397.17,48,441.18,1,0,10.0
IB215-2026-01-23-MAD-SCZ,1b03efb9,6679db0f,MAD,SCZ,179.0,397.17,15,441.18,1,0,10.0
IB215-2026-01-23-MAD-SCZ,cf12a2eb,0beb1ef0,MAD,SCZ,193.0,397.17,6,441.18,1,0,10.0
IB215-2026-01-23-MAD-SCZ,8945538e,2d780caa,MAD,SCZ,239.0,397.17,7,441.18,1,0,10.0
IB215-2026-01-23-MAD-SCZ,86d8c639,4854866e,MAD,SCZ,702.0,397.17,169,441.18,0,1,0.0
IB215-2026-01-23-MAD-SCZ,e25c5391,3f30edfb,MAD,SCZ,802.0,397.17,56,441.18,0,1,0.0
IB215-2026-01-23-MAD-SCZ,caa7eaa5,29cde82f,MAD,SCZ,946.0,397.17,51,441.18,0,1,0.0
IB215-2026-01-23-MAD-SCZ,e4565e31,cf9d9463,MAD,SCZ,991.0,397.17,160,441.18,0,1,0.0
IB237-2026-01-26-MAD-BCN,04a5b602,961e951f,MAD,BCN,93.0,386.25,96,428.74,1,0,10.0
IB237-2026-01-26-MAD-BCN,84c4301a,e93c07c1,MAD,BCN,124.0,386.25,11,428.74,1,0,10.0
IB237-2026-01-26-MAD-BCN,38954ee5,a494590d,MAD,BCN,125.0,386.25,44,428.74,1,0,10.0
IB237-2026-01-26-MAD-BCN,b0000982,c0f635cb,MAD,BCN,167.0,386.25,10,428.74,1,0,10.0
IB237-2026-01-26-MAD-BCN,03abd9e2,c11edc4b,MAD,BCN,168.0,386.25,98,428.74,1,0,10.0
IB237-2026-01-26-MAD-BCN,b183b0dd,90f3340c,MAD,BCN,199.0,386.25,88,428.74,1,0,10.0
IB237-2026-01-26-MAD-BCN,cfc52905,1522a6e5,MAD,BCN,200.0,386.25,11,428.74,1,0,10.0
IB237-2026-01-26-MAD-BCN,57a18099,1f09835e,MAD,BCN,229.0,386.25,157,428.74,1,0,10.0
IB237-2026-01-26-MAD-BCN,d2875201,53e050f6,MAD,BCN,613.0,386.25,10,428.74,0,1,0.0
IB237-2026-01-26-MAD-BCN,7e9b5a83,637a8880,MAD,BCN,732.0,386.25,7,428.74,0,1,0.0
IB237-2026-01-26-MAD-BCN,ea4fffc1,beea8760,MAD,BCN,962.0,386.25,50,428.74,0,1,0.0
IB237-2026-01-26-MAD-BCN,1d6fcefd,228eafb5,MAD,BCN,1023.0,386.25,14,428.74,0,1,0.0
IB245-2026-01-28-MAD-CDG,55dc98c9,4b7b8021,MAD,CDG,202.0,736.33,117,517.67,1,0,10.0
IB245-2026-01-28-MAD-CDG,0974cdba,7d57c98b,MAD,CDG,244.0,736.33,12,517.67,1,0,10.0
IB245-2026-01-28-MAD-CDG,6608348a,fd8898d1,MAD,CDG,265.0,736.33,44,517.67,1,0,10.0
IB245-2026-01-28-MAD-CDG,ac895627,67bb5643,MAD,CDG,415.0,736.33,20,517.67,1,0,10.0
IB245-2026-01-28-MAD-CDG,307f2822,8cd37543,MAD,CDG,483.0,736.33,9,517.67,1,0,10.0
IB245-2026-01-28-MAD-CDG,b9ebc703,a9548231,MAD,CDG,735.0,736.33,7,517.67,1,0,10.0
IB245-2026-01-28-MAD-CDG,450f0516,78c807f6,MAD,CDG,927.0,736.33,152,517.67,0,1,0.0
IB245-2026-01-28-MAD-CDG,8621d89c,f08ab86e,MAD,CDG,954.0,736.33,16,517.67,0,1,0.0
IB245-2026-01-28-MAD-CDG,3a1b00c4,5a1b211a,MAD,CDG,1089.0,736.33,142,517.67,0,1,0.0
IB245-2026-01-28-MAD-CDG,8a04481f,c66387d5,MAD,CDG,1165.0,736.33,125,517.67,0,1,0.0
IB245-2026-01-28-MAD-CDG,9605c453,25dfa398,MAD,CDG,1169.0,736.33,8,517.67,0,1,0.0
IB245-2026-01-28-MAD-CDG,bf6dd350,3467c92f,MAD,CDG,1188.0,736.33,16,517.67,0,1,0.0
IB249-2026-01-25-MAD-SCZ,f122f448,a61c1dd1,MAD,SCZ,84.0,593.67,80,441.18,1,0,10.0
IB249-2026-01-25-MAD-SCZ,7a61ecf5,439ed12b,MAD,SCZ,184.0,593.67,41,441.18,1,0,10.0
IB249-2026-01-25-MAD-SCZ,b5b6f92a,30da468b,MAD,SCZ,199.0,593.67,156,441.18,1,0,10.0
IB249-2026-01-25-MAD-SCZ,6d1f0113,46773da1,MAD,SCZ,202.0,593.67,11,441.18,1,0,10.0
IB249-2026-01-25-MAD-SCZ,35af263d,d916b71d,MAD,SCZ,227.0,593.67,10,441.18,1,0,10.0
IB249-2026-01-25-MAD-SCZ,1b609546,849d2d4b,MAD,SCZ,244.0,593.67,15,441.18,1,0,10.0
IB249-2026-01-25-MAD-SCZ,8d5baa24,822b0f03,MAD,SCZ,657.0,593.67,144,441.18,0,1,0.0
IB249-2026-01-25-MAD-SCZ,0c0d540f,b31bbfc7,MAD,SCZ,1033.0,593.67,180,441.18,0,1,0.0
IB249-2026-01-25-MAD-SCZ,6f5b9d6a,b9161ce1,MAD,SCZ,1041.0,593.67,11,441.18,0,1,0.0
IB249-2026-01-25-MAD-SCZ,447f444c,80022c16,MAD,SCZ,1060.0,593.67,13,441.18,0,1,0.0
IB249-2026-01-25-MAD-SCZ,15440b6f,8bc60f5f,MAD,SCZ,1071.0,593.67,45,441.18,0,1,0.0
IB249-2026-01-25-MAD-SCZ,9ee2e7dd,79ff8969,MAD,SCZ,1122.0,593.67,7,441.18,0,1,0.0
IB253-2026-01-27-MAD-PMI,fe1934c3,6a0a1aa2,MAD,PMI,70.0,318.42,16,483.26,1,0,10.0
IB253-2026-01-27-MAD-PMI,45d1133d,15977352,MAD,PMI,95.0,318.42,8,483.26,1,0,10.0
IB253-2026-01-27-MAD-PMI,3306590e,f0f4b2e2,MAD,PMI,150.0,318.42,80,483.26,1,0,10.0
IB253-2026-01-27-MAD-PMI,f13873e5,9800c036,MAD,PMI,159.0,318.42,33,483.26,1,0,10.0
IB253-2026-01-27-MAD-PMI,37e19f3b,b80a4eaf,MAD,PMI,174.0,318.42,174,483.26,1,0,10.0
IB253-2026-01-27-MAD-PMI,7a3d7466,35feb95e,MAD,PMI,176.0,318.42,161,483.26,1,0,10.0
IB253-2026-01-27-MAD-PMI,82743a4a,284d5974,MAD,PMI,189.0,318.42,175,483.26,1,0,10.0
IB253-2026-01-27-MAD-PMI,b0ea75b2,abd4f89e,MAD,PMI,193.0,318.42,8,483.26,1,0,10.0
IB253-2026-01-27-MAD-PMI,19dfad8d,464e9e90,MAD,PMI,213.0,318.42,13,483.26,1,0,10.0
IB253-2026-01-27-MAD-PMI,a0152c28,b05b4f45,MAD,PMI,608.0,318.42,7,483.26,0,1,0.0
IB253-2026-01-27-MAD-PMI,e8fdb068,7a77ae21,MAD,PMI,870.0,318.42,10,483.26,0,1,0.0
IB253-2026-01-27-MAD-PMI,1ded74f0,9a7b1168,MAD,PMI,924.0,318.42,154,483.26,0,1,0.0
IB273-2026-01-29-MAD-BCN,1e1db6c1,44313d8b,MAD,BCN,107.0,533.83,40,428.74,1,0,10.0
IB273-2026-01-29-MAD-BCN,62ea59ec,6b3b25f0,MAD,BCN,109.0,533.83,21,428.74,1,0,10.0
IB273-2026-01-29-MAD-BCN,43c6880a,84f99c75,MAD,BCN,137.0,533.83,95,428.74,1,0,10.0
IB273-2026-01-29-MAD-BCN,871c4000,26916c5c,MAD,BCN,154.0,533.83,7,428.74,1,0,10.0
IB273-2026-01-29-MAD-BCN,ad9e7dc6,a1c8b024,MAD,BCN,189.0,533.83,14,428.74,1,0,10.0
IB273-2026-01-29-MAD-BCN,cf70d848,4a5cd1b5,MAD,BCN,213.0,533.83,60,428.74,1,0,10.0
IB273-2026-01-29-MAD-BCN,227b2553,6a03a9b2,MAD,BCN,860.0,533.83,130,428.74,0,1,0.0
IB273-2026-01-29-MAD-BCN,da02e0d0,c6c3c0fd,MAD,BCN,862.0,533.83,11,428.74,0,1,0.0
IB273-2026-01-29-MAD-BCN,95a85bfd,b08a8465,MAD,BCN,872.0,533.83,12,428.74,0,1,0.0
IB273-2026-01-29-MAD-BCN,693198a5,14b9d4e8,MAD,BCN,897.0,533.83,156,428.74,0,1,0.0
IB273-2026-01-29-MAD-BCN,946e390d,0afeb36a,MAD,BCN,904.0,533.83,7,428.74,0,1,0.0
IB273-2026-01-29-MAD-BCN,839c2ed3,d791c8d5,MAD,BCN,1102.0,533.83,15,428.74,0,1,0.0
IB274-2026-01-29-MAD-JFK,d819f946,4b8ef708,MAD,JFK,73.0,535.67,15,451.41,1,0,10.0
IB274-2026-01-29-MAD-JFK,a213281a,6059a479,MAD,JFK,110.0,535.67,85,451.41,1,0,10.0
IB274-2026-01-29-MAD-JFK,24f17c12,ffc1bfd5,MAD,JFK,115.0,535.67,8,451.41,1,0,10.0
IB274-2026-01-29-MAD-JFK,3587ba9f,6cbfb6fe,MAD,JFK,117.0,535.67,77,451.41,1,0,10.0
IB274-2026-01-29-MAD-JFK,634b4e14,19e521e2,MAD,JFK,181.0,535.67,14,451.41,1,0,10.0
IB274-2026-01-29-MAD-JFK,d68cffb0,c0f20d4b,MAD,JFK,243.0,535.67,6,451.41,1,0,10.0
IB274-2026-01-29-MAD-JFK,fbea733e,cc7eb545,MAD,JFK,261.0,535.67,76,451.41,1,0,10.0
IB274-2026-01-29-MAD-JFK,d8347a7d,cf6b4194,MAD,JFK,958.0,535.67,10,451.41,0,1,0.0
IB274-2026-01-29-MAD-JFK,0aea64b7,d1e178d5,MAD,JFK,1047.0,535.67,34,451.41,0,1,0.0
IB274-2026-01-29-MAD-JFK,99053d43,ad5482c5,MAD,JFK,1047.0,535.67,85,451.41,0,1,0.0
IB274-2026-01-29-MAD-JFK,ef1fc048,5708e8b1,MAD,JFK,1063.0,535.67,10,451.41,0,1,0.0
IB274-2026-01-29-MAD-JFK,03f934a7,58995700,MAD,JFK,1213.0,535.67,149,451.41,0,1,0.0
IB289-2026-01-26-MAD-JFK,055b3276,7aaa64e2,MAD,JFK,89.0,396.58,10,451.41,1,0,10.0
IB289-2026-01-26-MAD-JFK,63f00354,9058688a,MAD,JFK,107.0,396.58,52,451.41,1,0,10.0
IB289-2026-01-26-MAD-JFK,d282ebf0,ef08bd20,MAD,JFK,113.0,396.58,147,451.41,1,0,10.0
IB289-2026-01-26-MAD-JFK,a64fa99f,9de7da99,MAD,JFK,119.0,396.58,16,451.41,1,0,10.0
IB289-2026-01-26-MAD-JFK,4972c6ee,c7152a3a,MAD,JFK,123.0,396.58,8,451.41,1,0,10.0
IB289-2026-01-26-MAD-JFK,3ce4158d,1748ac6f,MAD,JFK,140.0,396.58,9,451.41,1,0,10.0
IB289-2026-01-26-MAD-JFK,cb207c39,5eb8afb9,MAD,JFK,185.0,396.58,100,451.41,1,0,10.0
IB289-2026-01-26-MAD-JFK,0393bc71,109efcc2,MAD,JFK,278.0,396.58,14,451.41,1,0,10.0
IB289-2026-01-26-MAD-JFK,a49afc04,816a625b,MAD,JFK,794.0,396.58,65,451.41,0,1,0.0
IB289-2026-01-26-MAD-JFK,3201a7fc,fb7caeca,MAD,JFK,820.0,396.58,7,451.41,0,1,0.0
IB289-2026-01-26-MAD-JFK,6450e4bf,eabca2b6,MAD,JFK,920.0,396.58,92,451.41,0,1,0.0
IB289-2026-01-26-MAD-JFK,a180f814,3f3c4d6a,MAD,JFK,1071.0,396.58,110,451.41,0,1,0.0
IB295-2026-01-24-MAD-SCZ,75b450ce,b9805717,MAD,SCZ,100.0,519.5,12,441.18,1,0,10.0
IB295-2026-01-24-MAD-SCZ,3d051d7f,940b5213,MAD,SCZ,146.0,519.5,12,441.18,1,0,10.0
IB295-2026-01-24-MAD-SCZ,c1e3c7cb,bcb9c1be,MAD,SCZ,178.0,519.5,134,441.18,1,0,10.0
IB295-2026-01-24-MAD-SCZ,ffc73b61,911e3505,MAD,SCZ,185.0,519.5,12,441.18,1,0,10.0
IB295-2026-01-24-MAD-SCZ,5d2b2ff4,63e71eab,MAD,SCZ,197.0,519.5,164,441.18,1,0,10.0
IB295-2026-01-24-MAD-SCZ,6a4e4393,e25afc75,MAD,SCZ,234.0,519.5,165,441.18,1,0,10.0
IB295-2026-01-24-MAD-SCZ,174b0a5f,c2d62d10,MAD,SCZ,592.0,519.5,160,441.18,0,1,0.0
IB295-2026-01-24-MAD-SCZ,9ad94c70,b50016a1,MAD,SCZ,600.0,519.5,16,441.18,0,1,0.0
IB295-2026-01-24-MAD-SCZ,97ce5a98,a34c1cb5,MAD,SCZ,750.0,519.5,13,441.18,0,1,0.0
IB295-2026-01-24-MAD-SCZ,1b59ad83,e1776c7a,MAD,SCZ,968.0,519.5,96,441.18,0,1,0.0
IB295-2026-01-24-MAD-SCZ,0d9d696b,87fc7ae3,MAD,SCZ,1076.0,519.5,114,441.18,0,1,0.0
IB295-2026-01-24-MAD-SCZ,d1286b15,bd86b51b,MAD,SCZ,1208.0,519.5,8,441.18,0,1,0.0
IB328-2026-01-23-MAD-CDG,92ac1296,79e9a309,MAD,CDG,62.0,313.83,6,517.67,1,0,10.0
IB328-2026-01-23-MAD-CDG,dddff4f5,21be6ac8,MAD,CDG,84.0,313.83,145,517.67,1,0,10.0
IB328-2026-01-23-MAD-CDG,c19248f8,28439791,MAD,CDG,90.0,313.83,53,517.67,1,0,10.0
IB328-2026-01-23-MAD-CDG,39ad7c7f,82a0a13e,MAD,CDG,119.0,313.83,99,517.67,1,0,10.0
IB328-2026-01-23-MAD-CDG,c172ecd5,c5f7104e,MAD,CDG,139.0,313.83,8,517.67,1,0,10.0
IB328-2026-01-23-MAD-CDG,203d3fb0,00069848,MAD,CDG,140.0,313.83,46,517.67,1,0,10.0
IB328-2026-01-23-MAD-CDG,09bff9fb,c81ba979,MAD,CDG,180.0,313.83,89,517.67,1,0,10.0
IB328-2026-01-23-MAD-CDG,482eb46d,66c8eafa,MAD,CDG,185.0,313.83,13,517.67,1,0,10.0
IB328-2026-01-23-MAD-CDG,963b71ec,512a7f85,MAD,CDG,239.0,313.83,137,517.67,1,0,10.0
IB328-2026-01-23-MAD-CDG,13fb9e89,45335463,MAD,CDG,638.0,313.83,16,517.67,0,1,0.0
IB328-2026-01-23-MAD-CDG,8b79d9f4,cc7dd0cd,MAD,CDG,869.0,313.83,12,517.67,0,1,0.0
IB328-2026-01-23-MAD-CDG,83d04bb7,ad46a2a6,MAD,CDG,1021.0,313.83,6,517.67,0,1,0.0
IB330-2026-01-22-MAD-DXB,2d6bcdd6,be7a1be0,MAD,DXB,95.0,389.67,56,416.95,1,0,10.0
IB330-2026-01-22-MAD-DXB,6a35e1cb,51e61eee,MAD,DXB,121.0,389.67,63,416.95,1,0,10.0
IB330-2026-01-22-MAD-DXB,e8b3c29d,8b8e8944,MAD,DXB,127.0,389.67,8,416.95,1,0,10.0
IB330-2026-01-22-MAD-DXB,182a629e,e713f30e,MAD,DXB,131.0,389.67,54,416.95,1,0,10.0
IB330-2026-01-22-MAD-DXB,86286ebd,6e7fdfcb,MAD,DXB,131.0,389.67,13,416.95,1,0,10.0
IB330-2026-01-22-MAD-DXB,4d6b9a07,8674f163,MAD,DXB,192.0,389.67,15,416.95,1,0,10.0
IB330-2026-01-22-MAD-DXB,0735e897,9903efe3,MAD,DXB,210.0,389.67,121,416.95,1,0,10.0
IB330-2026-01-22-MAD-DXB,e32bd2be,13668013,MAD,DXB,210.0,389.67,11,416.95,1,0,10.0
IB330-2026-01-22-MAD-DXB,e92511b1,8c3933a4,MAD,DXB,224.0,389.67,9,416.95,1,0,10.0
IB330-2026-01-22-MAD-DXB,09ccc4a4,8cb3b3ff,MAD,DXB,978.0,389.67,13,416.95,0,1,0.0
IB330-2026-01-22-MAD-DXB,f50eda5e,3dcb16e9,MAD,DXB,1039.0,389.67,37,416.95,0,1,0.0
IB330-2026-01-22-MAD-DXB,079ebfbc,58ad880d,MAD,DXB,1218.0,389.67,94,416.95,0,1,0.0
IB346-2026-01-26-MAD-DXB,8584626a,49e688d0,MAD,DXB,101.0,390.17,7,416.95,1,0,10.0
IB346-2026-01-26-MAD-DXB,4b6c346d,a9f88d83,MAD,DXB,144.0,390.17,10,416.95,1,0,10.0
IB346-2026-01-26-MAD-DXB,85780d27,97f14d18,MAD,DXB,174.0,390.17,9,416.95,1,0,10.0
IB346-2026-01-26-MAD-DXB,8530d84d,02352547,MAD,DXB,176.0,390.17,45,416.95,1,0,10.0
IB346-2026-01-26-MAD-DXB,5d49705e,dc909edf,MAD,DXB,182.0,390.17,15,416.95,1,0,10.0
IB346-2026-01-26-MAD-DXB,0b592abd,1519f6f4,MAD,DXB,215.0,390.17,115,416.95,1,0,10.0
IB346-2026-01-26-MAD-DXB,fceab4a2,96c96797,MAD,DXB,234.0,390.17,111,416.95,1,0,10.0
IB346-2026-01-26-MAD-DXB,64e67700,2f31ffac,MAD,DXB,236.0,390.17,10,416.95,1,0,10.0
IB346-2026-01-26-MAD-DXB,6caed0b8,d6a73d09,MAD,DXB,660.0,390.17,7,416.95,0,1,0.0
IB346-2026-01-26-MAD-DXB,61603d4b,bc75077d,MAD,DXB,768.0,390.17,174,416.95,0,1,0.0
IB346-2026-01-26-MAD-DXB,ac35c64d,488af1bb,MAD,DXB,877.0,390.17,139,416.95,0,1,0.0
IB346-2026-01-26-MAD-DXB,7897b85b,7861c543,MAD,DXB,915.0,390.17,31,416.95,0,1,0.0
IB357-2026-01-28-MAD-SCZ,b916aeb5,fe819484,MAD,SCZ,72.0,345.67,6,441.18,1,0,10.0
IB357-2026-01-28-MAD-SCZ,d781039b,7837c32b,MAD,SCZ,90.0,345.67,15,441.18,1,0,10.0
IB357-2026-01-28-MAD-SCZ,b8c56f52,22f5eb67,MAD,SCZ,101.0,345.67,54,441.18,1,0,10.0
IB357-2026-01-28-MAD-SCZ,143be571,52fab11a,MAD,SCZ,115.0,345.67,9,441.18,1,0,10.0
IB357-2026-01-28-MAD-SCZ,7b586102,b137a1c7,MAD,SCZ,115.0,345.67,71,441.18,1,0,10.0
IB357-2026-01-28-MAD-SCZ,fef53b68,e1200d48,MAD,SCZ,122.0,345.67,15,441.18,1,0,10.0
IB357-2026-01-28-MAD-SCZ,9d47a779,8648809e,MAD,SCZ,247.0,345.67,11,441.18,1,0,10.0
IB357-2026-01-28-MAD-SCZ,ad113212,9eed7c7e,MAD,SCZ,252.0,345.67,79,441.18,1,0,10.0
IB357-2026-01-28-MAD-SCZ,5259e0dc,ebe8699c,MAD,SCZ,274.0,345.67,168,441.18,1,0,10.0
IB357-2026-01-28-MAD-SCZ,76bf7e30,1cd09668,MAD,SCZ,658.0,345.67,11,441.18,0,1,0.0
IB357-2026-01-28-MAD-SCZ,d1b55756,e4954227,MAD,SCZ,950.0,345.67,95,441.18,0,1,0.0
IB357-2026-01-28-MAD-SCZ,ea6cc118,4277068d,MAD,SCZ,1152.0,345.67,144,441.18,0,1,0.0
IB376-2026-01-29-MAD-PMI,049193d6,ec75470d,MAD,PMI,82.0,473.92,11,483.26,1,0,10.0
IB376-2026-01-29-MAD-PMI,d56c62ec,cf77201a,MAD,PMI,84.0,473.92,163,483.26,1,0,10.0
IB376-2026-01-29-MAD-PMI,4b233964,6d9f4794,MAD,PMI,102.0,473.92,12,483.26,1,0,10.0
IB376-2026-01-29-MAD-PMI,d54e77dd,8f604f67,MAD,PMI,113.0,473.92,62,483.26,1,0,10.0
IB376-2026-01-29-MAD-PMI,9b183ce4,f94a5f87,MAD,PMI,123.0,473.92,60,483.26,1,0,10.0
IB376-2026-01-29-MAD-PMI,611fd6e8,77ef58c8,MAD,PMI,129.0,473.92,11,483.26,1,0,10.0
IB376-2026-01-29-MAD-PMI,e7ef5106,526780e5,MAD,PMI,230.0,473.92,16,483.26,1,0,10.0
IB376-2026-01-29-MAD-PMI,7370cb6e,8644ab9a,MAD,PMI,598.0,473.92,9,483.26,0,1,0.0
IB376-2026-01-29-MAD-PMI,1c81e489,ea8a738d,MAD,PMI,861.0,473.92,46,483.26,0,1,0.0
IB376-2026-01-29-MAD-PMI,5db05d09,9d9770e1,MAD,PMI,917.0,473.92,128,483.26,0,1,0.0
IB376-2026-01-29-MAD-PMI,c635a91a,7f3cc070,MAD,PMI,1150.0,473.92,14,483.26,0,1,0.0
IB376-2026-01-29-MAD-PMI,9225d2d9,a40fa3d6,MAD,PMI,1298.0,473.92,20,483.26,0,1,0.0
IB460-2026-01-22-MAD-PMI,ffe631be,ff320335,MAD,PMI,90.0,483.83,64,483.26,1,0,10.0
IB460-2026-01-22-MAD-PMI,b1fe0d8c,82108632,MAD,PMI,115.0,483.83,23,483.26,1,0,10.0
IB460-2026-01-22-MAD-PMI,4e12e251,126d9bee,MAD,PMI,123.0,483.83,80,483.26,1,0,10.0
IB460-2026-01-22-MAD-PMI,3987203b,763c8e5e,MAD,PMI,134.0,483.83,16,483.26,1,0,10.0
IB460-2026-01-22-MAD-PMI,7d116f81,708f6f4c,MAD,PMI,179.0,483.83,12,483.26,1,0,10.0
IB460-2026-01-22-MAD-PMI,65d6bc9d,9da2fb15,MAD,PMI,195.0,483.83,12,483.26,1,0,10.0
IB460-2026-01-22-MAD-PMI,5ea0faf9,a307f68f,MAD,PMI,466.0,483.83,156,483.26,1,0,10.0
IB460-2026-01-22-MAD-PMI,be3ed0a3,3a2349ce,MAD,PMI,578.0,483.83,9,483.26,0,1,0.0
IB460-2026-01-22-MAD-PMI,1c62b754,25e796ac,MAD,PMI,784.0,483.83,15,483.26,0,1,0.0
IB460-2026-01-22-MAD-PMI,12c73a81,31f16a1a,MAD,PMI,851.0,483.83,144,483.26,0,1,0.0
IB460-2026-01-22-MAD-PMI,8dfd0494,eff199da,MAD,PMI,1098.0,483.83,83,483.26,0,1,0.0
IB460-2026-01-22-MAD-PMI,64ed60cc,5420ed5b,MAD,PMI,1193.0,483.83,8,483.26,0,1,0.0
IB467-2026-01-24-MAD-JFK,ec691ebb,db34c2e1,MAD,JFK,130.0,455.0,12,451.41,1,0,10.0
IB467-2026-01-24-MAD-JFK,85b993d2,84924343,MAD,JFK,131.0,455.0,15,451.41,1,0,10.0
IB467-2026-01-24-MAD-JFK,64835154,92835e22,MAD,JFK,171.0,455.0,133,451.41,1,0,10.0
IB467-2026-01-24-MAD-JFK,b8258b29,da0d8692,MAD,JFK,192.0,455.0,6,451.41,1,0,10.0
IB467-2026-01-24-MAD-JFK,a0c4cad5,cfd8288c,MAD,JFK,199.0,455.0,78,451.41,1,0,10.0
IB467-2026-01-24-MAD-JFK,edf1409a,4a254fd5,MAD,JFK,270.0,455.0,68,451.41,1,0,10.0
IB467-2026-01-24-MAD-JFK,af11ca2b,65f25577,MAD,JFK,557.0,455.0,27,451.41,0,1,0.0
IB467-2026-01-24-MAD-JFK,7fec8049,87c7c8a6,MAD,JFK,583.0,455.0,31,451.41,0,1,0.0
IB467-2026-01-24-MAD-JFK,11611611,d454b227,MAD,JFK,686.0,455.0,6,451.41,0,1,0.0
IB467-2026-01-24-MAD-JFK,4403ba95,004a784a,MAD,JFK,747.0,455.0,7,451.41,0,1,0.0
IB467-2026-01-24-MAD-JFK,86bba08e,779df468,MAD,JFK,843.0,455.0,8,451.41,0,1,0.0
IB467-2026-01-24-MAD-JFK,43c5126c,20457ce1,MAD,JFK,951.0,455.0,49,451.41,0,1,0.0
IB468-2026-01-25-MAD-DXB,f680f30a,542c4fdf,MAD,DXB,108.0,494.17,10,416.95,1,0,10.0
IB468-2026-01-25-MAD-DXB,efd6387e,b6eace5a,MAD,DXB,111.0,494.17,142,416.95,1,0,10.0
IB468-2026-01-25-MAD-DXB,5d865812,9df4e7ad,MAD,DXB,125.0,494.17,8,416.95,1,0,10.0
IB468-2026-01-25-MAD-DXB,06b57f73,e507d88c,MAD,DXB,149.0,494.17,14,416.95,1,0,10.0
IB468-2026-01-25-MAD-DXB,e73e9911,4ed8e823,MAD,DXB,197.0,494.17,6,416.95,1,0,10.0
IB468-2026-01-25-MAD-DXB,2b69106a,9174e6b3,MAD,DXB,216.0,494.17,97,416.95,1,0,10.0
IB468-2026-01-25-MAD-DXB,86d7bbd7,73ac81d3,MAD,DXB,218.0,494.17,81,416.95,1,0,10.0
IB468-2026-01-25-MAD-DXB,4c17b2f8,a9e15e81,MAD,DXB,804.0,494.17,16,416.95,0,1,0.0
IB468-2026-01-25-MAD-DXB,a4f5b63f,96438e1e,MAD,DXB,879.0,494.17,127,416.95,0,1,0.0
IB468-2026-01-25-MAD-DXB,a1379dc9,fc97ec00,MAD,DXB,1021.0,494.17,171,416.95,0,1,0.0
IB468-2026-01-25-MAD-DXB,91294e02,ffdec28e,MAD,DXB,1044.0,494.17,27,416.95,0,1,0.0
IB468-2026-01-25-MAD-DXB,8329c6f3,9ac66a1e,MAD,DXB,1058.0,494.17,9,416.95,0,1,0.0
IB470-2026-01-24-MAD-DXB,edf081f8,8c24f4a6,MAD,DXB,87.0,499.42,158,416.95,1,0,10.0
IB470-2026-01-24-MAD-DXB,1eb2784a,5abe3cd8,MAD,DXB,140.0,499.42,82,416.95,1,0,10.0
IB470-2026-01-24-MAD-DXB,fbb1cb4d,325b916e,MAD,DXB,142.0,499.42,10,416.95,1,0,10.0
IB470-2026-01-24-MAD-DXB,4e1e17ef,e644988e,MAD,DXB,176.0,499.42,96,416.95,1,0,10.0
IB470-2026-01-24-MAD-DXB,6e3b0348,c1d4524e,MAD,DXB,190.0,499.42,9,416.95,1,0,10.0
IB470-2026-01-24-MAD-DXB,a6e916e2,c40a57b2,MAD,DXB,247.0,499.42,27,416.95,1,0,10.0
IB470-2026-01-24-MAD-DXB,2c328e39,2e301c8f,MAD,DXB,248.0,499.42,16,416.95,1,0,10.0
IB470-2026-01-24-MAD-DXB,75f1883f,5311a689,MAD,DXB,735.0,499.42,121,416.95,0,1,0.0
IB470-2026-01-24-MAD-DXB,c5f1b9a2,cf20f53c,MAD,DXB,968.0,499.42,11,416.95,0,1,0.0
IB470-2026-01-24-MAD-DXB,f93b8f51,b3d730a6,MAD,DXB,993.0,499.42,12,416.95,0,1,0.0
IB470-2026-01-24-MAD-DXB,ed810b2c,bb704daa,MAD,DXB,1013.0,499.42,16,416.95,0,1,0.0
IB470-2026-01-24-MAD-DXB,18b879ba,7f652f62,MAD,DXB,1054.0,499.42,95,416.95,0,1,0.0
IB547-2026-01-22-MAD-JFK,c6746ed4,518c5640,MAD,JFK,75.0,426.42,13,451.41,1,0,10.0
IB547-2026-01-22-MAD-JFK,b78b5e95,2e03e3a4,MAD,JFK,116.0,426.42,13,451.41,1,0,10.0
IB547-2026-01-22-MAD-JFK,7f08df74,0c161288,MAD,JFK,118.0,426.42,168,451.41,1,0,10.0
IB547-2026-01-22-MAD-JFK,0298ebf7,6b3e5613,MAD,JFK,121.0,426.42,175,451.41,1,0,10.0
IB547-2026-01-22-MAD-JFK,7d62c323,a7af1395,MAD,JFK,164.0,426.42,62,451.41,1,0,10.0
IB547-2026-01-22-MAD-JFK,61604aab,f90400fb,MAD,JFK,187.0,426.42,8,451.41,1,0,10.0
IB547-2026-01-22-MAD-JFK,1d5a4006,d62cb4b1,MAD,JFK,189.0,426.42,84,451.41,1,0,10.0
IB547-2026-01-22-MAD-JFK,419b678d,8cff8c62,MAD,JFK,560.0,426.42,82,451.41,0,1,0.0
IB547-2026-01-22-MAD-JFK,96e58ddf,816f044c,MAD,JFK,846.0,426.42,174,451.41,0,1,0.0
IB547-2026-01-22-MAD-JFK,dddfc586,ce259cc7,MAD,JFK,850.0,426.42,11,451.41,0,1,0.0
IB547-2026-01-22-MAD-JFK,9e1ba53f,bf61f77f,MAD,JFK,888.0,426.42,10,451.41,0,1,0.0
IB547-2026-01-22-MAD-JFK,026fb1d2,e639eb90,MAD,JFK,1003.0,426.42,7,451.41,0,1,0.0
IB548-2026-01-24-MAD-PMI,c56acbbb,46981bc4,MAD,PMI,70.0,508.92,95,483.26,1,0,10.0
IB548-2026-01-24-MAD-PMI,22c8a440,0c2d19cd,MAD,PMI,113.0,508.92,14,483.26,1,0,10.0
IB548-2026-01-24-MAD-PMI,1896af3c,0fcde4ea,MAD,PMI,129.0,508.92,81,483.26,1,0,10.0
IB548-2026-01-24-MAD-PMI,ffc034ee,de7ccda9,MAD,PMI,184.0,508.92,16,483.26,1,0,10.0
IB548-2026-01-24-MAD-PMI,4c72b816,6e26cd5e,MAD,PMI,190.0,508.92,118,483.26,1,0,10.0
IB548-2026-01-24-MAD-PMI,a2b25fe2,95f07287,MAD,PMI,222.0,508.92,40,483.26,1,0,10.0
IB548-2026-01-24-MAD-PMI,abcdf557,c717b8f9,MAD,PMI,651.0,508.92,63,483.26,0,1,0.0
IB548-2026-01-24-MAD-PMI,bd619f30,d331f83a,MAD,PMI,750.0,508.92,14,483.26,0,1,0.0
IB548-2026-01-24-MAD-PMI,7a84e2fe,d0fd0e8d,MAD,PMI,761.0,508.92,9,483.26,0,1,0.0
IB548-2026-01-24-MAD-PMI,df754512,6df619b0,MAD,PMI,950.0,508.92,10,483.26,0,1,0.0
IB548-2026-01-24-MAD-PMI,6dca1bfb,8846c01b,MAD,PMI,1039.0,508.92,174,483.26,0,1,0.0
IB548-2026-01-24-MAD-PMI,ec4ce0a6,c1922e19,MAD,PMI,1048.0,508.92,14,483.26,0,1,0.0
IB587-2026-01-27-MAD-SCZ,37c71017,8b269b52,MAD,SCZ,78.0,315.0,12,441.18,1,0,10.0
IB587-2026-01-27-MAD-SCZ,e22d7e45,90191d04,MAD,SCZ,87.0,315.0,7,441.18,1,0,10.0
IB587-2026-01-27-MAD-SCZ,0da158a7,a9e39131,MAD,SCZ,121.0,315.0,180,441.18,1,0,10.0
IB587-2026-01-27-MAD-SCZ,aca37865,89b4cb18,MAD,SCZ,127.0,315.0,58,441.18,1,0,10.0
IB587-2026-01-27-MAD-SCZ,6e77fe4f,085c1263,MAD,SCZ,138.0,315.0,178,441.18,1,0,10.0
IB587-2026-01-27-MAD-SCZ,c2f3523a,fb434462,MAD,SCZ,140.0,315.0,179,441.18,1,0,10.0
IB587-2026-01-27-MAD-SCZ,ccec04ee,52f382a9,MAD,SCZ,145.0,315.0,10,441.18,1,0,10.0
IB587-2026-01-27-MAD-SCZ,c3380367,1ae0bf65,MAD,SCZ,211.0,315.0,13,441.18,1,0,10.0
IB587-2026-01-27-MAD-SCZ,739dc960,8413258f,MAD,SCZ,261.0,315.0,9,441.18,1,0,10.0
IB587-2026-01-27-MAD-SCZ,7c69b06d,3d08e4b7,MAD,SCZ,516.0,315.0,143,441.18,0,1,0.0
IB587-2026-01-27-MAD-SCZ,68ebe21e,ce731c37,MAD,SCZ,797.0,315.0,167,441.18,0,1,0.0
IB587-2026-01-27-MAD-SCZ,389d2a06,e91f4244,MAD,SCZ,1159.0,315.0,16,441.18,0,1,0.0
IB622-2026-01-27-MAD-BCN,df7c159d,896e03fb,MAD,BCN,76.0,391.0,161,428.74,1,0,10.0
IB622-2026-01-27-MAD-BCN,b69b3b5d,68775290,MAD,BCN,82.0,391.0,7,428.74,1,0,10.0
IB622-2026-01-27-MAD-BCN,48b2fdfe,3af184ff,MAD,BCN,100.0,391.0,12,428.74,1,0,10.0
IB622-2026-01-27-MAD-BCN,7ed45bb1,d4228171,MAD,BCN,116.0,391.0,169,428.74,1,0,10.0
IB622-2026-01-27-MAD-BCN,5da561e9,c909fd79,MAD,BCN,119.0,391.0,15,428.74,1,0,10.0
IB622-2026-01-27-MAD-BCN,9c39eb0b,67a3c785,MAD,BCN,126.0,391.0,118,428.74,1,0,10.0
IB622-2026-01-27-MAD-BCN,9a6ad45b,b1b0a2f5,MAD,BCN,140.0,391.0,12,428.74,1,0,10.0
IB622-2026-01-27-MAD-BCN,b7491076,166fd97a,MAD,BCN,191.0,391.0,36,428.74,1,0,10.0
IB622-2026-01-27-MAD-BCN,a6ad67e6,0c3ed6f3,MAD,BCN,598.0,391.0,7,428.74,0,1,0.0
IB622-2026-01-27-MAD-BCN,a582788c,64d6eda7,MAD,BCN,795.0,391.0,6,428.74,0,1,0.0
IB622-2026-01-27-MAD-BCN,ae3a2f26,5660599c,MAD,BCN,1171.0,391.0,144,428.74,0,1,0.0
IB622-2026-01-27-MAD-BCN,702b84b7,d70b9a81,MAD,BCN,1178.0,391.0,172,428.74,0,1,0.0
IB626-2026-01-25-MAD-CDG,25748d2d,5ae96247,MAD,CDG,61.0,642.92,11,517.67,1,0,10.0
IB626-2026-01-25-MAD-CDG,640fbbd7,17c369e3,MAD,CDG,141.0,642.92,70,517.67,1,0,10.0
IB626-2026-01-25-MAD-CDG,03a60d91,80b5220f,MAD,CDG,176.0,642.92,15,517.67,1,0,10.0
IB626-2026-01-25-MAD-CDG,716be590,d5ee3eb7,MAD,CDG,466.0,642.92,105,517.67,1,0,10.0
IB626-2026-01-25-MAD-CDG,6e10ae8b,c7f064bf,MAD,CDG,530.0,642.92,124,517.67,1,0,10.0
IB626-2026-01-25-MAD-CDG,0cb9452f,ac284386,MAD,CDG,587.0,642.92,38,517.67,1,0,10.0
IB626-2026-01-25-MAD-CDG,fa373702,65dca0a8,MAD,CDG,668.0,642.92,178,517.67,0,1,0.0
IB626-2026-01-25-MAD-CDG,6091d620,ff504d8b,MAD,CDG,690.0,642.92,14,517.67,0,1,0.0
IB626-2026-01-25-MAD-CDG,345467d8,c09566d2,MAD,CDG,917.0,642.92,8,517.67,0,1,0.0
IB626-2026-01-25-MAD-CDG,708111c5,b0cad7cc,MAD,CDG,1063.0,642.92,14,517.67,0,1,0.0
IB626-2026-01-25-MAD-CDG,2a84846d,cc2a8660,MAD,CDG,1190.0,642.92,172,517.67,0,1,0.0
IB626-2026-01-25-MAD-CDG,3782ae50,f17df707,MAD,CDG,1226.0,642.92,9,517.67,0,1,0.0
IB651-2026-01-22-MAD-SCZ,761aaef2,f58ce23b,MAD,SCZ,166.0,561.83,12,441.18,1,0,10.0
IB651-2026-01-22-MAD-SCZ,98ca8d2a,2ace7600,MAD,SCZ,173.0,561.83,7,441.18,1,0,10.0
IB651-2026-01-22-MAD-SCZ,4bae348d,a818d705,MAD,SCZ,175.0,561.83,120,441.18,1,0,10.0
IB651-2026-01-22-MAD-SCZ,7ec06642,dbe68b19,MAD,SCZ,214.0,561.83,14,441.18,1,0,10.0
IB651-2026-01-22-MAD-SCZ,1176f5ba,965d34d1,MAD,SCZ,413.0,561.83,81,441.18,1,0,10.0
IB651-2026-01-22-MAD-SCZ,03543bdd,daf9dc8c,MAD,SCZ,458.0,561.83,98,441.18,1,0,10.0
IB651-2026-01-22-MAD-SCZ,c0ce8d93,cbf7a909,MAD,SCZ,497.0,561.83,12,441.18,1,0,10.0
IB651-2026-01-22-MAD-SCZ,0b217b6c,b8780594,MAD,SCZ,725.0,561.83,142,441.18,0,1,0.0
IB651-2026-01-22-MAD-SCZ,32fd737e,51f159b0,MAD,SCZ,906.0,561.83,16,441.18,0,1,0.0
IB651-2026-01-22-MAD-SCZ,c79be629,271789c8,MAD,SCZ,978.0,561.83,65,441.18,0,1,0.0
IB651-2026-01-22-MAD-SCZ,89786590,8a4a109a,MAD,SCZ,1009.0,561.83,12,441.18,0,1,0.0
IB651-2026-01-22-MAD-SCZ,c5692cf7,0ce670d0,MAD,SCZ,1028.0,561.83,176,441.18,0,1,0.0
IB662-2026-01-24-MAD-CDG,67d21d56,72ea3534,MAD,CDG,152.0,552.83,37,517.67,1,0,10.0
IB662-2026-01-24-MAD-CDG,9ea63450,a2375b32,MAD,CDG,172.0,552.83,9,517.67,1,0,10.0
IB662-2026-01-24-MAD-CDG,5f9026d2,f87b612e,MAD,CDG,233.0,552.83,10,517.67,1,0,10.0
IB662-2026-01-24-MAD-CDG,6dd32692,41405799,MAD,CDG,242.0,552.83,178,517.67,1,0,10.0
IB662-2026-01-24-MAD-CDG,d876ebd7,55fbae8e,MAD,CDG,254.0,552.83,10,517.67,1,0,10.0
IB662-2026-01-24-MAD-CDG,4ba2ae3c,9bd00314,MAD,CDG,496.0,552.83,107,517.67,1,0,10.0
IB662-2026-01-24-MAD-CDG,d9adabff,3c4fc947,MAD,CDG,617.0,552.83,13,517.67,0,1,0.0
IB662-2026-01-24-MAD-CDG,5825a974,68d9313e,MAD,CDG,631.0,552.83,14,517.67,0,1,0.0
IB662-2026-01-24-MAD-CDG,586aaf16,dde41d92,MAD,CDG,726.0,552.83,123,517.67,0,1,0.0
IB662-2026-01-24-MAD-CDG,6d5900cc,93ef8277,MAD,CDG,805.0,552.83,138,517.67,0,1,0.0
IB662-2026-01-24-MAD-CDG,12742065,6296a62c,MAD,CDG,1142.0,552.83,16,517.67,0,1,0.0
IB662-2026-01-24-MAD-CDG,b6767a05,e4987c5f,MAD,CDG,1164.0,552.83,106,517.67,0,1,0.0
IB669-2026-01-26-MAD-CDG,f4eb6254,ea8595e1,MAD,CDG,94.0,444.42,24,517.67,1,0,10.0
IB669-2026-01-26-MAD-CDG,9955b850,3057c93b,MAD,CDG,95.0,444.42,8,517.67,1,0,10.0
IB669-2026-01-26-MAD-CDG,98ffe236,11b0ab9d,MAD,CDG,115.0,444.42,77,517.67,1,0,10.0
IB669-2026-01-26-MAD-CDG,5fe507d9,d003520a,MAD,CDG,128.0,444.42,16,517.67,1,0,10.0
IB669-2026-01-26-MAD-CDG,9d5222d4,46afca7b,MAD,CDG,134.0,444.42,6,517.67,1,0,10.0
IB669-2026-01-26-MAD-CDG,fa61f4cd,3739f06d,MAD,CDG,165.0,444.42,120,517.67,1,0,10.0
IB669-2026-01-26-MAD-CDG,a454984d,e44df348,MAD,CDG,212.0,444.42,167,517.67,1,0,10.0
IB669-2026-01-26-MAD-CDG,b0c45d78,e8fce718,MAD,CDG,538.0,444.42,16,517.67,0,1,0.0
IB669-2026-01-26-MAD-CDG,56556680,1c608c2c,MAD,CDG,583.0,444.42,8,517.67,0,1,0.0
IB669-2026-01-26-MAD-CDG,c1f2aaed,1076155c,MAD,CDG,943.0,444.42,76,517.67,0,1,0.0
IB669-2026-01-26-MAD-CDG,2af166f6,f6be2061,MAD,CDG,1040.0,444.42,13,517.67,0,1,0.0
IB669-2026-01-26-MAD-CDG,6dbfa96e,f528e1ee,MAD,CDG,1286.0,444.42,158,517.67,0,1,0.0
IB673-2026-01-27-MAD-DXB,eec1d69e,09ecd679,MAD,DXB,98.0,504.08,173,416.95,1,0,10.0
IB673-2026-01-27-MAD-DXB,81484929,944a680f,MAD,DXB,114.0,504.08,13,416.95,1,0,10.0
IB673-2026-01-27-MAD-DXB,926a389f,df91139f,MAD,DXB,116.0,504.08,79,416.95,1,0,10.0
IB673-2026-01-27-MAD-DXB,8b485f28,b28326f1,MAD,DXB,133.0,504.08,11,416.95,1,0,10.0
IB673-2026-01-27-MAD-DXB,9bd66d78,62927c36,MAD,DXB,135.0,504.08,10,416.95,1,0,10.0
IB673-2026-01-27-MAD-DXB,f9162ed0,05175e90,MAD,DXB,198.0,504.08,31,416.95,1,0,10.0
IB673-2026-01-27-MAD-DXB,fec6ef6e,e7713150,MAD,DXB,272.0,504.08,7,416.95,1,0,10.0
IB673-2026-01-27-MAD-DXB,14a6b4a2,8f82e6fd,MAD,DXB,856.0,504.08,16,416.95,0,1,0.0
IB673-2026-01-27-MAD-DXB,4de43b66,b52e91a9,MAD,DXB,928.0,504.08,154,416.95,0,1,0.0
IB673-2026-01-27-MAD-DXB,c52d5019,46a5a407,MAD,DXB,1014.0,504.08,14,416.95,0,1,0.0
IB673-2026-01-27-MAD-DXB,b89ef842,ab2f01e2,MAD,DXB,1040.0,504.08,26,416.95,0,1,0.0
IB673-2026-01-27-MAD-DXB,1f27025f,613675fb,MAD,DXB,1145.0,504.08,156,416.95,0,1,0.0
IB678-2026-01-26-MAD-SCZ,9161ea19,e86bbe52,MAD,SCZ,84.0,371.92,27,441.18,1,0,10.0
IB678-2026-01-26-MAD-SCZ,44d8ca14,6caaca59,MAD,SCZ,89.0,371.92,139,441.18,1,0,10.0
IB678-2026-01-26-MAD-SCZ,8f459819,9c50a6e8,MAD,SCZ,90.0,371.92,16,441.18,1,0,10.0
IB678-2026-01-26-MAD-SCZ,f04cf016,15c799c7,MAD,SCZ,108.0,371.92,11,441.18,1,0,10.0
IB678-2026-01-26-MAD-SCZ,5cbf0ed3,b0d842b6,MAD,SCZ,127.0,371.92,120,441.18,1,0,10.0
IB678-2026-01-26-MAD-SCZ,5bd00d8f,f5a9818e,MAD,SCZ,168.0,371.92,16,441.18,1,0,10.0
IB678-2026-01-26-MAD-SCZ,8a0460f7,228ce1f1,MAD,SCZ,175.0,371.92,104,441.18,1,0,10.0
IB678-2026-01-26-MAD-SCZ,58241332,f08b72fc,MAD,SCZ,181.0,371.92,6,441.18,1,0,10.0
IB678-2026-01-26-MAD-SCZ,b7934b48,10d0f83e,MAD,SCZ,273.0,371.92,8,441.18,1,0,10.0
IB678-2026-01-26-MAD-SCZ,d61b0be9,01c01459,MAD,SCZ,779.0,371.92,22,441.18,0,1,0.0
IB678-2026-01-26-MAD-SCZ,2d30a7e4,58f7fa5b,MAD,SCZ,1102.0,371.92,13,441.18,0,1,0.0
IB678-2026-01-26-MAD-SCZ,d4b31f54,a5e160c1,MAD,SCZ,1287.0,371.92,57,441.18,0,1,0.0
IB729-2026-01-29-MAD-CDG,e0548c19,f3a66464,MAD,CDG,61.0,343.0,11,517.67,1,0,10.0
IB729-2026-01-29-MAD-CDG,caa6dc2e,4c5ec08f,MAD,CDG,72.0,343.0,56,517.67,1,0,10.0
IB729-2026-01-29-MAD-CDG,bea71089,6e602c86,MAD,CDG,112.0,343.0,69,517.67,1,0,10.0
IB729-2026-01-29-MAD-CDG,779f6921,0f83b04b,MAD,CDG,119.0,343.0,60,517.67,1,0,10.0
IB729-2026-01-29-MAD-CDG,3b0b173f,39b45cb1,MAD,CDG,131.0,343.0,13,517.67,1,0,10.0
IB729-2026-01-29-MAD-CDG,15ff1d7f,186ad595,MAD,CDG,148.0,343.0,8,517.67,1,0,10.0
IB729-2026-01-29-MAD-CDG,586f05c5,ee09c2e0,MAD,CDG,193.0,343.0,12,517.67,1,0,10.0
IB729-2026-01-29-MAD-CDG,6edab365,f0e2339f,MAD,CDG,205.0,343.0,20,517.67,1,0,10.0
IB729-2026-01-29-MAD-CDG,962c4b0a,598755a7,MAD,CDG,207.0,343.0,12,517.67,1,0,10.0
IB729-2026-01-29-MAD-CDG,aa5ab63c,e8c5dc38,MAD,CDG,730.0,343.0,130,517.67,0,1,0.0
IB729-2026-01-29-MAD-CDG,0dc30d9f,28d55f8c,MAD,CDG,964.0,343.0,10,517.67,0,1,0.0
IB729-2026-01-29-MAD-CDG,707de59a,c50b7afe,MAD,CDG,1174.0,343.0,56,517.67,0,1,0.0
IB736-2026-01-26-MAD-PMI,9021b31a,a01d3c1d,MAD,PMI,103.0,381.0,31,483.26,1,0,10.0
IB736-2026-01-26-MAD-PMI,44cac1ef,49db1938,MAD,PMI,112.0,381.0,52,483.26,1,0,10.0
IB736-2026-01-26-MAD-PMI,08696bcc,50dcd2a7,MAD,PMI,153.0,381.0,157,483.26,1,0,10.0
IB736-2026-01-26-MAD-PMI,ff8566a5,c6076835,MAD,PMI,159.0,381.0,11,483.26,1,0,10.0
IB736-2026-01-26-MAD-PMI,93d6dbe6,8ebb6e38,MAD,PMI,175.0,381.0,124,483.26,1,0,10.0
IB736-2026-01-26-MAD-PMI,2e3e9898,5917fc7f,MAD,PMI,228.0,381.0,16,483.26,1,0,10.0
IB736-2026-01-26-MAD-PMI,df72b196,7a037249,MAD,PMI,260.0,381.0,141,483.26,1,0,10.0
IB736-2026-01-26-MAD-PMI,e22f4e5f,51c35e74,MAD,PMI,443.0,381.0,9,483.26,0,1,0.0
IB736-2026-01-26-MAD-PMI,814bf763,218358e6,MAD,PMI,475.0,381.0,14,483.26,0,1,0.0
IB736-2026-01-26-MAD-PMI,7b1c6fb5,1526a952,MAD,PMI,478.0,381.0,9,483.26,0,1,0.0
IB736-2026-01-26-MAD-PMI,2d7875e4,f9e22085,MAD,PMI,952.0,381.0,8,483.26,0,1,0.0
IB736-2026-01-26-MAD-PMI,e8f2a960,8df134cf,MAD,PMI,1034.0,381.0,78,483.26,0,1,0.0
IB766-2026-01-24-MAD-BCN,2baac813,73b21b15,MAD,BCN,114.0,593.5,77,428.74,1,0,10.0
IB766-2026-01-24-MAD-BCN,a4628772,724ed3db,MAD,BCN,141.0,593.5,39,428.74,1,0,10.0
IB766-2026-01-24-MAD-BCN,7a965a3b,0349a9bc,MAD,BCN,150.0,593.5,160,428.74,1,0,10.0
IB766-2026-01-24-MAD-BCN,d27a520e,7890528f,MAD,BCN,191.0,593.5,149,428.74,1,0,10.0
IB766-2026-01-24-MAD-BCN,f1f48c98,e975ac58,MAD,BCN,552.0,593.5,9,428.74,1,0,10.0
IB766-2026-01-24-MAD-BCN,5365c8cc,a7eacfa6,MAD,BCN,648.0,593.5,16,428.74,0,1,0.0
IB766-2026-01-24-MAD-BCN,b50021c3,4acd1535,MAD,BCN,765.0,593.5,11,428.74,0,1,0.0
IB766-2026-01-24-MAD-BCN,ddf79b77,33113611,MAD,BCN,837.0,593.5,6,428.74,0,1,0.0
IB766-2026-01-24-MAD-BCN,ca11811e,6c36206f,MAD,BCN,848.0,593.5,9,428.74,0,1,0.0
IB766-2026-01-24-MAD-BCN,e1790659,d842face,MAD,BCN,849.0,593.5,14,428.74,0,1,0.0
IB766-2026-01-24-MAD-BCN,6625aa22,2bd9c5ba,MAD,BCN,984.0,593.5,149,428.74,0,1,0.0
IB766-2026-01-24-MAD-BCN,94e3a859,e2b7eb2c,MAD,BCN,1043.0,593.5,38,428.74,0,1,0.0
IB792-2026-01-25-MAD-PMI,cfe4d20d,dfa96c7a,MAD,PMI,84.0,484.75,172,483.26,1,0,10.0
IB792-2026-01-25-MAD-PMI,d4dcae51,a67b8b76,MAD,PMI,93.0,484.75,13,483.26,1,0,10.0
IB792-2026-01-25-MAD-PMI,fa138575,ceb95682,MAD,PMI,119.0,484.75,65,483.26,1,0,10.0
IB792-2026-01-25-MAD-PMI,6a851479,d8bba1f3,MAD,PMI,132.0,484.75,8,483.26,1,0,10.0
IB792-2026-01-25-MAD-PMI,79b21b0d,82d7dedb,MAD,PMI,144.0,484.75,157,483.26,1,0,10.0
IB792-2026-01-25-MAD-PMI,8d858c79,a7fc8503,MAD,PMI,147.0,484.75,46,483.26,1,0,10.0
IB792-2026-01-25-MAD-PMI,dda65562,0e2cb467,MAD,PMI,227.0,484.75,12,483.26,1,0,10.0
IB792-2026-01-25-MAD-PMI,da162d00,832cdbd7,MAD,PMI,768.0,484.75,6,483.26,0,1,0.0
IB792-2026-01-25-MAD-PMI,975d8040,5147209f,MAD,PMI,823.0,484.75,15,483.26,0,1,0.0
IB792-2026-01-25-MAD-PMI,66ca893c,d5639ff0,MAD,PMI,1058.0,484.75,36,483.26,0,1,0.0
IB792-2026-01-25-MAD-PMI,6db50a73,b7f698be,MAD,PMI,1078.0,484.75,16,483.26,0,1,0.0
IB792-2026-01-25-MAD-PMI,3bae1adb,bc7e4458,MAD,PMI,1144.0,484.75,66,483.26,0,1,0.0
IB793-2026-01-22-MAD-CDG,180b5b3a,f0586e43,MAD,CDG,115.0,495.67,131,517.67,1,0,10.0
IB793-2026-01-22-MAD-CDG,1b385885,c67f7723,MAD,CDG,131.0,495.67,101,517.67,1,0,10.0
IB793-2026-01-22-MAD-CDG,88bf0b5b,cc17d006,MAD,CDG,171.0,495.67,13,517.67,1,0,10.0
IB793-2026-01-22-MAD-CDG,269c0c40,6630e4aa,MAD,CDG,173.0,495.67,170,517.67,1,0,10.0
IB793-2026-01-22-MAD-CDG,936817ec,d0500d8b,MAD,CDG,177.0,495.67,100,517.67,1,0,10.0
IB793-2026-01-22-MAD-CDG,03a9f203,5d91dac1,MAD,CDG,225.0,495.67,16,517.67,1,0,10.0
IB793-2026-01-22-MAD-CDG,fff072cf,892ae3f2,MAD,CDG,236.0,495.67,12,517.67,1,0,10.0
IB793-2026-01-22-MAD-CDG,7d0d846d,784611de,MAD,CDG,615.0,495.67,38,517.67,0,1,0.0
IB793-2026-01-22-MAD-CDG,21352c44,0f64e9d8,MAD,CDG,915.0,495.67,8,517.67,0,1,0.0
IB793-2026-01-22-MAD-CDG,0d33a0f3,07237e69,MAD,CDG,987.0,495.67,6,517.67,0,1,0.0
IB793-2026-01-22-MAD-CDG,afd4a13a,c5123ffa,MAD,CDG,1065.0,495.67,180,517.67,0,1,0.0
IB793-2026-01-22-MAD-CDG,5c818c02,c6efbe42,MAD,CDG,1138.0,495.67,12,517.67,0,1,0.0
IB822-2026-01-23-MAD-BCN,94bb2809,6d385f2b,MAD,BCN,82.0,250.58,36,428.74,1,0,10.0
IB822-2026-01-23-MAD-BCN,9e3b310b,e45b366e,MAD,BCN,102.0,250.58,7,428.74,1,0,10.0
IB822-2026-01-23-MAD-BCN,24476452,f4b214c2,MAD,BCN,124.0,250.58,50,428.74,1,0,10.0
IB822-2026-01-23-MAD-BCN,45dd1fcf,81fa3017,MAD,BCN,160.0,250.58,180,428.74,1,0,10.0
IB822-2026-01-23-MAD-BCN,890ffeb0,065fd3ed,MAD,BCN,160.0,250.58,8,428.74,1,0,10.0
IB822-2026-01-23-MAD-BCN,ddd33353,f3099645,MAD,BCN,186.0,250.58,84,428.74,1,0,10.0
IB822-2026-01-23-MAD-BCN,c762f863,ba6213fb,MAD,BCN,215.0,250.58,177,428.74,1,0,10.0
IB822-2026-01-23-MAD-BCN,4fc29afc,e0b561ea,MAD,BCN,217.0,250.58,14,428.74,1,0,10.0
IB822-2026-01-23-MAD-BCN,6813b113,16eba1ad,MAD,BCN,270.0,250.58,6,428.74,0,1,0.0
IB822-2026-01-23-MAD-BCN,51d9c4cc,8fbe3155,MAD,BCN,420.0,250.58,20,428.74,0,1,0.0
IB822-2026-01-23-MAD-BCN,568e39c9,d6936424,MAD,BCN,429.0,250.58,11,428.74,0,1,0.0
IB822-2026-01-23-MAD-BCN,928defd3,c540f1cb,MAD,BCN,642.0,250.58,8,428.74,0,1,0.0
IB871-2026-01-23-MAD-JFK,e45ae7d5,da8104f6,MAD,JFK,61.0,471.0,14,451.41,1,0,10.0
IB871-2026-01-23-MAD-JFK,e6acd99e,f1b6a037,MAD,JFK,103.0,471.0,163,451.41,1,0,10.0
IB871-2026-01-23-MAD-JFK,d77eb540,d1d6dc6d,MAD,JFK,109.0,471.0,71,451.41,1,0,10.0
IB871-2026-01-23-MAD-JFK,6122d790,e318dbe6,MAD,JFK,155.0,471.0,122,451.41,1,0,10.0
IB871-2026-01-23-MAD-JFK,c8cdf8ff,1fa0db5e,MAD,JFK,171.0,471.0,7,451.41,1,0,10.0
IB871-2026-01-23-MAD-JFK,272c7287,f8a2ea1e,MAD,JFK,195.0,471.0,159,451.41,1,0,10.0
IB871-2026-01-23-MAD-JFK,d76c952c,07733126,MAD,JFK,201.0,471.0,83,451.41,1,0,10.0
IB871-2026-01-23-MAD-JFK,316ddcff,8f3be761,MAD,JFK,623.0,471.0,56,451.41,0,1,0.0
IB871-2026-01-23-MAD-JFK,94948a44,3d5702de,MAD,JFK,769.0,471.0,12,451.41,0,1,0.0
IB871-2026-01-23-MAD-JFK,90ddc0ad,c96fd17d,MAD,JFK,884.0,471.0,7,451.41,0,1,0.0
IB871-2026-01-23-MAD-JFK,cfb313ae,89d850be,MAD,JFK,1170.0,471.0,12,451.41,0,1,0.0
IB871-2026-01-23-MAD-JFK,e3360d8c,c82d4684,MAD,JFK,1211.0,471.0,11,451.41,0,1,0.0
IB896-2026-01-28-MAD-PMI,ec6f4f0d,459d9900,MAD,PMI,109.0,608.92,11,483.26,1,0,10.0
IB896-2026-01-28-MAD-PMI,a6d66d88,a108a27d,MAD,PMI,173.0,608.92,137,483.26,1,0,10.0
IB896-2026-01-28-MAD-PMI,55ab6723,8559536a,MAD,PMI,174.0,608.92,102,483.26,1,0,10.0
IB896-2026-01-28-MAD-PMI,995ef96f,31e77cbb,MAD,PMI,175.0,608.92,10,483.26,1,0,10.0
IB896-2026-01-28-MAD-PMI,cc2cf5cb,085c9f01,MAD,PMI,247.0,608.92,6,483.26,1,0,10.0
IB896-2026-01-28-MAD-PMI,cfa17dcc,302dfe11,MAD,PMI,450.0,608.92,90,483.26,1,0,10.0
IB896-2026-01-28-MAD-PMI,3a8721f0,69b158f6,MAD,PMI,666.0,608.92,78,483.26,0,1,0.0
IB896-2026-01-28-MAD-PMI,31b890a1,ea74c77c,MAD,PMI,912.0,608.92,89,483.26,0,1,0.0
IB896-2026-01-28-MAD-PMI,be33be57,3674d6b3,MAD,PMI,973.0,608.92,162,483.26,0,1,0.0
IB896-2026-01-28-MAD-PMI,d94277af,475a1983,MAD,PMI,1131.0,608.92,7,483.26,0,1,0.0
IB896-2026-01-28-MAD-PMI,0b65b60a,3ec8a80b,MAD,PMI,1141.0,608.92,13,483.26,0,1,0.0
IB896-2026-01-28-MAD-PMI,dd103704,2da32dc0,MAD,PMI,1156.0,608.92,16,483.26,0,1,0.0
IB910-2026-01-23-MAD-DXB,59ca361a,75b12734,MAD,DXB,107.0,353.08,144,416.95,1,0,10.0
IB910-2026-01-23-MAD-DXB,d2c3f458,4bedcf52,MAD,DXB,123.0,353.08,13,416.95,1,0,10.0
IB910-2026-01-23-MAD-DXB,28fad541,dd0d2f44,MAD,DXB,136.0,353.08,16,416.95,1,0,10.0
IB910-2026-01-23-MAD-DXB,a3bdaa4d,d66e361a,MAD,DXB,161.0,353.08,44,416.95,1,0,10.0
IB910-2026-01-23-MAD-DXB,ab39f4aa,8b67e63b,MAD,DXB,166.0,353.08,118,416.95,1,0,10.0
IB910-2026-01-23-MAD-DXB,d8a1412c,fc3ca1f3,MAD,DXB,168.0,353.08,75,416.95,1,0,10.0
IB910-2026-01-23-MAD-DXB,cc08fed7,ec416826,MAD,DXB,196.0,353.08,149,416.95,1,0,10.0
IB910-2026-01-23-MAD-DXB,02abf562,eac9fd77,MAD,DXB,199.0,353.08,11,416.95,1,0,10.0
IB910-2026-01-23-MAD-DXB,e61eadf6,6a29169b,MAD,DXB,269.0,353.08,7,416.95,1,0,10.0
IB910-2026-01-23-MAD-DXB,7471c470,3c49732a,MAD,DXB,599.0,353.08,108,416.95,0,1,0.0
IB910-2026-01-23-MAD-DXB,44c46fbe,9af125d2,MAD,DXB,916.0,353.08,15,416.95,0,1,0.0
IB910-2026-01-23-MAD-DXB,ebf4797d,3ed012a7,MAD,DXB,1197.0,353.08,12,416.95,0,1,0.0
IB924-2026-01-28-MAD-JFK,90cc6e1f,50e8e4b8,MAD,JFK,63.0,459.17,10,451.41,1,0,10.0
IB924-2026-01-28-MAD-JFK,f59e4757,e5896480,MAD,JFK,81.0,459.17,12,451.41,1,0,10.0
IB924-2026-01-28-MAD-JFK,958e6a7f,7243bea1,MAD,JFK,126.0,459.17,10,451.41,1,0,10.0
IB924-2026-01-28-MAD-JFK,4e0cd3f7,458f9beb,MAD,JFK,146.0,459.17,7,451.41,1,0,10.0
IB924-2026-01-28-MAD-JFK,582ea48d,9f51e2b9,MAD,JFK,147.0,459.17,47,451.41,1,0,10.0
IB924-2026-01-28-MAD-JFK,86027dbe,4c3283ea,MAD,JFK,167.0,459.17,89,451.41,1,0,10.0
IB924-2026-01-28-MAD-JFK,d10a2f28,99e36567,MAD,JFK,220.0,459.17,6,451.41,1,0,10.0
IB924-2026-01-28-MAD-JFK,1b04ba58,876e6dd8,MAD,JFK,648.0,459.17,11,451.41,0,1,0.0
IB924-2026-01-28-MAD-JFK,19d908d5,00a59b86,MAD,JFK,781.0,459.17,149,451.41,0,1,0.0
IB924-2026-01-28-MAD-JFK,47130a44,66d852f2,MAD,JFK,935.0,459.17,24,451.41,0,1,0.0
IB924-2026-01-28-MAD-JFK,07cf3811,b1b5be27,MAD,JFK,1036.0,459.17,65,451.41,0,1,0.0
IB924-2026-01-28-MAD-JFK,c6a067b0,9b5fc5c5,MAD,JFK,1160.0,459.17,23,451.41,0,1,0.0
IB943-2026-01-25-MAD-JFK,41380a6c,963f5f40,MAD,JFK,103.0,540.75,114,451.41,1,0,10.0
IB943-2026-01-25-MAD-JFK,5eb163b5,fd11a517,MAD,JFK,104.0,540.75,15,451.41,1,0,10.0
IB943-2026-01-25-MAD-JFK,81e69a0c,fb9fae21,MAD,JFK,107.0,540.75,15,451.41,1,0,10.0
IB943-2026-01-25-MAD-JFK,f6e2d5d5,6341e54f,MAD,JFK,132.0,540.75,9,451.41,1,0,10.0
IB943-2026-01-25-MAD-JFK,392bcc3c,d83c8125,MAD,JFK,150.0,540.75,72,451.41,1,0,10.0
IB943-2026-01-25-MAD-JFK,052e52b8,df564b7f,MAD,JFK,161.0,540.75,10,451.41,1,0,10.0
IB943-2026-01-25-MAD-JFK,279a8133,0922e1f5,MAD,JFK,236.0,540.75,50,451.41,1,0,10.0
IB943-2026-01-25-MAD-JFK,031c4c61,72d34d98,MAD,JFK,936.0,540.75,171,451.41,0,1,0.0
IB943-2026-01-25-MAD-JFK,b83c0ce5,f52b4c90,MAD,JFK,1081.0,540.75,9,451.41,0,1,0.0
IB943-2026-01-25-MAD-JFK,1f953d20,4eec3972,MAD,JFK,1085.0,540.75,92,451.41,0,1,0.0
IB943-2026-01-25-MAD-JFK,c57876aa,b759520e,MAD,JFK,1180.0,540.75,16,451.41,0,1,0.0
IB943-2026-01-25-MAD-JFK,c498f90a,69e185c7,MAD,JFK,1214.0,540.75,105,451.41,0,1,0.0
